Full Name,Weight,Date,Location,Division,Sex,Class,Equipment,Lift,Record Type,Record Name
Standard,70,,,Open,M,52,Bare,B,Single Lift,National
Standard,130,,,Open,M,52,Bare,D,Single Lift,National
Standard,82.5,,,Open,M,56,Bare,B,Single Lift,National
Standard,150,,,Open,M,56,Bare,D,Single Lift,National
Standard,92.5,,,Open,M,60,Bare,B,Single Lift,National
Standard,172.5,,,Open,M,60,Bare,D,Single Lift,National
Standard,115,,,Open,M,67.5,Bare,B,Single Lift,National
Amar Ahmed,215,14/09/2025,International Event,Open,M,67.5,Bare,D,Single Lift,National
Standard,132.5,,,Open,M,75,Bare,B,Single Lift,National
Standard,247.5,,,Open,M,75,Bare,D,Single Lift,National
Michael Bond,192.5,22/03/2026,International,Open,M,82.5,Bare,B,Single Lift,National
Standard,277.5,,,Open,M,82.5,Bare,D,Single Lift,National
Dean Pearson,163.5,16/05/2026,World Cup UK,Open,M,90,Bare,B,Single Lift,National
Standard,292.5,,,Open,M,90,Bare,D,Single Lift,National
John Walsh,190,02/06/2024,Specialist Event,Open,M,100,Bare,B,Single Lift,National
Sonny Barrah,345,01/03/2026,Welwyn Garden City,Open,M,100,Bare,D,Single Lift,National
Zilvinas Peldzious,217.5,04/05/2025,North West,Open,M,110,Bare,B,Single Lift,National
Standard,320,,,Open,M,110,Bare,D,Single Lift,National
Alasdair MacLeod,185,23/11/2025,Welwyn Garden City,Open,M,125,Bare,B,Single Lift,National
Luke Tolman,357.5,30/11/2025,South West,Open,M,125,Bare,D,Single Lift,National
Max Searby,260,18/01/2026,Lincoln,Open,M,140,Bare,B,Single Lift,National
Standard,370,,,Open,M,140,Bare,D,Single Lift,National
Scott Munroe,220,10/05/2026,Lincoln Single Lifts,Open,M,140+,Bare,B,Single Lift,National
Standard,382.5,,,Open,M,140+,Bare,D,Single Lift,National
Standard,90,,,OpenDT,M,52,Bare,B,Single Lift,National
Standard,165,,,OpenDT,M,52,Bare,D,Single Lift,National
Standard,100,,,OpenDT,M,56,Bare,B,Single Lift,National
Standard,185,,,OpenDT,M,56,Bare,D,Single Lift,National
Standard,110,,,OpenDT,M,60,Bare,B,Single Lift,National
Standard,205,,,OpenDT,M,60,Bare,D,Single Lift,National
Standard,127.5,,,OpenDT,M,67.5,Bare,B,Single Lift,National
Standard,237.5,,,OpenDT,M,67.5,Bare,D,Single Lift,National
Tom Humphreys,142.5,18/01/2026,Lincoln,OpenDT,M,75,Bare,B,Single Lift,National
Tom Humphreys,262.5,18/01/2026,Lincoln,OpenDT,M,75,Bare,D,Single Lift,National
Standard,150,,,OpenDT,M,82.5,Bare,B,Single Lift,National
Standard,280,,,OpenDT,M,82.5,Bare,D,Single Lift,National
Standard,155,,,OpenDT,M,90,Bare,B,Single Lift,National
Standard,287.5,,,OpenDT,M,90,Bare,D,Single Lift,National
Samuel Colley,160,10/05/2026,Lincoln Single Lifts,OpenDT,M,100,Bare,B,Single Lift,National
Standard,297.5,,,OpenDT,M,100,Bare,D,Single Lift,National
Adam Pelling-Pharro,175,29/03/2026,South West,OpenDT,M,110,Bare,B,Single Lift,National
Standard,305,,,OpenDT,M,110,Bare,D,Single Lift,National
Sean Hayes,180,22/02/2026,West Midlands,OpenDT,M,125,Bare,B,Single Lift,National
Standard,312.5,,,OpenDT,M,125,Bare,D,Single Lift,National
Standard,172.5,,,OpenDT,M,140,Bare,B,Single Lift,National
Standard,320,,,OpenDT,M,140,Bare,D,Single Lift,National
Chris Gillard,180,06/12/2025,National Championships,OpenDT,M,140+,Bare,B,Single Lift,National
Standard,330,,,OpenDT,M,140+,Bare,D,Single Lift,National
Standard,37.5,,,T14-15,M,52,Bare,B,Single Lift,National
Standard,70,,,T14-15,M,52,Bare,D,Single Lift,National
Standard,45,,,T14-15,M,56,Bare,B,Single Lift,National
Standard,80,,,T14-15,M,56,Bare,D,Single Lift,National
Standard,50,,,T14-15,M,60,Bare,B,Single Lift,National
Standard,92.5,,,T14-15,M,60,Bare,D,Single Lift,National
Standard,60,,,T14-15,M,67.5,Bare,B,Single Lift,National
Standard,112.5,,,T14-15,M,67.5,Bare,D,Single Lift,National
Standard,70,,,T14-15,M,75,Bare,B,Single Lift,National
Standard,130,,,T14-15,M,75,Bare,D,Single Lift,National
Standard,80,,,T14-15,M,82.5,Bare,B,Single Lift,National
Standard,147.5,,,T14-15,M,82.5,Bare,D,Single Lift,National
Standard,82.5,,,T14-15,M,90,Bare,B,Single Lift,National
Standard,155,,,T14-15,M,90,Bare,D,Single Lift,National
Standard,87.5,,,T14-15,M,100,Bare,B,Single Lift,National
Standard,160,,,T14-15,M,100,Bare,D,Single Lift,National
Standard,92.5,,,T14-15,M,110,Bare,B,Single Lift,National
Standard,170,,,T14-15,M,110,Bare,D,Single Lift,National
Standard,97.5,,,T14-15,M,125,Bare,B,Single Lift,National
Standard,177.5,,,T14-15,M,125,Bare,D,Single Lift,National
Standard,105,,,T14-15,M,140,Bare,B,Single Lift,National
Standard,195,,,T14-15,M,140,Bare,D,Single Lift,National
Standard,110,,,T14-15,M,140+,Bare,B,Single Lift,National
Standard,202.5,,,T14-15,M,140+,Bare,D,Single Lift,National
Henlee Knell,80,13/07/2025,East Coast,T14-15DT,M,52,Bare,B,Single Lift,National
Jonah Reynolds Allen,100,27/07/2025,East Midlands,T14-15DT,M,52,Bare,D,Single Lift,National
Standard,55,,,T14-15DT,M,56,Bare,B,Single Lift,National
Standard,100,,,T14-15DT,M,56,Bare,D,Single Lift,National
Standard,60,,,T14-15DT,M,60,Bare,B,Single Lift,National
Standard,110,,,T14-15DT,M,60,Bare,D,Single Lift,National
Bentley Harvey,85,06/12/2025,National Championships,T14-15DT,M,67.5,Bare,B,Single Lift,National
Bentley Harvey,172.5,06/12/2025,National Championships,T14-15DT,M,67.5,Bare,D,Single Lift,National
Bentley Harvey,100.5,10/05/2026,Lincoln Single Lifts,T14-15DT,M,75,Bare,B,Single Lift,National
Bentley Harvey,180,10/05/2026,Lincoln Single Lifts,T14-15DT,M,75,Bare,D,Single Lift,National
Standard,80,,,T14-15DT,M,82.5,Bare,B,Single Lift,National
Standard,150,,,T14-15DT,M,82.5,Bare,D,Single Lift,National
Standard,82.5,,,T14-15DT,M,90,Bare,B,Single Lift,National
Dogu Yildirim,170,10/05/2026,Lincoln Single Lifts,T14-15DT,M,90,Bare,D,Single Lift,National
Standard,85,,,T14-15DT,M,100,Bare,B,Single Lift,National
Standard,157.5,,,T14-15DT,M,100,Bare,D,Single Lift,National
Standard,87.5,,,T14-15DT,M,110,Bare,B,Single Lift,National
Standard,160,,,T14-15DT,M,110,Bare,D,Single Lift,National
Standard,90,,,T14-15DT,M,125,Bare,B,Single Lift,National
Standard,165,,,T14-15DT,M,125,Bare,D,Single Lift,National
Standard,92.5,,,T14-15DT,M,140,Bare,B,Single Lift,National
Standard,170,,,T14-15DT,M,140,Bare,D,Single Lift,National
Standard,95,,,T14-15DT,M,140+,Bare,B,Single Lift,National
Standard,175,,,T14-15DT,M,140+,Bare,D,Single Lift,National
Standard,45,,,T16-17,M,52,Bare,B,Single Lift,National
Standard,82.5,,,T16-17,M,52,Bare,D,Single Lift,National
Standard,52.5,,,T16-17,M,56,Bare,B,Single Lift,National
Standard,95,,,T16-17,M,56,Bare,D,Single Lift,National
Standard,57.5,,,T16-17,M,60,Bare,B,Single Lift,National
Standard,107.5,,,T16-17,M,60,Bare,D,Single Lift,National
Standard,72.5,,,T16-17,M,67.5,Bare,B,Single Lift,National
Standard,132.5,,,T16-17,M,67.5,Bare,D,Single Lift,National
Standard,82.5,,,T16-17,M,75,Bare,B,Single Lift,National
Standard,152.5,,,T16-17,M,75,Bare,D,Single Lift,National
Standard,92.5,,,T16-17,M,82.5,Bare,B,Single Lift,National
Standard,172.5,,,T16-17,M,82.5,Bare,D,Single Lift,National
Standard,97.5,,,T16-17,M,90,Bare,B,Single Lift,National
Standard,182.5,,,T16-17,M,90,Bare,D,Single Lift,National
Standard,102.5,,,T16-17,M,100,Bare,B,Single Lift,National
Standard,190,,,T16-17,M,100,Bare,D,Single Lift,National
Standard,107.5,,,T16-17,M,110,Bare,B,Single Lift,National
Standard,200,,,T16-17,M,110,Bare,D,Single Lift,National
Standard,112.5,,,T16-17,M,125,Bare,B,Single Lift,National
Standard,210,,,T16-17,M,125,Bare,D,Single Lift,National
Standard,122.5,,,T16-17,M,140,Bare,B,Single Lift,National
Standard,230,,,T16-17,M,140,Bare,D,Single Lift,National
Standard,127.5,,,T16-17,M,140+,Bare,B,Single Lift,National
Standard,237.5,,,T16-17,M,140+,Bare,D,Single Lift,National
Standard,55,,,T16-17DT,M,52,Bare,B,Single Lift,National
Standard,102.5,,,T16-17DT,M,52,Bare,D,Single Lift,National
Standard,62.5,,,T16-17DT,M,56,Bare,B,Single Lift,National
Standard,115,,,T16-17DT,M,56,Bare,D,Single Lift,National
Standard,70,,,T16-17DT,M,60,Bare,B,Single Lift,National
Standard,127.5,,,T16-17DT,M,60,Bare,D,Single Lift,National
Ryan Ktorides,92.5,12/01/2025,North East,T16-17DT,M,67.5,Bare,B,Single Lift,National
Standard,147.5,,,T16-17DT,M,67.5,Bare,D,Single Lift,National
Josh Everett,110,06/12/2025,National Championships,T16-17DT,M,75,Bare,B,Single Lift,National
Standard,165,,,T16-17DT,M,75,Bare,D,Single Lift,National
Standard,95,,,T16-17DT,M,82.5,Bare,B,Single Lift,National
Standard,175,,,T16-17DT,M,82.5,Bare,D,Single Lift,National
Standard,97.5,,,T16-17DT,M,90,Bare,B,Single Lift,National
Standard,177.5,,,T16-17DT,M,90,Bare,D,Single Lift,National
Standard,100,,,T16-17DT,M,100,Bare,B,Single Lift,National
Standard,182.5,,,T16-17DT,M,100,Bare,D,Single Lift,National
Standard,102.5,,,T16-17DT,M,110,Bare,B,Single Lift,National
Standard,190,,,T16-17DT,M,110,Bare,D,Single Lift,National
Standard,105,,,T16-17DT,M,125,Bare,B,Single Lift,National
Standard,195,,,T16-17DT,M,125,Bare,D,Single Lift,National
Standard,107.5,,,T16-17DT,M,140,Bare,B,Single Lift,National
Standard,200,,,T16-17DT,M,140,Bare,D,Single Lift,National
Standard,110,,,T16-17DT,M,140+,Bare,B,Single Lift,National
Standard,205,,,T16-17DT,M,140+,Bare,D,Single Lift,National
Standard,52.5,,,T18-19,M,52,Bare,B,Single Lift,National
Standard,95,,,T18-19,M,52,Bare,D,Single Lift,National
Standard,60,,,T18-19,M,56,Bare,B,Single Lift,National
Standard,110,,,T18-19,M,56,Bare,D,Single Lift,National
Standard,67.5,,,T18-19,M,60,Bare,B,Single Lift,National
Standard,127.5,,,T18-19,M,60,Bare,D,Single Lift,National
Standard,82.5,,,T18-19,M,67.5,Bare,B,Single Lift,National
Standard,155,,,T18-19,M,67.5,Bare,D,Single Lift,National
Standard,97.5,,,T18-19,M,75,Bare,B,Single Lift,National
Standard,180,,,T18-19,M,75,Bare,D,Single Lift,National
Standard,110,,,T18-19,M,82.5,Bare,B,Single Lift,National
Gregory Pearson,328,18/01/2026,Lincoln,T18-19,M,82.5,Bare,D,Single Lift,National
Standard,115,,,T18-19,M,90,Bare,B,Single Lift,National
Standard,212.5,,,T18-19,M,90,Bare,D,Single Lift,National
Standard,120,,,T18-19,M,100,Bare,B,Single Lift,National
Standard,222.5,,,T18-19,M,100,Bare,D,Single Lift,National
Standard,125,,,T18-19,M,110,Bare,B,Single Lift,National
Standard,235,,,T18-19,M,110,Bare,D,Single Lift,National
Standard,132.5,,,T18-19,M,125,Bare,B,Single Lift,National
Standard,245,,,T18-19,M,125,Bare,D,Single Lift,National
Standard,145,,,T18-19,M,140,Bare,B,Single Lift,National
Standard,270,,,T18-19,M,140,Bare,D,Single Lift,National
Standard,150,,,T18-19,M,140+,Bare,B,Single Lift,National
Standard,277.5,,,T18-19,M,140+,Bare,D,Single Lift,National
Standard,65,,,T18-19DT,M,52,Bare,B,Single Lift,National
Standard,120,,,T18-19DT,M,52,Bare,D,Single Lift,National
Standard,72.5,,,T18-19DT,M,56,Bare,B,Single Lift,National
Standard,135,,,T18-19DT,M,56,Bare,D,Single Lift,National
Sarunas Barstys,92.5,07/09/2025,Lincoln,T18-19DT,M,60,Bare,B,Single Lift,National
Standard,150,,,T18-19DT,M,60,Bare,D,Single Lift,National
Standard,92.5,,,T18-19DT,M,67.5,Bare,B,Single Lift,National
Standard,172.5,,,T18-19DT,M,67.5,Bare,D,Single Lift,National
Declan Templeton,110,27/04/2025,East Midlands,T18-19DT,M,75,Bare,B,Single Lift,National
Dec Templeton,207.5,27/07/2025,East Midlands,T18-19DT,M,75,Bare,D,Single Lift,National
William Hall,140,05/05/2024,Nottingham,T18-19DT,M,82.5,Bare,B,Single Lift,National
Standard,205,,,T18-19DT,M,82.5,Bare,D,Single Lift,National
Standard,112.5,,,T18-19DT,M,90,Bare,B,Single Lift,National
Standard,210,,,T18-19DT,M,90,Bare,D,Single Lift,National
Standard,115,,,T18-19DT,M,100,Bare,B,Single Lift,National
Standard,215,,,T18-19DT,M,100,Bare,D,Single Lift,National
Standard,120,,,T18-19DT,M,110,Bare,B,Single Lift,National
Standard,222.5,,,T18-19DT,M,110,Bare,D,Single Lift,National
Standard,122.5,,,T18-19DT,M,125,Bare,B,Single Lift,National
Standard,227.5,,,T18-19DT,M,125,Bare,D,Single Lift,National
Standard,125,,,T18-19DT,M,140,Bare,B,Single Lift,National
Standard,235,,,T18-19DT,M,140,Bare,D,Single Lift,National
Standard,130,,,T18-19DT,M,140+,Bare,B,Single Lift,National
Standard,240,,,T18-19DT,M,140+,Bare,D,Single Lift,National
Standard,60,,,Junior,M,52,Bare,B,Single Lift,National
Standard,112.5,,,Junior,M,52,Bare,D,Single Lift,National
Standard,70,,,Junior,M,56,Bare,B,Single Lift,National
Standard,130,,,Junior,M,56,Bare,D,Single Lift,National
Standard,80,,,Junior,M,60,Bare,B,Single Lift,National
Standard,147.5,,,Junior,M,60,Bare,D,Single Lift,National
Standard,97.5,,,Junior,M,67.5,Bare,B,Single Lift,National
Standard,182.5,,,Junior,M,67.5,Bare,D,Single Lift,National
Standard,112.5,,,Junior,M,75,Bare,B,Single Lift,National
Standard,210,,,Junior,M,75,Bare,D,Single Lift,National
Standard,127.5,,,Junior,M,82.5,Bare,B,Single Lift,National
Standard,237.5,,,Junior,M,82.5,Bare,D,Single Lift,National
Callum Moss,180,30/11/2025,South West,Junior,M,90,Bare,B,Single Lift,National
Standard,250,,,Junior,M,90,Bare,D,Single Lift,National
Standard,140,,,Junior,M,100,Bare,B,Single Lift,National
Standard,260,,,Junior,M,100,Bare,D,Single Lift,National
Standard,147.5,,,Junior,M,110,Bare,B,Single Lift,National
Standard,275,,,Junior,M,110,Bare,D,Single Lift,National
Standard,155,,,Junior,M,125,Bare,B,Single Lift,National
Standard,287.5,,,Junior,M,125,Bare,D,Single Lift,National
Standard,170,,,Junior,M,140,Bare,B,Single Lift,National
Standard,315,,,Junior,M,140,Bare,D,Single Lift,National
Standard,175,,,Junior,M,140+,Bare,B,Single Lift,National
Standard,325,,,Junior,M,140+,Bare,D,Single Lift,National
Standard,75,,,JuniorDT,M,52,Bare,B,Single Lift,National
Standard,140,,,JuniorDT,M,52,Bare,D,Single Lift,National
Standard,85,,,JuniorDT,M,56,Bare,B,Single Lift,National
Standard,157.5,,,JuniorDT,M,56,Bare,D,Single Lift,National
Standard,95,,,JuniorDT,M,60,Bare,B,Single Lift,National
Standard,175,,,JuniorDT,M,60,Bare,D,Single Lift,National
Standard,110,,,JuniorDT,M,67.5,Bare,B,Single Lift,National
Standard,202.5,,,JuniorDT,M,67.5,Bare,D,Single Lift,National
Standard,120,,,JuniorDT,M,75,Bare,B,Single Lift,National
Standard,225,,,JuniorDT,M,75,Bare,D,Single Lift,National
Standard,130,,,JuniorDT,M,82.5,Bare,B,Single Lift,National
Standard,240,,,JuniorDT,M,82.5,Bare,D,Single Lift,National
Sonny Towle,152.5,10/05/2026,Lincoln Single Lifts,JuniorDT,M,90,Bare,B,Single Lift,National
Standard,245,,,JuniorDT,M,90,Bare,D,Single Lift,National
Standard,135,,,JuniorDT,M,100,Bare,B,Single Lift,National
Standard,252.5,,,JuniorDT,M,100,Bare,D,Single Lift,National
Standard,140,,,JuniorDT,M,110,Bare,B,Single Lift,National
Standard,260,,,JuniorDT,M,110,Bare,D,Single Lift,National
Standard,142.5,,,JuniorDT,M,125,Bare,B,Single Lift,National
Standard,267.5,,,JuniorDT,M,125,Bare,D,Single Lift,National
Standard,147.5,,,JuniorDT,M,140,Bare,B,Single Lift,National
Standard,275,,,JuniorDT,M,140,Bare,D,Single Lift,National
Standard,150,,,JuniorDT,M,140+,Bare,B,Single Lift,National
Standard,280,,,JuniorDT,M,140+,Bare,D,Single Lift,National
Standard,62.5,,,M40-49,M,52,Bare,B,Single Lift,National
Standard,115,,,M40-49,M,52,Bare,D,Single Lift,National
Standard,72.5,,,M40-49,M,56,Bare,B,Single Lift,National
Standard,132.5,,,M40-49,M,56,Bare,D,Single Lift,National
Standard,82.5,,,M40-49,M,60,Bare,B,Single Lift,National
Standard,152.5,,,M40-49,M,60,Bare,D,Single Lift,National
Standard,100,,,M40-49,M,67.5,Bare,B,Single Lift,National
Standard,187.5,,,M40-49,M,67.5,Bare,D,Single Lift,National
Jason Pearson,125,07/09/2025,Lincoln,M40-49,M,75,Bare,B,Single Lift,National
Standard,217.5,,,M40-49,M,75,Bare,D,Single Lift,National
Standard,132.5,,,M40-49,M,82.5,Bare,B,Single Lift,National
Standard,245,,,M40-49,M,82.5,Bare,D,Single Lift,National
Gavin Thomas,187.5,24/05/2026,Raw Strength Open II,M40-49,M,90,Bare,B,Single Lift,National
Standard,257.5,,,M40-49,M,90,Bare,D,Single Lift,National
Steven Dale,181,16/05/2026,World Cup UK,M40-49,M,100,Bare,B,Single Lift,National
Steven Dale,280,18/01/2026,Lincoln,M40-49,M,100,Bare,D,Single Lift,National
Steven Dale,185,26/10/2025,International Event,M40-49,M,110,Bare,B,Single Lift,National
Steven Dale,285,05/12/2025,National Championships,M40-49,M,110,Bare,D,Single Lift,National
William Mcneil,195.5,08/02/2026,Peterborough,M40-49,M,125,Bare,B,Single Lift,National
Standard,295,,,M40-49,M,125,Bare,D,Single Lift,National
Standard,175,,,M40-49,M,140,Bare,B,Single Lift,National
Standard,325,,,M40-49,M,140,Bare,D,Single Lift,National
Standard,180,,,M40-49,M,140+,Bare,B,Single Lift,National
Standard,335,,,M40-49,M,140+,Bare,D,Single Lift,National
Standard,55,,,M50-59,M,52,Bare,B,Single Lift,National
Standard,102.5,,,M50-59,M,52,Bare,D,Single Lift,National
Standard,62.5,,,M50-59,M,56,Bare,B,Single Lift,National
Standard,115,,,M50-59,M,56,Bare,D,Single Lift,National
Standard,72.5,,,M50-59,M,60,Bare,B,Single Lift,National
Standard,132.5,,,M50-59,M,60,Bare,D,Single Lift,National
Standard,87.5,,,M50-59,M,67.5,Bare,B,Single Lift,National
Standard,165,,,M50-59,M,67.5,Bare,D,Single Lift,National
Standard,102.5,,,M50-59,M,75,Bare,B,Single Lift,National
Standard,190,,,M50-59,M,75,Bare,D,Single Lift,National
Standard,115,,,M50-59,M,82.5,Bare,B,Single Lift,National
Standard,215,,,M50-59,M,82.5,Bare,D,Single Lift,National
Standard,120,,,M50-59,M,90,Bare,B,Single Lift,National
Standard,225,,,M50-59,M,90,Bare,D,Single Lift,National
Standard,125,,,M50-59,M,100,Bare,B,Single Lift,National
Les Attewell,300,07/09/2025,Lincoln,M50-59,M,100,Bare,D,Single Lift,National
Piotr Strzala,192.5,05/12/2025,National Championships,M50-59,M,110,Bare,B,Single Lift,National
Standard,245,,,M50-59,M,110,Bare,D,Single Lift,National
Simon French,180,10/05/2026,Lincoln Single Lifts,M50-59,M,125,Bare,B,Single Lift,National
Standard,260,,,M50-59,M,125,Bare,D,Single Lift,National
Standard,152.5,,,M50-59,M,140,Bare,B,Single Lift,National
Standard,285,,,M50-59,M,140,Bare,D,Single Lift,National
Standard,157.5,,,M50-59,M,140+,Bare,B,Single Lift,National
Standard,295,,,M50-59,M,140+,Bare,D,Single Lift,National
Standard,47.5,,,M60-69,M,52,Bare,B,Single Lift,National
Standard,90,,,M60-69,M,52,Bare,D,Single Lift,National
Standard,55,,,M60-69,M,56,Bare,B,Single Lift,National
Standard,102.5,,,M60-69,M,56,Bare,D,Single Lift,National
Standard,62.5,,,M60-69,M,60,Bare,B,Single Lift,National
Standard,117.5,,,M60-69,M,60,Bare,D,Single Lift,National
Standard,77.5,,,M60-69,M,67.5,Bare,B,Single Lift,National
Standard,145,,,M60-69,M,67.5,Bare,D,Single Lift,National
Standard,90,,,M60-69,M,75,Bare,B,Single Lift,National
Standard,167.5,,,M60-69,M,75,Bare,D,Single Lift,National
Standard,102.5,,,M60-69,M,82.5,Bare,B,Single Lift,National
Kevin Payne,212.5,11/05/2025,Nottingham,M60-69,M,82.5,Bare,D,Single Lift,National
Mike Eve,112.5,10/05/2026,Lincoln Single Lifts,M60-69,M,90,Bare,B,Single Lift,National
Standard,197.5,,,M60-69,M,90,Bare,D,Single Lift,National
Standard,110,,,M60-69,M,100,Bare,B,Single Lift,National
Standard,205,,,M60-69,M,100,Bare,D,Single Lift,National
Standard,117.5,,,M60-69,M,110,Bare,B,Single Lift,National
Standard,217.5,,,M60-69,M,110,Bare,D,Single Lift,National
Standard,122.5,,,M60-69,M,125,Bare,B,Single Lift,National
Standard,227.5,,,M60-69,M,125,Bare,D,Single Lift,National
Standard,135,,,M60-69,M,140,Bare,B,Single Lift,National
Standard,250,,,M60-69,M,140,Bare,D,Single Lift,National
Standard,140,,,M60-69,M,140+,Bare,B,Single Lift,National
Standard,257.5,,,M60-69,M,140+,Bare,D,Single Lift,National
Standard,77.5,,,M40-49DT,M,52,Bare,B,Single Lift,National
Standard,145,,,M40-49DT,M,52,Bare,D,Single Lift,National
Standard,87.5,,,M40-49DT,M,56,Bare,B,Single Lift,National
Standard,162.5,,,M40-49DT,M,56,Bare,D,Single Lift,National
Standard,97.5,,,M40-49DT,M,60,Bare,B,Single Lift,National
Standard,180,,,M40-49DT,M,60,Bare,D,Single Lift,National
Standard,112.5,,,M40-49DT,M,67.5,Bare,B,Single Lift,National
Standard,207.5,,,M40-49DT,M,67.5,Bare,D,Single Lift,National
Standard,125,,,M40-49DT,M,75,Bare,B,Single Lift,National
Standard,230,,,M40-49DT,M,75,Bare,D,Single Lift,National
Standard,132.5,,,M40-49DT,M,82.5,Bare,B,Single Lift,National
Standard,245,,,M40-49DT,M,82.5,Bare,D,Single Lift,National
Standard,135,,,M40-49DT,M,90,Bare,B,Single Lift,National
Standard,252.5,,,M40-49DT,M,90,Bare,D,Single Lift,National
Jacek Szast,150,10/05/2026,Lincoln Single Lifts,M40-49DT,M,100,Bare,B,Single Lift,National
Jacek Szast,260.5,10/05/2026,Lincoln Single Lifts,M40-49DT,M,100,Bare,D,Single Lift,National
Sergej Naumenko,160,08/02/2026,Peterborough,M40-49DT,M,110,Bare,B,Single Lift,National
Standard,267.5,,,M40-49DT,M,110,Bare,D,Single Lift,National
Sergej Naumenko,165,06/12/2025,National Championships,M40-49DT,M,125,Bare,B,Single Lift,National
Standard,275,,,M40-49DT,M,125,Bare,D,Single Lift,National
Standard,152.5,,,M40-49DT,M,140,Bare,B,Single Lift,National
Standard,280,,,M40-49DT,M,140,Bare,D,Single Lift,National
Standard,155,,,M40-49DT,M,140+,Bare,B,Single Lift,National
Standard,287.5,,,M40-49DT,M,140+,Bare,D,Single Lift,National
Standard,70,,,M50-59DT,M,52,Bare,B,Single Lift,National
Standard,127.5,,,M50-59DT,M,52,Bare,D,Single Lift,National
Standard,77.5,,,M50-59DT,M,56,Bare,B,Single Lift,National
Standard,142.5,,,M50-59DT,M,56,Bare,D,Single Lift,National
Standard,85,,,M50-59DT,M,60,Bare,B,Single Lift,National
Standard,160,,,M50-59DT,M,60,Bare,D,Single Lift,National
Standard,97.5,,,M50-59DT,M,67.5,Bare,B,Single Lift,National
Michael Parkinson,183,07/09/2025,Lincoln,M50-59DT,M,67.5,Bare,D,Single Lift,National
Standard,110,,,M50-59DT,M,75,Bare,B,Single Lift,National
Standard,202.5,,,M50-59DT,M,75,Bare,D,Single Lift,National
Neil Jones,135,27/07/2025,East Midlands,M50-59DT,M,82.5,Bare,B,Single Lift,National
Standard,215,,,M50-59DT,M,82.5,Bare,D,Single Lift,National
Standard,120,,,M50-59DT,M,90,Bare,B,Single Lift,National
Standard,222.5,,,M50-59DT,M,90,Bare,D,Single Lift,National
John MacDonald,145.5,16/05/2026,World Cup UK,M50-59DT,M,100,Bare,B,Single Lift,National
Sean McCarthy,252.5,10/05/2026,Lincoln Single Lifts,M50-59DT,M,100,Bare,D,Single Lift,National
Standard,125,,,M50-59DT,M,110,Bare,B,Single Lift,National
Standard,235,,,M50-59DT,M,110,Bare,D,Single Lift,National
Standard,130,,,M50-59DT,M,125,Bare,B,Single Lift,National
Standard,240,,,M50-59DT,M,125,Bare,D,Single Lift,National
Standard,132.5,,,M50-59DT,M,140,Bare,B,Single Lift,National
Standard,245,,,M50-59DT,M,140,Bare,D,Single Lift,National
Standard,135,,,M50-59DT,M,140+,Bare,B,Single Lift,National
Standard,252.5,,,M50-59DT,M,140+,Bare,D,Single Lift,National
Standard,60,,,M60-69DT,M,52,Bare,B,Single Lift,National
Standard,112.5,,,M60-69DT,M,52,Bare,D,Single Lift,National
Standard,67.5,,,M60-69DT,M,56,Bare,B,Single Lift,National
Standard,127.5,,,M60-69DT,M,56,Bare,D,Single Lift,National
Standard,75,,,M60-69DT,M,60,Bare,B,Single Lift,National
Standard,140,,,M60-69DT,M,60,Bare,D,Single Lift,National
Standard,87.5,,,M60-69DT,M,67.5,Bare,B,Single Lift,National
Standard,160,,,M60-69DT,M,67.5,Bare,D,Single Lift,National
Standard,95,,,M60-69DT,M,75,Bare,B,Single Lift,National
Standard,177.5,,,M60-69DT,M,75,Bare,D,Single Lift,National
Michael San Agustin,125,29/03/2026,South West,M60-69DT,M,82.5,Bare,B,Single Lift,National
Roy Birkinhead,190,23/11/2025,Welwyn Garden City,M60-69DT,M,82.5,Bare,D,Single Lift,National
Standard,105,,,M60-69DT,M,90,Bare,B,Single Lift,National
Standard,195,,,M60-69DT,M,90,Bare,D,Single Lift,National
Standard,130,,,M60-69DT,M,100,Bare,B,Single Lift,National
Standard,200,,,M60-69DT,M,100,Bare,D,Single Lift,National
Marc Giles,157.5,28/09/2025,South Midlands,M60-69DT,M,110,Bare,B,Single Lift,National
Standard,205,,,M60-69DT,M,110,Bare,D,Single Lift,National
Standard,112.5,,,M60-69DT,M,125,Bare,B,Single Lift,National
Standard,210,,,M60-69DT,M,125,Bare,D,Single Lift,National
Standard,117.5,,,M60-69DT,M,140,Bare,B,Single Lift,National
Standard,217.5,,,M60-69DT,M,140,Bare,D,Single Lift,National
Standard,120,,,M60-69DT,M,140+,Bare,B,Single Lift,National
Standard,222.5,,,M60-69DT,M,140+,Bare,D,Single Lift,National
Kestutis Olbikas,105,27/07/2025,East Midlands,M40-49-Para,M,90,Bare,B,Single Lift,National
Standard,45,,,M70-79,M,52,Bare,B,Single Lift,National
Standard,82.5,,,M70-79,M,52,Bare,D,Single Lift,National
Standard,50,,,M70-79,M,56,Bare,B,Single Lift,National
Standard,92.5,,,M70-79,M,56,Bare,D,Single Lift,National
Standard,57.5,,,M70-79,M,60,Bare,B,Single Lift,National
Standard,107.5,,,M70-79,M,60,Bare,D,Single Lift,National
Standard,70,,,M70-79,M,67.5,Bare,B,Single Lift,National
Standard,132.5,,,M70-79,M,67.5,Bare,D,Single Lift,National
Standard,82.5,,,M70-79,M,75,Bare,B,Single Lift,National
Standard,152.5,,,M70-79,M,75,Bare,D,Single Lift,National
Standard,92.5,,,M70-79,M,82.5,Bare,B,Single Lift,National
Standard,192.5,,,M70-79,M,82.5,Bare,D,Single Lift,National
Standard,100,,,M70-79,M,90,Bare,B,Single Lift,National
Standard,180,,,M70-79,M,90,Bare,D,Single Lift,National
Standard,100,,,M70-79,M,100,Bare,B,Single Lift,National
Standard,185,,,M70-79,M,100,Bare,D,Single Lift,National
Standard,107.5,,,M70-79,M,110,Bare,B,Single Lift,National
Standard,197.5,,,M70-79,M,110,Bare,D,Single Lift,National
Standard,112.5,,,M70-79,M,125,Bare,B,Single Lift,National
Standard,205,,,M70-79,M,125,Bare,D,Single Lift,National
Standard,122.5,,,M70-79,M,140,Bare,B,Single Lift,National
Standard,225,,,M70-79,M,140,Bare,D,Single Lift,National
Standard,127.5,,,M70-79,M,140+,Bare,B,Single Lift,National
Standard,232.5,,,M70-79,M,140+,Bare,D,Single Lift,National
Standard,55,,,M70-79DT,M,52,Bare,B,Single Lift,National
Standard,102.5,,,M70-79DT,M,52,Bare,D,Single Lift,National
Standard,62.5,,,M70-79DT,M,56,Bare,B,Single Lift,National
Standard,115,,,M70-79DT,M,56,Bare,D,Single Lift,National
Standard,67.5,,,M70-79DT,M,60,Bare,B,Single Lift,National
Ted Byrne,180,10/05/2026,Lincoln Single Lifts,M70-79DT,M,60,Bare,D,Single Lift,National
Standard,80,,,M70-79DT,M,67.5,Bare,B,Single Lift,National
Standard,145,,,M70-79DT,M,67.5,Bare,D,Single Lift,National
Standard,87.5,,,M70-79DT,M,75,Bare,B,Single Lift,National
Standard,160,,,M70-79DT,M,75,Bare,D,Single Lift,National
Standard,92.5,,,M70-79DT,M,82.5,Bare,B,Single Lift,National
Standard,172.5,,,M70-79DT,M,82.5,Bare,D,Single Lift,National
Standard,95,,,M70-79DT,M,90,Bare,B,Single Lift,National
Standard,177.5,,,M70-79DT,M,90,Bare,D,Single Lift,National
Standard,117.5,,,M70-79DT,M,100,Bare,B,Single Lift,National
Standard,180,,,M70-79DT,M,100,Bare,D,Single Lift,National
Standard,142.5,,,M70-79DT,M,110,Bare,B,Single Lift,National
Standard,185,,,M70-79DT,M,110,Bare,D,Single Lift,National
Standard,102.5,,,M70-79DT,M,125,Bare,B,Single Lift,National
Standard,190,,,M70-79DT,M,125,Bare,D,Single Lift,National
Standard,107.5,,,M70-79DT,M,140,Bare,B,Single Lift,National
Standard,197.5,,,M70-79DT,M,140,Bare,D,Single Lift,National
Standard,110,,,M70-79DT,M,140+,Bare,B,Single Lift,National
Standard,202.5,,,M70-79DT,M,140+,Bare,D,Single Lift,National
Standard,45,,,Open,F,44,Bare,B,Single Lift,National
Standard,90,,,Open,F,44,Bare,D,Single Lift,National
Standard,55,,,Open,F,48,Bare,B,Single Lift,National
Standard,110,,,Open,F,48,Bare,D,Single Lift,National
Standard,55,,,Open,F,52,Bare,B,Single Lift,National
Standard,115,,,Open,F,52,Bare,D,Single Lift,National
Standard,62.5,,,Open,F,56,Bare,B,Single Lift,National
Standard,127.5,,,Open,F,56,Bare,D,Single Lift,National
Standard,67.5,,,Open,F,60,Bare,B,Single Lift,National
Standard,137.5,,,Open,F,60,Bare,D,Single Lift,National
Briony Duerden,76,09/03/2025,East Coast,Open,F,67.5,Bare,B,Single Lift,National
Briony Duerden,165,09/03/2025,East Coast,Open,F,67.5,Bare,D,Single Lift,National
Standard,77.5,,,Open,F,75,Bare,B,Single Lift,National
Standard,160,,,Open,F,75,Bare,D,Single Lift,National
Standard,82.5,,,Open,F,82.5,Bare,B,Single Lift,National
Katie Holding,190,23/11/2025,International Event,Open,F,82.5,Bare,D,Single Lift,National
Standard,90,,,Open,F,90,Bare,B,Single Lift,National
Standard,182.5,,,Open,F,90,Bare,D,Single Lift,National
Standard,92.5,,,Open,F,100,Bare,B,Single Lift,National
Standard,190,,,Open,F,100,Bare,D,Single Lift,National
Standard,97.5,,,Open,F,110,Bare,B,Single Lift,National
Standard,200,,,Open,F,110,Bare,D,Single Lift,National
Standard,102.5,,,Open,F,110+,Bare,B,Single Lift,National
Standard,210,,,Open,F,110+,Bare,D,Single Lift,National
Standard,45,,,OpenDT,F,44,Bare,B,Single Lift,National
Standard,92.5,,,OpenDT,F,44,Bare,D,Single Lift,National
Standard,55,,,OpenDT,F,48,Bare,B,Single Lift,National
Standard,112.5,,,OpenDT,F,48,Bare,D,Single Lift,National
Standard,55,,,OpenDT,F,52,Bare,B,Single Lift,National
Standard,117.5,,,OpenDT,F,52,Bare,D,Single Lift,National
Standard,62.5,,,OpenDT,F,56,Bare,B,Single Lift,National
Standard,130,,,OpenDT,F,56,Bare,D,Single Lift,National
Standard,67.5,,,OpenDT,F,60,Bare,B,Single Lift,National
Sarah Ellis,145,02/11/2024,Specialist Event,OpenDT,F,60,Bare,D,Single Lift,National
Alice Swain,75,30/11/2025,South West,OpenDT,F,67.5,Bare,B,Single Lift,National
Mya Webb,168,10/05/2026,Lincoln Single Lifts,OpenDT,F,67.5,Bare,D,Single Lift,National
Standard,77.5,,,OpenDT,F,75,Bare,B,Single Lift,National
Standard,165,,,OpenDT,F,75,Bare,D,Single Lift,National
Standard,82.5,,,OpenDT,F,82.5,Bare,B,Single Lift,National
Standard,175,,,OpenDT,F,82.5,Bare,D,Single Lift,National
Standard,90,,,OpenDT,F,90,Bare,B,Single Lift,National
Standard,185,,,OpenDT,F,90,Bare,D,Single Lift,National
Standard,92.5,,,OpenDT,F,100,Bare,B,Single Lift,National
Standard,195,,,OpenDT,F,100,Bare,D,Single Lift,National
Standard,95,,,OpenDT,F,110,Bare,B,Single Lift,National
Standard,197.5,,,OpenDT,F,110,Bare,D,Single Lift,National
Standard,97.5,,,OpenDT,F,110+,Bare,B,Single Lift,National
Standard,202.5,,,OpenDT,F,110+,Bare,D,Single Lift,National
Standard,27.5,,,T14-15,F,44,Bare,B,Single Lift,National
Standard,57.5,,,T14-15,F,44,Bare,D,Single Lift,National
Standard,35,,,T14-15,F,48,Bare,B,Single Lift,National
Standard,70,,,T14-15,F,48,Bare,D,Single Lift,National
Standard,35,,,T14-15,F,52,Bare,B,Single Lift,National
Standard,70,,,T14-15,F,52,Bare,D,Single Lift,National
Standard,40,,,T14-15,F,56,Bare,B,Single Lift,National
Standard,80,,,T14-15,F,56,Bare,D,Single Lift,National
Standard,42.5,,,T14-15,F,60,Bare,B,Single Lift,National
Standard,87.5,,,T14-15,F,60,Bare,D,Single Lift,National
Standard,47.5,,,T14-15,F,67.5,Bare,B,Single Lift,National
Standard,95,,,T14-15,F,67.5,Bare,D,Single Lift,National
Standard,50,,,T14-15,F,75,Bare,B,Single Lift,National
Standard,100,,,T14-15,F,75,Bare,D,Single Lift,National
Standard,52.5,,,T14-15,F,82.5,Bare,B,Single Lift,National
Standard,105,,,T14-15,F,82.5,Bare,D,Single Lift,National
Standard,55,,,T14-15,F,90,Bare,B,Single Lift,National
Standard,112.5,,,T14-15,F,90,Bare,D,Single Lift,National
Standard,57.5,,,T14-15,F,100,Bare,B,Single Lift,National
Standard,117.5,,,T14-15,F,100,Bare,D,Single Lift,National
Standard,62.5,,,T14-15,F,110,Bare,B,Single Lift,National
Standard,125,,,T14-15,F,110,Bare,D,Single Lift,National
Standard,67.5,,,T14-15,F,110+,Bare,B,Single Lift,National
Standard,132.5,,,T14-15,F,110+,Bare,D,Single Lift,National
Standard,25,,,T14-15DT,F,44,Bare,B,Single Lift,National
Standard,50,,,T14-15DT,F,44,Bare,D,Single Lift,National
Standard,30,,,T14-15DT,F,48,Bare,B,Single Lift,National
Standard,60,,,T14-15DT,F,48,Bare,D,Single Lift,National
Standard,47.5,,,T14-15DT,F,52,Bare,B,Single Lift,National
Standard,95,,,T14-15DT,F,52,Bare,D,Single Lift,National
Standard,32.5,,,T14-15DT,F,56,Bare,B,Single Lift,National
Poppy Cheshire,105,07/12/2025,National Championships,T14-15DT,F,56,Bare,D,Single Lift,National
Standard,37.5,,,T14-15DT,F,60,Bare,B,Single Lift,National
Poppy Cheshire,92.5,07/09/2025,Lincoln,T14-15DT,F,60,Bare,D,Single Lift,National
Standard,40,,,T14-15DT,F,67.5,Bare,B,Single Lift,National
Standard,85,,,T14-15DT,F,67.5,Bare,D,Single Lift,National
Standard,42.5,,,T14-15DT,F,75,Bare,B,Single Lift,National
Standard,87.5,,,T14-15DT,F,75,Bare,D,Single Lift,National
Standard,45,,,T14-15DT,F,82.5,Bare,B,Single Lift,National
Standard,92.5,,,T14-15DT,F,82.5,Bare,D,Single Lift,National
Standard,47.5,,,T14-15DT,F,90,Bare,B,Single Lift,National
Standard,100,,,T14-15DT,F,90,Bare,D,Single Lift,National
Standard,50,,,T14-15DT,F,100,Bare,B,Single Lift,National
Standard,102.5,,,T14-15DT,F,100,Bare,D,Single Lift,National
Standard,50,,,T14-15DT,F,110,Bare,B,Single Lift,National
Standard,105,,,T14-15DT,F,110,Bare,D,Single Lift,National
Standard,52.5,,,T14-15DT,F,110+,Bare,B,Single Lift,National
Standard,107.5,,,T14-15DT,F,110+,Bare,D,Single Lift,National
Standard,27.5,,,T16-17,F,44,Bare,B,Single Lift,National
Standard,57.5,,,T16-17,F,44,Bare,D,Single Lift,National
Standard,35,,,T16-17,F,48,Bare,B,Single Lift,National
Standard,70,,,T16-17,F,48,Bare,D,Single Lift,National
Standard,35,,,T16-17,F,52,Bare,B,Single Lift,National
Standard,70,,,T16-17,F,52,Bare,D,Single Lift,National
Standard,40,,,T16-17,F,56,Bare,B,Single Lift,National
Standard,80,,,T16-17,F,56,Bare,D,Single Lift,National
Standard,42.5,,,T16-17,F,60,Bare,B,Single Lift,National
Standard,87.5,,,T16-17,F,60,Bare,D,Single Lift,National
Standard,47.5,,,T16-17,F,67.5,Bare,B,Single Lift,National
Standard,95,,,T16-17,F,67.5,Bare,D,Single Lift,National
Standard,50,,,T16-17,F,75,Bare,B,Single Lift,National
Standard,100,,,T16-17,F,75,Bare,D,Single Lift,National
Standard,52.5,,,T16-17,F,82.5,Bare,B,Single Lift,National
Standard,105,,,T16-17,F,82.5,Bare,D,Single Lift,National
Standard,55,,,T16-17,F,90,Bare,B,Single Lift,National
Standard,112.5,,,T16-17,F,90,Bare,D,Single Lift,National
Standard,57.5,,,T16-17,F,100,Bare,B,Single Lift,National
Standard,117.5,,,T16-17,F,100,Bare,D,Single Lift,National
Standard,62.5,,,T16-17,F,110,Bare,B,Single Lift,National
Standard,125,,,T16-17,F,110,Bare,D,Single Lift,National
Standard,67.5,,,T16-17,F,110+,Bare,B,Single Lift,National
Standard,132.5,,,T16-17,F,110+,Bare,D,Single Lift,National
Standard,27.5,,,T16-17DT,F,44,Bare,B,Single Lift,National
Standard,57.5,,,T16-17DT,F,44,Bare,D,Single Lift,National
Standard,35,,,T16-17DT,F,48,Bare,B,Single Lift,National
Standard,72.5,,,T16-17DT,F,48,Bare,D,Single Lift,National
Standard,35,,,T16-17DT,F,52,Bare,B,Single Lift,National
Standard,72.5,,,T16-17DT,F,52,Bare,D,Single Lift,National
Standard,40,,,T16-17DT,F,56,Bare,B,Single Lift,National
Standard,80,,,T16-17DT,F,56,Bare,D,Single Lift,National
Standard,42.5,,,T16-17DT,F,60,Bare,B,Single Lift,National
Standard,87.5,,,T16-17DT,F,60,Bare,D,Single Lift,National
Standard,47.5,,,T16-17DT,F,67.5,Bare,B,Single Lift,National
Standard,97.5,,,T16-17DT,F,67.5,Bare,D,Single Lift,National
Standard,50,,,T16-17DT,F,75,Bare,B,Single Lift,National
Standard,102.5,,,T16-17DT,F,75,Bare,D,Single Lift,National
Standard,52.5,,,T16-17DT,F,82.5,Bare,B,Single Lift,National
Standard,107.5,,,T16-17DT,F,82.5,Bare,D,Single Lift,National
Standard,55,,,T16-17DT,F,90,Bare,B,Single Lift,National
Standard,115,,,T16-17DT,F,90,Bare,D,Single Lift,National
Standard,57.5,,,T16-17DT,F,100,Bare,B,Single Lift,National
Standard,120,,,T16-17DT,F,100,Bare,D,Single Lift,National
Standard,60,,,T16-17DT,F,110,Bare,B,Single Lift,National
Standard,122.5,,,T16-17DT,F,110,Bare,D,Single Lift,National
Standard,60,,,T16-17DT,F,110+,Bare,B,Single Lift,National
Standard,125,,,T16-17DT,F,110+,Bare,D,Single Lift,National
Standard,32.5,,,T18-19,F,44,Bare,B,Single Lift,National
Standard,65,,,T18-19,F,44,Bare,D,Single Lift,National
Standard,40,,,T18-19,F,48,Bare,B,Single Lift,National
Standard,80,,,T18-19,F,48,Bare,D,Single Lift,National
Standard,40,,,T18-19,F,52,Bare,B,Single Lift,National
Standard,82.5,,,T18-19,F,52,Bare,D,Single Lift,National
Standard,45,,,T18-19,F,56,Bare,B,Single Lift,National
Standard,92.5,,,T18-19,F,56,Bare,D,Single Lift,National
Standard,50,,,T18-19,F,60,Bare,B,Single Lift,National
Standard,100,,,T18-19,F,60,Bare,D,Single Lift,National
Standard,55,,,T18-19,F,67.5,Bare,B,Single Lift,National
Standard,112.5,,,T18-19,F,67.5,Bare,D,Single Lift,National
Standard,57.5,,,T18-19,F,75,Bare,B,Single Lift,National
Standard,117.5,,,T18-19,F,75,Bare,D,Single Lift,National
Standard,60,,,T18-19,F,82.5,Bare,B,Single Lift,National
Standard,125,,,T18-19,F,82.5,Bare,D,Single Lift,National
Standard,65,,,T18-19,F,90,Bare,B,Single Lift,National
Standard,132.5,,,T18-19,F,90,Bare,D,Single Lift,National
Standard,67.5,,,T18-19,F,100,Bare,B,Single Lift,National
Standard,137.5,,,T18-19,F,100,Bare,D,Single Lift,National
Standard,72.5,,,T18-19,F,110,Bare,B,Single Lift,National
Standard,145,,,T18-19,F,110,Bare,D,Single Lift,National
Standard,77.5,,,T18-19,F,110+,Bare,B,Single Lift,National
Standard,152.5,,,T18-19,F,110+,Bare,D,Single Lift,National
Standard,32.5,,,T18-19DT,F,44,Bare,B,Single Lift,National
Standard,67.5,,,T18-19DT,F,44,Bare,D,Single Lift,National
Standard,40,,,T18-19DT,F,48,Bare,B,Single Lift,National
Standard,82.5,,,T18-19DT,F,48,Bare,D,Single Lift,National
Standard,40,,,T18-19DT,F,52,Bare,B,Single Lift,National
Standard,85,,,T18-19DT,F,52,Bare,D,Single Lift,National
Standard,45,,,T18-19DT,F,56,Bare,B,Single Lift,National
Standard,95,,,T18-19DT,F,56,Bare,D,Single Lift,National
Standard,50,,,T18-19DT,F,60,Bare,B,Single Lift,National
Standard,102.5,,,T18-19DT,F,60,Bare,D,Single Lift,National
Standard,55,,,T18-19DT,F,67.5,Bare,B,Single Lift,National
Standard,115,,,T18-19DT,F,67.5,Bare,D,Single Lift,National
Standard,57.5,,,T18-19DT,F,75,Bare,B,Single Lift,National
Standard,120,,,T18-19DT,F,75,Bare,D,Single Lift,National
Standard,60,,,T18-19DT,F,82.5,Bare,B,Single Lift,National
Standard,127.5,,,T18-19DT,F,82.5,Bare,D,Single Lift,National
Standard,65,,,T18-19DT,F,90,Bare,B,Single Lift,National
Standard,135,,,T18-19DT,F,90,Bare,D,Single Lift,National
Standard,67.5,,,T18-19DT,F,100,Bare,B,Single Lift,National
Standard,142.5,,,T18-19DT,F,100,Bare,D,Single Lift,National
Standard,70,,,T18-19DT,F,110,Bare,B,Single Lift,National
Standard,145,,,T18-19DT,F,110,Bare,D,Single Lift,National
Standard,70,,,T18-19DT,F,110+,Bare,B,Single Lift,National
Standard,147.5,,,T18-19DT,F,110+,Bare,D,Single Lift,National
Standard,37.5,,,Junior,F,44,Bare,B,Single Lift,National
Standard,77.5,,,Junior,F,44,Bare,D,Single Lift,National
Standard,47.5,,,Junior,F,48,Bare,B,Single Lift,National
Standard,95,,,Junior,F,48,Bare,D,Single Lift,National
Standard,47.5,,,Junior,F,52,Bare,B,Single Lift,National
Standard,97.5,,,Junior,F,52,Bare,D,Single Lift,National
Standard,52.5,,,Junior,F,56,Bare,B,Single Lift,National
Standard,107.5,,,Junior,F,56,Bare,D,Single Lift,National
Standard,57.5,,,Junior,F,60,Bare,B,Single Lift,National
Standard,117.5,,,Junior,F,60,Bare,D,Single Lift,National
Standard,65,,,Junior,F,67.5,Bare,B,Single Lift,National
Standard,132.5,,,Junior,F,67.5,Bare,D,Single Lift,National
Standard,67.5,,,Junior,F,75,Bare,B,Single Lift,National
Standard,137.5,,,Junior,F,75,Bare,D,Single Lift,National
Standard,72.5,,,Junior,F,82.5,Bare,B,Single Lift,National
Standard,145,,,Junior,F,82.5,Bare,D,Single Lift,National
Standard,75,,,Junior,F,90,Bare,B,Single Lift,National
Standard,155,,,Junior,F,90,Bare,D,Single Lift,National
Standard,80,,,Junior,F,100,Bare,B,Single Lift,National
Standard,162.5,,,Junior,F,100,Bare,D,Single Lift,National
Standard,85,,,Junior,F,110,Bare,B,Single Lift,National
Standard,172.5,,,Junior,F,110,Bare,D,Single Lift,National
Standard,90,,,Junior,F,110+,Bare,B,Single Lift,National
Standard,182.5,,,Junior,F,110+,Bare,D,Single Lift,National
Standard,37.5,,,JuniorDT,F,44,Bare,B,Single Lift,National
Standard,80,,,JuniorDT,F,44,Bare,D,Single Lift,National
Standard,47.5,,,JuniorDT,F,48,Bare,B,Single Lift,National
Standard,97.5,,,JuniorDT,F,48,Bare,D,Single Lift,National
Standard,47.5,,,JuniorDT,F,52,Bare,B,Single Lift,National
Standard,100,,,JuniorDT,F,52,Bare,D,Single Lift,National
Standard,52.5,,,JuniorDT,F,56,Bare,B,Single Lift,National
Standard,110,,,JuniorDT,F,56,Bare,D,Single Lift,National
Standard,57.5,,,JuniorDT,F,60,Bare,B,Single Lift,National
Standard,120,,,JuniorDT,F,60,Bare,D,Single Lift,National
Standard,65,,,JuniorDT,F,67.5,Bare,B,Single Lift,National
Standard,135,,,JuniorDT,F,67.5,Bare,D,Single Lift,National
Standard,67.5,,,JuniorDT,F,75,Bare,B,Single Lift,National
Standard,140,,,JuniorDT,F,75,Bare,D,Single Lift,National
Standard,72.5,,,JuniorDT,F,82.5,Bare,B,Single Lift,National
Standard,150,,,JuniorDT,F,82.5,Bare,D,Single Lift,National
Standard,75,,,JuniorDT,F,90,Bare,B,Single Lift,National
Standard,157.5,,,JuniorDT,F,90,Bare,D,Single Lift,National
Standard,80,,,JuniorDT,F,100,Bare,B,Single Lift,National
Standard,165,,,JuniorDT,F,100,Bare,D,Single Lift,National
Freya Parks,90,08/02/2026,Peterborough,JuniorDT,F,110,Bare,B,Single Lift,National
Standard,170,,,JuniorDT,F,110,Bare,D,Single Lift,National
Standard,82.5,,,JuniorDT,F,110+,Bare,B,Single Lift,National
Standard,172.5,,,JuniorDT,F,110+,Bare,D,Single Lift,National
Standard,40,,,M40-49,F,44,Bare,B,Single Lift,National
Standard,80,,,M40-49,F,44,Bare,D,Single Lift,National
Standard,47.5,,,M40-49,F,48,Bare,B,Single Lift,National
Standard,97.5,,,M40-49,F,48,Bare,D,Single Lift,National
Standard,50,,,M40-49,F,52,Bare,B,Single Lift,National
Standard,100,,,M40-49,F,52,Bare,D,Single Lift,National
Standard,55,,,M40-49,F,56,Bare,B,Single Lift,National
Standard,110,,,M40-49,F,56,Bare,D,Single Lift,National
Standard,60,,,M40-49,F,60,Bare,B,Single Lift,National
Standard,122.5,,,M40-49,F,60,Bare,D,Single Lift,National
Standard,67.5,,,M40-49,F,67.5,Bare,B,Single Lift,National
Standard,135,,,M40-49,F,67.5,Bare,D,Single Lift,National
Standard,70,,,M40-49,F,75,Bare,B,Single Lift,National
Standard,140,,,M40-49,F,75,Bare,D,Single Lift,National
Standard,72.5,,,M40-49,F,82.5,Bare,B,Single Lift,National
Standard,150,,,M40-49,F,82.5,Bare,D,Single Lift,National
Standard,77.5,,,M40-49,F,90,Bare,B,Single Lift,National
Standard,160,,,M40-49,F,90,Bare,D,Single Lift,National
Standard,82.5,,,M40-49,F,100,Bare,B,Single Lift,National
Standard,167.5,,,M40-49,F,100,Bare,D,Single Lift,National
Standard,87.5,,,M40-49,F,110,Bare,B,Single Lift,National
Standard,177.5,,,M40-49,F,110,Bare,D,Single Lift,National
Standard,92.5,,,M40-49,F,110+,Bare,B,Single Lift,National
Standard,187.5,,,M40-49,F,110+,Bare,D,Single Lift,National
Standard,35,,,M50-59,F,44,Bare,B,Single Lift,National
Standard,70,,,M50-59,F,44,Bare,D,Single Lift,National
Standard,42.5,,,M50-59,F,48,Bare,B,Single Lift,National
Standard,87.5,,,M50-59,F,48,Bare,D,Single Lift,National
Standard,42.5,,,M50-59,F,52,Bare,B,Single Lift,National
Standard,87.5,,,M50-59,F,52,Bare,D,Single Lift,National
Standard,47.5,,,M50-59,F,56,Bare,B,Single Lift,National
Standard,97.5,,,M50-59,F,56,Bare,D,Single Lift,National
Standard,52.5,,,M50-59,F,60,Bare,B,Single Lift,National
Standard,107.5,,,M50-59,F,60,Bare,D,Single Lift,National
Standard,57.5,,,M50-59,F,67.5,Bare,B,Single Lift,National
Standard,120,,,M50-59,F,67.5,Bare,D,Single Lift,National
Standard,60,,,M50-59,F,75,Bare,B,Single Lift,National
Standard,122.5,,,M50-59,F,75,Bare,D,Single Lift,National
Standard,65,,,M50-59,F,82.5,Bare,B,Single Lift,National
Standard,132.5,,,M50-59,F,82.5,Bare,D,Single Lift,National
Standard,67.5,,,M50-59,F,90,Bare,B,Single Lift,National
Standard,140,,,M50-59,F,90,Bare,D,Single Lift,National
Standard,72.5,,,M50-59,F,100,Bare,B,Single Lift,National
Standard,145,,,M50-59,F,100,Bare,D,Single Lift,National
Standard,77.5,,,M50-59,F,110,Bare,B,Single Lift,National
Standard,152.5,,,M50-59,F,110,Bare,D,Single Lift,National
Standard,82.5,,,M50-59,F,110+,Bare,B,Single Lift,National
Standard,162.5,,,M50-59,F,110+,Bare,D,Single Lift,National
Standard,30,,,M60-69,F,44,Bare,B,Single Lift,National
Standard,62.5,,,M60-69,F,44,Bare,D,Single Lift,National
Standard,37.5,,,M60-69,F,48,Bare,B,Single Lift,National
Standard,75,,,M60-69,F,48,Bare,D,Single Lift,National
Standard,37.5,,,M60-69,F,52,Bare,B,Single Lift,National
Standard,77.5,,,M60-69,F,52,Bare,D,Single Lift,National
Standard,42.5,,,M60-69,F,56,Bare,B,Single Lift,National
Standard,87.5,,,M60-69,F,56,Bare,D,Single Lift,National
Standard,47.5,,,M60-69,F,60,Bare,B,Single Lift,National
Standard,95,,,M60-69,F,60,Bare,D,Single Lift,National
Standard,52.5,,,M60-69,F,67.5,Bare,B,Single Lift,National
Standard,105,,,M60-69,F,67.5,Bare,D,Single Lift,National
Standard,52.5,,,M60-69,F,75,Bare,B,Single Lift,National
Standard,110,,,M60-69,F,75,Bare,D,Single Lift,National
Standard,57.5,,,M60-69,F,82.5,Bare,B,Single Lift,National
Standard,115,,,M60-69,F,82.5,Bare,D,Single Lift,National
Standard,60,,,M60-69,F,90,Bare,B,Single Lift,National
Standard,122.5,,,M60-69,F,90,Bare,D,Single Lift,National
Mary Cannon,60,04/05/2025,North West,M60-69,F,100,Bare,B,Single Lift,National
Standard,127.5,,,M60-69,F,100,Bare,D,Single Lift,National
Standard,67.5,,,M60-69,F,110,Bare,B,Single Lift,National
Standard,135,,,M60-69,F,110,Bare,D,Single Lift,National
Standard,72.5,,,M60-69,F,110+,Bare,B,Single Lift,National
Standard,142.5,,,M60-69,F,110+,Bare,D,Single Lift,National
Standard,40,,,M40-49DT,F,44,Bare,B,Single Lift,National
Standard,82.5,,,M40-49DT,F,44,Bare,D,Single Lift,National
Standard,47.5,,,M40-49DT,F,48,Bare,B,Single Lift,National
Standard,100,,,M40-49DT,F,48,Bare,D,Single Lift,National
Nadezda Kotyakina,51,08/02/2026,Peterborough,M40-49DT,F,52,Bare,B,Single Lift,National
Standard,102.5,,,M40-49DT,F,52,Bare,D,Single Lift,National
Standard,55,,,M40-49DT,F,56,Bare,B,Single Lift,National
Standard,112.5,,,M40-49DT,F,56,Bare,D,Single Lift,National
Standard,60,,,M40-49DT,F,60,Bare,B,Single Lift,National
Rachel Ives,130,16/02/2025,Nottingham,M40-49DT,F,60,Bare,D,Single Lift,National
Standard,67.5,,,M40-49DT,F,67.5,Bare,B,Single Lift,National
Lindsay McGuire,140.5,03/08/2025,Welwyn Garden City,M40-49DT,F,67.5,Bare,D,Single Lift,National
Standard,70,,,M40-49DT,F,75,Bare,B,Single Lift,National
Standard,145,,,M40-49DT,F,75,Bare,D,Single Lift,National
Kelly Farrer,80,10/05/2026,Lincoln Single Lifts,M40-49DT,F,82.5,Bare,B,Single Lift,National
Kelly Farrer,152.5,10/05/2026,Lincoln Single Lifts,M40-49DT,F,82.5,Bare,D,Single Lift,National
Orla Mahon,90,27/07/2025,East Midlands,M40-49DT,F,90,Bare,B,Single Lift,National
Standard,162.5,,,M40-49DT,F,90,Bare,D,Single Lift,National
Standard,82.5,,,M40-49DT,F,100,Bare,B,Single Lift,National
Standard,170,,,M40-49DT,F,100,Bare,D,Single Lift,National
Standard,82.5,,,M40-49DT,F,110,Bare,B,Single Lift,National
Standard,175,,,M40-49DT,F,110,Bare,D,Single Lift,National
Standard,85,,,M40-49DT,F,110+,Bare,B,Single Lift,National
Standard,177.5,,,M40-49DT,F,110+,Bare,D,Single Lift,National
Standard,35,,,M50-59DT,F,44,Bare,B,Single Lift,National
Standard,72.5,,,M50-59DT,F,44,Bare,D,Single Lift,National
Standard,42.5,,,M50-59DT,F,48,Bare,B,Single Lift,National
Standard,87.5,,,M50-59DT,F,48,Bare,D,Single Lift,National
Standard,42.5,,,M50-59DT,F,52,Bare,B,Single Lift,National
Standard,90,,,M50-59DT,F,52,Bare,D,Single Lift,National
Standard,47.5,,,M50-59DT,F,56,Bare,B,Single Lift,National
Standard,100,,,M50-59DT,F,56,Bare,D,Single Lift,National
Standard,52.5,,,M50-59DT,F,60,Bare,B,Single Lift,National
Standard,110,,,M50-59DT,F,60,Bare,D,Single Lift,National
Standard,57.5,,,M50-59DT,F,67.5,Bare,B,Single Lift,National
Sandy Pandya,155,07/09/2025,Lincoln,M50-59DT,F,67.5,Bare,D,Single Lift,National
Standard,60,,,M50-59DT,F,75,Bare,B,Single Lift,National
Standard,125,,,M50-59DT,F,75,Bare,D,Single Lift,National
Standard,65,,,M50-59DT,F,82.5,Bare,B,Single Lift,National
Standard,135,,,M50-59DT,F,82.5,Bare,D,Single Lift,National
Standard,67.5,,,M50-59DT,F,90,Bare,B,Single Lift,National
Nicola Maycock,152.5,07/09/2025,Lincoln,M50-59DT,F,90,Bare,D,Single Lift,National
Standard,72.5,,,M50-59DT,F,100,Bare,B,Single Lift,National
Standard,150,,,M50-59DT,F,100,Bare,D,Single Lift,National
Standard,72.5,,,M50-59DT,F,110,Bare,B,Single Lift,National
Jo Lovell,153,07/12/2025,National Championships,M50-59DT,F,110,Bare,D,Single Lift,National
Standard,75,,,M50-59DT,F,110+,Bare,B,Single Lift,National
Standard,155,,,M50-59DT,F,110+,Bare,D,Single Lift,National
Standard,30,,,M60-69DT,F,44,Bare,B,Single Lift,National
Standard,65,,,M60-69DT,F,44,Bare,D,Single Lift,National
Standard,37.5,,,M60-69DT,F,48,Bare,B,Single Lift,National
Standard,77.5,,,M60-69DT,F,48,Bare,D,Single Lift,National
Standard,37.5,,,M60-69DT,F,52,Bare,B,Single Lift,National
Standard,80,,,M60-69DT,F,52,Bare,D,Single Lift,National
Standard,42.5,,,M60-69DT,F,56,Bare,B,Single Lift,National
Standard,87.5,,,M60-69DT,F,56,Bare,D,Single Lift,National
Sharon Graham,57.5,17/08/2025,North West,M60-69DT,F,60,Bare,B,Single Lift,National
Sharon Graham,145,17/08/2025,North West,M60-69DT,F,60,Bare,D,Single Lift,National
Standard,52.5,,,M60-69DT,F,67.5,Bare,B,Single Lift,National
Julie Garner,107.5,07/12/2025,National Championships,M60-69DT,F,67.5,Bare,D,Single Lift,National
Michelle Franklin,60,15/02/2026,Nottingham,M60-69DT,F,75,Bare,B,Single Lift,National
Michelle Franklin,125,15/02/2026,Nottingham,M60-69DT,F,75,Bare,D,Single Lift,National
Sue Giles,57.5,07/12/2025,National Championships,M60-69DT,F,82.5,Bare,B,Single Lift,National
Standard,120,,,M60-69DT,F,82.5,Bare,D,Single Lift,National
Standard,60,,,M60-69DT,F,90,Bare,B,Single Lift,National
Standard,125,,,M60-69DT,F,90,Bare,D,Single Lift,National
Mary Cannon,62.5,27/04/2025,East Midlands,M60-69DT,F,100,Bare,B,Single Lift,National
Standard,132.5,,,M60-69DT,F,100,Bare,D,Single Lift,National
Standard,65,,,M60-69DT,F,110,Bare,B,Single Lift,National
Standard,135,,,M60-69DT,F,110,Bare,D,Single Lift,National
Standard,65,,,M60-69DT,F,110+,Bare,B,Single Lift,National
Standard,137.5,,,M60-69DT,F,110+,Bare,D,Single Lift,National
Standard,27.5,,,M70-79,F,44,Bare,B,Single Lift,National
Standard,57.5,,,M70-79,F,44,Bare,D,Single Lift,National
Standard,35,,,M70-79,F,48,Bare,B,Single Lift,National
Standard,67.5,,,M70-79,F,48,Bare,D,Single Lift,National
Standard,35,,,M70-79,F,52,Bare,B,Single Lift,National
Standard,70,,,M70-79,F,52,Bare,D,Single Lift,National
Standard,40,,,M70-79,F,56,Bare,B,Single Lift,National
Standard,80,,,M70-79,F,56,Bare,D,Single Lift,National
Standard,45,,,M70-79,F,60,Bare,B,Single Lift,National
Standard,87.5,,,M70-79,F,60,Bare,D,Single Lift,National
Standard,47.5,,,M70-79,F,67.5,Bare,B,Single Lift,National
Standard,95,,,M70-79,F,67.5,Bare,D,Single Lift,National
Standard,47.5,,,M70-79,F,75,Bare,B,Single Lift,National
Standard,100,,,M70-79,F,75,Bare,D,Single Lift,National
Standard,52.5,,,M70-79,F,82.5,Bare,B,Single Lift,National
Standard,105,,,M70-79,F,82.5,Bare,D,Single Lift,National
Standard,55,,,M70-79,F,90,Bare,B,Single Lift,National
Standard,112.5,,,M70-79,F,90,Bare,D,Single Lift,National
Standard,55,,,M70-79,F,100,Bare,B,Single Lift,National
Standard,115,,,M70-79,F,100,Bare,D,Single Lift,National
Standard,62.5,,,M70-79,F,110,Bare,B,Single Lift,National
Standard,122.5,,,M70-79,F,110,Bare,D,Single Lift,National
Standard,67.5,,,M70-79,F,110+,Bare,B,Single Lift,National
Standard,130,,,M70-79,F,110+,Bare,D,Single Lift,National
Standard,27.5,,,M70-79DT,F,44,Bare,B,Single Lift,National
Standard,60,,,M70-79DT,F,44,Bare,D,Single Lift,National
Standard,35,,,M70-79DT,F,48,Bare,B,Single Lift,National
Standard,70,,,M70-79DT,F,48,Bare,D,Single Lift,National
Standard,35,,,M70-79DT,F,52,Bare,B,Single Lift,National
Standard,72.5,,,M70-79DT,F,52,Bare,D,Single Lift,National
Standard,40,,,M70-79DT,F,56,Bare,B,Single Lift,National
Standard,80,,,M70-79DT,F,56,Bare,D,Single Lift,National
Standard,52.5,,,M70-79DT,F,60,Bare,B,Single Lift,National
Standard,132.5,,,M70-79DT,F,60,Bare,D,Single Lift,National
Standard,47.5,,,M70-79DT,F,67.5,Bare,B,Single Lift,National
Standard,97.5,,,M70-79DT,F,67.5,Bare,D,Single Lift,National
Standard,47.5,,,M70-79DT,F,75,Bare,B,Single Lift,National
Standard,102.5,,,M70-79DT,F,75,Bare,D,Single Lift,National
Sue Giles,52.5,,,M70-79DT,F,82.5,Bare,B,Single Lift,National
Standard,110,,,M70-79DT,F,82.5,Bare,D,Single Lift,National
Standard,55,,,M70-79DT,F,90,Bare,B,Single Lift,National
Standard,112.5,,,M70-79DT,F,90,Bare,D,Single Lift,National
Standard,57.5,,,M70-79DT,F,100,Bare,B,Single Lift,National
Standard,120,,,M70-79DT,F,100,Bare,D,Single Lift,National
Standard,60,,,M70-79DT,F,110,Bare,B,Single Lift,National
Standard,122.5,,,M70-79DT,F,110,Bare,D,Single Lift,National
Standard,60,,,M70-79DT,F,110+,Bare,B,Single Lift,National
Standard,125,,,M70-79DT,F,110+,Bare,D,Single Lift,National
Standard,125,,,Open,M,52,Sleeves,S,Full Power,National
Standard,70,,,Open,M,52,Sleeves,B,Full Power,National
Standard,130,,,Open,M,52,Sleeves,D,Full Power,National
Standard,315,,,Open,M,52,Sleeves,Total,Full Power,National
Standard,142.5,,,Open,M,56,Sleeves,S,Full Power,National
Standard,82.5,,,Open,M,56,Sleeves,B,Full Power,National
Standard,150,,,Open,M,56,Sleeves,D,Full Power,National
Standard,365,,,Open,M,56,Sleeves,Total,Full Power,National
Standard,165,,,Open,M,60,Sleeves,S,Full Power,National
Standard,92.5,,,Open,M,60,Sleeves,B,Full Power,National
Standard,172.5,,,Open,M,60,Sleeves,D,Full Power,National
Standard,420,,,Open,M,60,Sleeves,Total,Full Power,National
Standard,202.5,,,Open,M,67.5,Sleeves,S,Full Power,National
Standard,115,,,Open,M,67.5,Sleeves,B,Full Power,National
Standard,212.5,,,Open,M,67.5,Sleeves,D,Full Power,National
Standard,515,,,Open,M,67.5,Sleeves,Total,Full Power,National
Standard,235,,,Open,M,75,Sleeves,S,Full Power,National
Ben Towning,162.5,05/12/2025,National Championships,Open,M,75,Sleeves,B,Full Power,National
Ben Towning,248,05/12/2025,National Championships,Open,M,75,Sleeves,D,Full Power,National
Ben Towning,640.5,05/12/2025,National Championships,Open,M,75,Sleeves,Total,Full Power,National
Gregory Pearson,287.5,02/11/2025,Nottingham,Open,M,82.5,Sleeves,S,Full Power,National
Gregory Pearson,185,02/11/2025,Nottingham,Open,M,82.5,Sleeves,B,Full Power,National
Gregory Pearson,322,02/11/2025,Nottingham,Open,M,82.5,Sleeves,D,Full Power,National
Gregory Pearson,794.5,02/11/2025,Nottingham,Open,M,82.5,Sleeves,Total,Full Power,National
Matthew Jackson,280,13/09/2025,International Event,Open,M,90,Sleeves,S,Full Power,National
Matthew Jackson,190,08/12/2024,Nottingham,Open,M,90,Sleeves,B,Full Power,National
Standard,292.5,,,Open,M,90,Sleeves,D,Full Power,National
Matthew Jackson,760,08/12/2024,Nottingham,Open,M,90,Sleeves,Total,Full Power,National
Sonny Barrah,318,05/12/2025,National Championships,Open,M,100,Sleeves,S,Full Power,National
Sonny Barrah,210,05/12/2025,National Championships,Open,M,100,Sleeves,B,Full Power,National
Sonny Barrah,345,05/12/2025,National Championships,Open,M,100,Sleeves,D,Full Power,National
Sonny Barrah,873,05/12/2025,National Championships,Open,M,100,Sleeves,Total,Full Power,National
Jamie Sneddon,335,02/11/2025,Nottingham,Open,M,110,Sleeves,S,Full Power,National
Jamie Sneddon,217.5,04/05/2025,North West,Open,M,110,Sleeves,B,Full Power,National
Jamie Sneddon,335,02/11/2025,Nottingham,Open,M,110,Sleeves,D,Full Power,National
Jamie Sneddon,887.5,02/11/2025,Nottingham,Open,M,110,Sleeves,Total,Full Power,National
Luke Tolman,365,22/03/2026,International,Open,M,125,Sleeves,S,Full Power,National
Luke Tolman,277.5,02/11/2025,Nottingham,Open,M,125,Sleeves,B,Full Power,National
Luke Tolman,369,02/11/2025,Nottingham,Open,M,125,Sleeves,D,Full Power,National
Luke Tolman,1001.5,02/11/2025,Nottingham,Open,M,125,Sleeves,Total,Full Power,National
Standard,330,,,Open,M,140,Sleeves,S,Full Power,National
Robin Morley,200,02/11/2025,Nottingham,Open,M,140,Sleeves,B,Full Power,National
Standard,370,,,Open,M,140,Sleeves,D,Full Power,National
Standard,900,,,Open,M,140,Sleeves,Total,Full Power,National
Mason Mills,405,04/05/2025,North West,Open,M,140+,Sleeves,S,Full Power,National
Scott Saward,215,02/11/2025,Nottingham,Open,M,140+,Sleeves,B,Full Power,National
Standard,382.5,,,Open,M,140+,Sleeves,D,Full Power,National
Mason Mills,960,04/05/2025,North West,Open,M,140+,Sleeves,Total,Full Power,National
Standard,157.5,,,OpenDT,M,52,Sleeves,S,Full Power,National
Standard,90,,,OpenDT,M,52,Sleeves,B,Full Power,National
Standard,165,,,OpenDT,M,52,Sleeves,D,Full Power,National
Standard,400,,,OpenDT,M,52,Sleeves,Total,Full Power,National
Standard,177.5,,,OpenDT,M,56,Sleeves,S,Full Power,National
Standard,100,,,OpenDT,M,56,Sleeves,B,Full Power,National
Standard,185,,,OpenDT,M,56,Sleeves,D,Full Power,National
Standard,450,,,OpenDT,M,56,Sleeves,Total,Full Power,National
Standard,195,,,OpenDT,M,60,Sleeves,S,Full Power,National
Standard,110,,,OpenDT,M,60,Sleeves,B,Full Power,National
Standard,205,,,OpenDT,M,60,Sleeves,D,Full Power,National
Standard,500,,,OpenDT,M,60,Sleeves,Total,Full Power,National
Standard,225,,,OpenDT,M,67.5,Sleeves,S,Full Power,National
Standard,127.5,,,OpenDT,M,67.5,Sleeves,B,Full Power,National
Standard,237.5,,,OpenDT,M,67.5,Sleeves,D,Full Power,National
Standard,575,,,OpenDT,M,67.5,Sleeves,Total,Full Power,National
Standard,250,,,OpenDT,M,75,Sleeves,S,Full Power,National
Tom Humphreys,147.5,02/11/2025,Nottingham,OpenDT,M,75,Sleeves,B,Full Power,National
AJ Mangoba,275,01/03/2026,Welwyn Garden City,OpenDT,M,75,Sleeves,D,Full Power,National
Standard,640,,,OpenDT,M,75,Sleeves,Total,Full Power,National
Carn Wharmby,270,06/12/2025,National Championships,OpenDT,M,82.5,Sleeves,S,Full Power,National
Ryan King,167.5,03/08/2025,Welwyn Garden City,OpenDT,M,82.5,Sleeves,B,Full Power,National
Carn Wharmby,310,06/12/2025,National Championships,OpenDT,M,82.5,Sleeves,D,Full Power,National
Carn Wharmby,700,06/12/2025,National Championships,OpenDT,M,82.5,Sleeves,Total,Full Power,National
Standard,275,,,OpenDT,M,90,Sleeves,S,Full Power,National
Jake Cummings,180,02/11/2025,Nottingham,OpenDT,M,90,Sleeves,B,Full Power,National
Jake Cummings,305,02/11/2025,Nottingham,OpenDT,M,90,Sleeves,D,Full Power,National
Jake Cummings,745,02/11/2025,Nottingham,OpenDT,M,90,Sleeves,Total,Full Power,National
Standard,282.5,,,OpenDT,M,100,Sleeves,S,Full Power,National
Zac Wareing,177.5,04/05/2025,North West,OpenDT,M,100,Sleeves,B,Full Power,National
Zac Wareing,330,04/05/2025,North West,OpenDT,M,100,Sleeves,D,Full Power,National
Zac Wareing,765,02/11/2025,Nottingham,OpenDT,M,100,Sleeves,Total,Full Power,National
Callum Goddard,312.5,02/11/2025,Nottingham,OpenDT,M,110,Sleeves,S,Full Power,National
Stephen Manuel,192.5,04/05/2025,North West,OpenDT,M,110,Sleeves,B,Full Power,National
Jamie Jonathan Foord,350,02/11/2025,Nottingham,OpenDT,M,110,Sleeves,D,Full Power,National
Jamie Jonathan Foord,832.5,02/11/2025,Nottingham,OpenDT,M,110,Sleeves,Total,Full Power,National
Lukas Jusko,320,02/11/2025,Nottingham,OpenDT,M,125,Sleeves,S,Full Power,National
Levi Hartshorne,202.5,16/05/2026,World Cup UK,OpenDT,M,125,Sleeves,B,Full Power,National
Levi Hartshorne,330,06/12/2025,National Championships,OpenDT,M,125,Sleeves,D,Full Power,National
Levi Hartshorne,830,16/05/2026,World Cup UK,OpenDT,M,125,Sleeves,Total,Full Power,National
Standard,305,,,OpenDT,M,140,Sleeves,S,Full Power,National
Standard,172.5,,,OpenDT,M,140,Sleeves,B,Full Power,National
Standard,320,,,OpenDT,M,140,Sleeves,D,Full Power,National
Standard,780,,,OpenDT,M,140,Sleeves,Total,Full Power,National
Standard,312.5,,,OpenDT,M,140+,Sleeves,S,Full Power,National
Edward Diaper,180,29/03/2026,South West,OpenDT,M,140+,Sleeves,B,Full Power,National
Standard,330,,,OpenDT,M,140+,Sleeves,D,Full Power,National
Standard,800,,,OpenDT,M,140+,Sleeves,Total,Full Power,National
Standard,67.5,,,T14-15,M,52,Sleeves,S,Full Power,National
Standard,37.5,,,T14-15,M,52,Sleeves,B,Full Power,National
Standard,70,,,T14-15,M,52,Sleeves,D,Full Power,National
Standard,170,,,T14-15,M,52,Sleeves,Total,Full Power,National
Standard,77.5,,,T14-15,M,56,Sleeves,S,Full Power,National
Standard,45,,,T14-15,M,56,Sleeves,B,Full Power,National
Standard,80,,,T14-15,M,56,Sleeves,D,Full Power,National
Standard,195,,,T14-15,M,56,Sleeves,Total,Full Power,National
Standard,87.5,,,T14-15,M,60,Sleeves,S,Full Power,National
Standard,50,,,T14-15,M,60,Sleeves,B,Full Power,National
Standard,92.5,,,T14-15,M,60,Sleeves,D,Full Power,National
Standard,222.5,,,T14-15,M,60,Sleeves,Total,Full Power,National
Standard,107.5,,,T14-15,M,67.5,Sleeves,S,Full Power,National
Standard,60,,,T14-15,M,67.5,Sleeves,B,Full Power,National
Standard,112.5,,,T14-15,M,67.5,Sleeves,D,Full Power,National
Standard,272.5,,,T14-15,M,67.5,Sleeves,Total,Full Power,National
Standard,125,,,T14-15,M,75,Sleeves,S,Full Power,National
Standard,70,,,T14-15,M,75,Sleeves,B,Full Power,National
Standard,130,,,T14-15,M,75,Sleeves,D,Full Power,National
Standard,315,,,T14-15,M,75,Sleeves,Total,Full Power,National
Standard,140,,,T14-15,M,82.5,Sleeves,S,Full Power,National
Standard,80,,,T14-15,M,82.5,Sleeves,B,Full Power,National
Standard,147.5,,,T14-15,M,82.5,Sleeves,D,Full Power,National
Standard,355,,,T14-15,M,82.5,Sleeves,Total,Full Power,National
Standard,147.5,,,T14-15,M,90,Sleeves,S,Full Power,National
Standard,82.5,,,T14-15,M,90,Sleeves,B,Full Power,National
Standard,155,,,T14-15,M,90,Sleeves,D,Full Power,National
Standard,375,,,T14-15,M,90,Sleeves,Total,Full Power,National
Standard,152.5,,,T14-15,M,100,Sleeves,S,Full Power,National
Standard,87.5,,,T14-15,M,100,Sleeves,B,Full Power,National
Standard,160,,,T14-15,M,100,Sleeves,D,Full Power,National
Standard,390,,,T14-15,M,100,Sleeves,Total,Full Power,National
Standard,222.5,,,T14-15,M,110,Sleeves,S,Full Power,National
Standard,125,,,T14-15,M,110,Sleeves,B,Full Power,National
Standard,235,,,T14-15,M,110,Sleeves,D,Full Power,National
Standard,567.5,,,T14-15,M,110,Sleeves,Total,Full Power,National
Standard,170,,,T14-15,M,125,Sleeves,S,Full Power,National
Standard,97.5,,,T14-15,M,125,Sleeves,B,Full Power,National
Standard,177.5,,,T14-15,M,125,Sleeves,D,Full Power,National
Standard,432.5,,,T14-15,M,125,Sleeves,Total,Full Power,National
Standard,185,,,T14-15,M,140,Sleeves,S,Full Power,National
Standard,105,,,T14-15,M,140,Sleeves,B,Full Power,National
Standard,195,,,T14-15,M,140,Sleeves,D,Full Power,National
Standard,472.5,,,T14-15,M,140,Sleeves,Total,Full Power,National
Standard,192.5,,,T14-15,M,140+,Sleeves,S,Full Power,National
Standard,110,,,T14-15,M,140+,Sleeves,B,Full Power,National
Standard,202.5,,,T14-15,M,140+,Sleeves,D,Full Power,National
Standard,490,,,T14-15,M,140+,Sleeves,Total,Full Power,National
Standard,85,,,T14-15DT,M,52,Sleeves,S,Full Power,National
Standard,50,,,T14-15DT,M,52,Sleeves,B,Full Power,National
Standard,87.5,,,T14-15DT,M,52,Sleeves,D,Full Power,National
Standard,212.5,,,T14-15DT,M,52,Sleeves,Total,Full Power,National
Standard,95,,,T14-15DT,M,56,Sleeves,S,Full Power,National
Standard,55,,,T14-15DT,M,56,Sleeves,B,Full Power,National
Standard,100,,,T14-15DT,M,56,Sleeves,D,Full Power,National
Standard,240,,,T14-15DT,M,56,Sleeves,Total,Full Power,National
Standard,105,,,T14-15DT,M,60,Sleeves,S,Full Power,National
Standard,60,,,T14-15DT,M,60,Sleeves,B,Full Power,National
Standard,110,,,T14-15DT,M,60,Sleeves,D,Full Power,National
Standard,265,,,T14-15DT,M,60,Sleeves,Total,Full Power,National
Standard,120,,,T14-15DT,M,67.5,Sleeves,S,Full Power,National
Standard,70,,,T14-15DT,M,67.5,Sleeves,B,Full Power,National
Standard,125,,,T14-15DT,M,67.5,Sleeves,D,Full Power,National
Standard,302.5,,,T14-15DT,M,67.5,Sleeves,Total,Full Power,National
Standard,125,,,T14-15DT,M,75,Sleeves,S,Full Power,National
Standard,72.5,,,T14-15DT,M,75,Sleeves,B,Full Power,National
Ben Templeton,135,27/07/2025,East Midlands,T14-15DT,M,75,Sleeves,D,Full Power,National
Standard,315,,,T14-15DT,M,75,Sleeves,Total,Full Power,National
Standard,130,,,T14-15DT,M,82.5,Sleeves,S,Full Power,National
Standard,75,,,T14-15DT,M,82.5,Sleeves,B,Full Power,National
Standard,137.5,,,T14-15DT,M,82.5,Sleeves,D,Full Power,National
Standard,332.5,,,T14-15DT,M,82.5,Sleeves,Total,Full Power,National
Sasha Sutton,200,22/02/2026,West Midlands,T14-15DT,M,90,Sleeves,S,Full Power,National
Sasha Sutton,130,22/02/2026,South West,T14-15DT,M,90,Sleeves,B,Full Power,National
Sasha Sutton,200,18/07/1900,West Midlands,T14-15DT,M,90,Sleeves,D,Full Power,National
Sasha Sutton,530,22/02/2026,West Midlands,T14-15DT,M,90,Sleeves,Total,Full Power,National
Standard,150,,,T14-15DT,M,100,Sleeves,S,Full Power,National
Standard,87.5,,,T14-15DT,M,100,Sleeves,B,Full Power,National
Standard,157.5,,,T14-15DT,M,100,Sleeves,D,Full Power,National
Standard,380,,,T14-15DT,M,100,Sleeves,Total,Full Power,National
Standard,152.5,,,T14-15DT,M,110,Sleeves,S,Full Power,National
Standard,90,,,T14-15DT,M,110,Sleeves,B,Full Power,National
Standard,160,,,T14-15DT,M,110,Sleeves,D,Full Power,National
Standard,390,,,T14-15DT,M,110,Sleeves,Total,Full Power,National
Standard,157.5,,,T14-15DT,M,125,Sleeves,S,Full Power,National
Standard,90,,,T14-15DT,M,125,Sleeves,B,Full Power,National
Standard,165,,,T14-15DT,M,125,Sleeves,D,Full Power,National
Standard,400,,,T14-15DT,M,125,Sleeves,Total,Full Power,National
Standard,162.5,,,T14-15DT,M,140,Sleeves,S,Full Power,National
Standard,95,,,T14-15DT,M,140,Sleeves,B,Full Power,National
Standard,170,,,T14-15DT,M,140,Sleeves,D,Full Power,National
Standard,412.5,,,T14-15DT,M,140,Sleeves,Total,Full Power,National
Standard,165,,,T14-15DT,M,140+,Sleeves,S,Full Power,National
Standard,97.5,,,T14-15DT,M,140+,Sleeves,B,Full Power,National
Standard,175,,,T14-15DT,M,140+,Sleeves,D,Full Power,National
Standard,422.5,,,T14-15DT,M,140+,Sleeves,Total,Full Power,National
Standard,77.5,,,T16-17,M,52,Sleeves,S,Full Power,National
Standard,45,,,T16-17,M,52,Sleeves,B,Full Power,National
Standard,82.5,,,T16-17,M,52,Sleeves,D,Full Power,National
Standard,197.5,,,T16-17,M,52,Sleeves,Total,Full Power,National
Standard,90,,,T16-17,M,56,Sleeves,S,Full Power,National
Standard,52.5,,,T16-17,M,56,Sleeves,B,Full Power,National
Standard,95,,,T16-17,M,56,Sleeves,D,Full Power,National
Standard,227.5,,,T16-17,M,56,Sleeves,Total,Full Power,National
Standard,102.5,,,T16-17,M,60,Sleeves,S,Full Power,National
Standard,57.5,,,T16-17,M,60,Sleeves,B,Full Power,National
Standard,107.5,,,T16-17,M,60,Sleeves,D,Full Power,National
Standard,260,,,T16-17,M,60,Sleeves,Total,Full Power,National
Standard,125,,,T16-17,M,67.5,Sleeves,S,Full Power,National
Standard,72.5,,,T16-17,M,67.5,Sleeves,B,Full Power,National
Standard,132.5,,,T16-17,M,67.5,Sleeves,D,Full Power,National
Standard,320,,,T16-17,M,67.5,Sleeves,Total,Full Power,National
Liam Backhurst,155,05/12/2025,National Championships,T16-17,M,75,Sleeves,S,Full Power,National
Liam Backhurst,115,29/03/2026,South West,T16-17,M,75,Sleeves,B,Full Power,National
Liam Backhurst,190,29/03/2026,South West,T16-17,M,75,Sleeves,D,Full Power,National
Liam Backhurst,452.5,05/12/2025,National Championships,T16-17,M,75,Sleeves,Total,Full Power,National
Gregory Pearson,287.5,02/11/2025,Nottingham,T16-17,M,82.5,Sleeves,S,Full Power,National
Gregory Pearson,185,02/11/2025,Nottingham,T16-17,M,82.5,Sleeves,B,Full Power,National
Gregory Pearson,322,02/11/2025,Nottingham,T16-17,M,82.5,Sleeves,D,Full Power,National
Gregory Pearson,794.5,02/11/2025,Nottingham,T16-17,M,82.5,Sleeves,Total,Full Power,National
Standard,172.5,,,T16-17,M,90,Sleeves,S,Full Power,National
Harrison Dent,115,01/02/2026,West Yorkshire,T16-17,M,90,Sleeves,B,Full Power,National
Harrison Dent,225,01/02/2026,West Yorkshire,T16-17,M,90,Sleeves,D,Full Power,National
Harrison Dent,510,01/02/2026,West Yorkshire,T16-17,M,90,Sleeves,Total,Full Power,National
Standard,180,,,T16-17,M,100,Sleeves,S,Full Power,National
Standard,102.5,,,T16-17,M,100,Sleeves,B,Full Power,National
Standard,190,,,T16-17,M,100,Sleeves,D,Full Power,National
Standard,457.5,,,T16-17,M,100,Sleeves,Total,Full Power,National
Standard,222.5,,,T16-17,M,110,Sleeves,S,Full Power,National
Standard,125,,,T16-17,M,110,Sleeves,B,Full Power,National
Standard,235,,,T16-17,M,110,Sleeves,D,Full Power,National
Standard,567.5,,,T16-17,M,110,Sleeves,Total,Full Power,National
Standard,200,,,T16-17,M,125,Sleeves,S,Full Power,National
Standard,112.5,,,T16-17,M,125,Sleeves,B,Full Power,National
Josh Lyon,210.5,11/01/2026,North East,T16-17,M,125,Sleeves,D,Full Power,National
Standard,507.5,,,T16-17,M,125,Sleeves,Total,Full Power,National
Standard,217.5,,,T16-17,M,140,Sleeves,S,Full Power,National
Standard,122.5,,,T16-17,M,140,Sleeves,B,Full Power,National
Standard,230,,,T16-17,M,140,Sleeves,D,Full Power,National
Standard,555,,,T16-17,M,140,Sleeves,Total,Full Power,National
Standard,225,,,T16-17,M,140+,Sleeves,S,Full Power,National
Standard,127.5,,,T16-17,M,140+,Sleeves,B,Full Power,National
Standard,237.5,,,T16-17,M,140+,Sleeves,D,Full Power,National
Standard,575,,,T16-17,M,140+,Sleeves,Total,Full Power,National
Standard,97.5,,,T16-17DT,M,52,Sleeves,S,Full Power,National
Standard,57.5,,,T16-17DT,M,52,Sleeves,B,Full Power,National
Standard,102.5,,,T16-17DT,M,52,Sleeves,D,Full Power,National
Standard,247.5,,,T16-17DT,M,52,Sleeves,Total,Full Power,National
Standard,110,,,T16-17DT,M,56,Sleeves,S,Full Power,National
Standard,65,,,T16-17DT,M,56,Sleeves,B,Full Power,National
Standard,115,,,T16-17DT,M,56,Sleeves,D,Full Power,National
Standard,280,,,T16-17DT,M,56,Sleeves,Total,Full Power,National
Standard,122.5,,,T16-17DT,M,60,Sleeves,S,Full Power,National
Standard,70,,,T16-17DT,M,60,Sleeves,B,Full Power,National
Standard,127.5,,,T16-17DT,M,60,Sleeves,D,Full Power,National
Standard,310,,,T16-17DT,M,60,Sleeves,Total,Full Power,National
Steffan Edwards,160,11/05/2025,Nottingham,T16-17DT,M,67.5,Sleeves,S,Full Power,National
Aariyan Dhiri,82.5,11/05/2025,Nottingham,T16-17DT,M,67.5,Sleeves,B,Full Power,National
Steffan Edwards,182.5,11/05/2025,Nottingham,T16-17DT,M,67.5,Sleeves,D,Full Power,National
Steffan Edwards,425,11/05/2025,Nottingham,T16-17DT,M,67.5,Sleeves,Total,Full Power,National
Charlie Morgan,190,01/03/2026,Welwyn Garden City,T16-17DT,M,75,Sleeves,S,Full Power,National
Charlie Morgan,142.5,01/03/2026,Welwyn Garden City,T16-17DT,M,75,Sleeves,B,Full Power,National
Charlie Morgan,205,01/03/2026,Welwyn Garden City,T16-17DT,M,75,Sleeves,D,Full Power,National
Charlie Morgan,537.5,01/03/2026,Welwyn Garden City,T16-17DT,M,75,Sleeves,Total,Full Power,National
Emil Trybala,200,06/12/2025,National Championships,T16-17DT,M,82.5,Sleeves,S,Full Power,National
Emil Trybala,135,06/12/2025,National Championships,T16-17DT,M,82.5,Sleeves,B,Full Power,National
Harvey Lock,205,09/03/2025,East Coast,T16-17DT,M,82.5,Sleeves,D,Full Power,National
Emil Trybala,535,06/12/2025,National Championships,T16-17DT,M,82.5,Sleeves,Total,Full Power,National
Lawrence Addison,190,08/02/2026,Peterborough,T16-17DT,M,90,Sleeves,S,Full Power,National
Lawrence Addison,105,08/02/2026,Peterborough,T16-17DT,M,90,Sleeves,B,Full Power,National
Kyle Robson,235,06/12/2025,National Championships,T16-17DT,M,90,Sleeves,D,Full Power,National
Lawrence Addison,505,08/02/2026,Peterborough,T16-17DT,M,90,Sleeves,Total,Full Power,National
Oliver Andrews Reeves,200,13/07/2025,East Coast,T16-17DT,M,100,Sleeves,S,Full Power,National
Oliver Andrews Reeves,130,13/07/2025,East Coast,T16-17DT,M,100,Sleeves,B,Full Power,National
Kyle Robson,215,24/08/2025,North East,T16-17DT,M,100,Sleeves,D,Full Power,National
Oliver Andrews Reeves,515,13/07/2025,East Coast,T16-17DT,M,100,Sleeves,Total,Full Power,National
Oliver Andrews Reeves,205,06/12/2025,National Championships,T16-17DT,M,110,Sleeves,S,Full Power,National
Oliver Andrews Reeves,147.5,06/12/2025,National Championships,T16-17DT,M,110,Sleeves,B,Full Power,National
George Colley,225,09/03/2025,East Coast,T16-17DT,M,110,Sleeves,D,Full Power,National
Oliver Andrews Reeves,547.5,06/12/2025,National Championships,T16-17DT,M,110,Sleeves,Total,Full Power,National
Standard,185,,,T16-17DT,M,125,Sleeves,S,Full Power,National
Standard,107.5,,,T16-17DT,M,125,Sleeves,B,Full Power,National
Standard,195,,,T16-17DT,M,125,Sleeves,D,Full Power,National
Standard,470,,,T16-17DT,M,125,Sleeves,Total,Full Power,National
Freddie Sullivan,252.5,30/11/2025,South West,T16-17DT,M,140,Sleeves,S,Full Power,National
Freddie Sullivan,132.5,30/11/2025,South West,T16-17DT,M,140,Sleeves,B,Full Power,National
Freddie Sullivan,225,30/11/2025,South West,T16-17DT,M,140,Sleeves,D,Full Power,National
Freddie Sullivan,610,30/11/2025,South West,T16-17DT,M,140,Sleeves,Total,Full Power,National
Standard,195,,,T16-17DT,M,140+,Sleeves,S,Full Power,National
Standard,112.5,,,T16-17DT,M,140+,Sleeves,B,Full Power,National
Standard,205,,,T16-17DT,M,140+,Sleeves,D,Full Power,National
Standard,495,,,T16-17DT,M,140+,Sleeves,Total,Full Power,National
Standard,90,,,T18-19,M,52,Sleeves,S,Full Power,National
Standard,52.5,,,T18-19,M,52,Sleeves,B,Full Power,National
Standard,95,,,T18-19,M,52,Sleeves,D,Full Power,National
Standard,230,,,T18-19,M,52,Sleeves,Total,Full Power,National
Standard,105,,,T18-19,M,56,Sleeves,S,Full Power,National
Standard,60,,,T18-19,M,56,Sleeves,B,Full Power,National
Standard,110,,,T18-19,M,56,Sleeves,D,Full Power,National
Standard,267.5,,,T18-19,M,56,Sleeves,Total,Full Power,National
Standard,120,,,T18-19,M,60,Sleeves,S,Full Power,National
Standard,67.5,,,T18-19,M,60,Sleeves,B,Full Power,National
Standard,127.5,,,T18-19,M,60,Sleeves,D,Full Power,National
Standard,305,,,T18-19,M,60,Sleeves,Total,Full Power,National
Standard,147.5,,,T18-19,M,67.5,Sleeves,S,Full Power,National
Standard,82.5,,,T18-19,M,67.5,Sleeves,B,Full Power,National
Standard,155,,,T18-19,M,67.5,Sleeves,D,Full Power,National
Standard,375,,,T18-19,M,67.5,Sleeves,Total,Full Power,National
Standard,170,,,T18-19,M,75,Sleeves,S,Full Power,National
Liam Backhurst,115,16/05/2026,World Cup UK,T18-19,M,75,Sleeves,B,Full Power,National
Liam Backhurst,195,16/05/2026,World Cup UK,T18-19,M,75,Sleeves,D,Full Power,National
Liam Backhurst,467.5,16/05/2026,World Cup UK,T18-19,M,75,Sleeves,Total,Full Power,National
Standard,192.5,,,T18-19,M,82.5,Sleeves,S,Full Power,National
Standard,110,,,T18-19,M,82.5,Sleeves,B,Full Power,National
Standard,202.5,,,T18-19,M,82.5,Sleeves,D,Full Power,National
Standard,490,,,T18-19,M,82.5,Sleeves,Total,Full Power,National
Standard,202.5,,,T18-19,M,90,Sleeves,S,Full Power,National
Standard,115,,,T18-19,M,90,Sleeves,B,Full Power,National
Standard,212.5,,,T18-19,M,90,Sleeves,D,Full Power,National
Standard,515,,,T18-19,M,90,Sleeves,Total,Full Power,National
Standard,210,,,T18-19,M,100,Sleeves,S,Full Power,National
Standard,120,,,T18-19,M,100,Sleeves,B,Full Power,National
Standard,222.5,,,T18-19,M,100,Sleeves,D,Full Power,National
Standard,537.5,,,T18-19,M,100,Sleeves,Total,Full Power,National
Standard,222.5,,,T18-19,M,110,Sleeves,S,Full Power,National
Standard,125,,,T18-19,M,110,Sleeves,B,Full Power,National
Standard,235,,,T18-19,M,110,Sleeves,D,Full Power,National
Standard,567.5,,,T18-19,M,110,Sleeves,Total,Full Power,National
Standard,232.5,,,T18-19,M,125,Sleeves,S,Full Power,National
Standard,132.5,,,T18-19,M,125,Sleeves,B,Full Power,National
Standard,245,,,T18-19,M,125,Sleeves,D,Full Power,National
Standard,595,,,T18-19,M,125,Sleeves,Total,Full Power,National
Standard,255,,,T18-19,M,140,Sleeves,S,Full Power,National
Standard,145,,,T18-19,M,140,Sleeves,B,Full Power,National
Standard,270,,,T18-19,M,140,Sleeves,D,Full Power,National
Standard,652.5,,,T18-19,M,140,Sleeves,Total,Full Power,National
Standard,265,,,T18-19,M,140+,Sleeves,S,Full Power,National
Standard,150,,,T18-19,M,140+,Sleeves,B,Full Power,National
Standard,277.5,,,T18-19,M,140+,Sleeves,D,Full Power,National
Standard,675,,,T18-19,M,140+,Sleeves,Total,Full Power,National
Standard,115,,,T18-19DT,M,52,Sleeves,S,Full Power,National
Standard,65,,,T18-19DT,M,52,Sleeves,B,Full Power,National
Standard,120,,,T18-19DT,M,52,Sleeves,D,Full Power,National
Standard,290,,,T18-19DT,M,52,Sleeves,Total,Full Power,National
Standard,130,,,T18-19DT,M,56,Sleeves,S,Full Power,National
Standard,72.5,,,T18-19DT,M,56,Sleeves,B,Full Power,National
Standard,135,,,T18-19DT,M,56,Sleeves,D,Full Power,National
Standard,327.5,,,T18-19DT,M,56,Sleeves,Total,Full Power,National
Standard,142.5,,,T18-19DT,M,60,Sleeves,S,Full Power,National
Standard,80,,,T18-19DT,M,60,Sleeves,B,Full Power,National
Standard,150,,,T18-19DT,M,60,Sleeves,D,Full Power,National
Standard,362.5,,,T18-19DT,M,60,Sleeves,Total,Full Power,National
Steffan Edwards,165,06/12/2025,National Championships,T18-19DT,M,67.5,Sleeves,S,Full Power,National
Standard,92.5,,,T18-19DT,M,67.5,Sleeves,B,Full Power,National
Steffan Edwards,187.5,10/08/2025,South West,T18-19DT,M,67.5,Sleeves,D,Full Power,National
Steffan Edwards,432.5,10/08/2025,South West,T18-19DT,M,67.5,Sleeves,Total,Full Power,National
Standard,182.5,,,T18-19DT,M,75,Sleeves,S,Full Power,National
Damian Thorpe,125,17/11/2024,South Midlands,T18-19DT,M,75,Sleeves,B,Full Power,National
Damian Thorpe,200,17/11/2024,South Midlands,T18-19DT,M,75,Sleeves,D,Full Power,National
Damian Thorpe,505,17/11/2024,South Midlands,T18-19DT,M,75,Sleeves,Total,Full Power,National
Damian Thorpe,227.5,16/05/2026,World Cup UK,T18-19DT,M,82.5,Sleeves,S,Full Power,National
Damian Thorpe,157.5,16/05/2026,World Cup UK,T18-19DT,M,82.5,Sleeves,B,Full Power,National
James Porritt,270,05/05/2024,Nottingham,T18-19DT,M,82.5,Sleeves,D,Full Power,National
Damian Thorpe,645,16/05/2026,World Cup UK,T18-19DT,M,82.5,Sleeves,Total,Full Power,National
Kye Myers,216,28/09/2025,South Midlands,T18-19DT,M,90,Sleeves,S,Full Power,National
Henry Hemming,115,18/08/2024,South West,T18-19DT,M,90,Sleeves,B,Full Power,National
Kye Myers,280,28/09/2025,South Midlands,T18-19DT,M,90,Sleeves,D,Full Power,National
Kye Myers,603.5,28/09/2025,South Midlands,T18-19DT,M,90,Sleeves,Total,Full Power,National
Standard,205,,,T18-19DT,M,100,Sleeves,S,Full Power,National
Standard,115,,,T18-19DT,M,100,Sleeves,B,Full Power,National
Jacob Rana,215.5,06/12/2025,National Championships,T18-19DT,M,100,Sleeves,D,Full Power,National
Standard,522.5,,,T18-19DT,M,100,Sleeves,Total,Full Power,National
Oliver Whalley,270,24/08/2025,North East,T18-19DT,M,110,Sleeves,S,Full Power,National
George Colley,150,06/12/2025,National Championships,T18-19DT,M,110,Sleeves,B,Full Power,National
Oliver Whalley,251,06/12/2025,National Championships,T18-19DT,M,110,Sleeves,D,Full Power,National
Oliver Whalley,640.5,24/08/2025,North East,T18-19DT,M,110,Sleeves,Total,Full Power,National
Harry Corner,310,22/02/2026,West Midlands,T18-19DT,M,125,Sleeves,S,Full Power,National
Harry Corner,162.5,22/02/2026,West Midlands,T18-19DT,M,125,Sleeves,B,Full Power,National
Harry Corner,320,22/02/2026,West Midlands,T18-19DT,M,125,Sleeves,D,Full Power,National
Harry Corner,792.5,22/02/2026,West Midlands,T18-19DT,M,125,Sleeves,Total,Full Power,National
Standard,222.5,,,T18-19DT,M,140,Sleeves,S,Full Power,National
Standard,125,,,T18-19DT,M,140,Sleeves,B,Full Power,National
Standard,235,,,T18-19DT,M,140,Sleeves,D,Full Power,National
Standard,567.5,,,T18-19DT,M,140,Sleeves,Total,Full Power,National
Standard,227.5,,,T18-19DT,M,140+,Sleeves,S,Full Power,National
Standard,130,,,T18-19DT,M,140+,Sleeves,B,Full Power,National
Standard,240,,,T18-19DT,M,140+,Sleeves,D,Full Power,National
Standard,580,,,T18-19DT,M,140+,Sleeves,Total,Full Power,National
Standard,107.5,,,Junior,M,52,Sleeves,S,Full Power,National
Standard,60,,,Junior,M,52,Sleeves,B,Full Power,National
Standard,112.5,,,Junior,M,52,Sleeves,D,Full Power,National
Standard,270,,,Junior,M,52,Sleeves,Total,Full Power,National
Standard,122.5,,,Junior,M,56,Sleeves,S,Full Power,National
Standard,70,,,Junior,M,56,Sleeves,B,Full Power,National
Standard,130,,,Junior,M,56,Sleeves,D,Full Power,National
Standard,312.5,,,Junior,M,56,Sleeves,Total,Full Power,National
Standard,140,,,Junior,M,60,Sleeves,S,Full Power,National
Standard,80,,,Junior,M,60,Sleeves,B,Full Power,National
Standard,147.5,,,Junior,M,60,Sleeves,D,Full Power,National
Standard,357.5,,,Junior,M,60,Sleeves,Total,Full Power,National
Standard,172.5,,,Junior,M,67.5,Sleeves,S,Full Power,National
Standard,97.5,,,Junior,M,67.5,Sleeves,B,Full Power,National
Standard,182.5,,,Junior,M,67.5,Sleeves,D,Full Power,National
Standard,440,,,Junior,M,67.5,Sleeves,Total,Full Power,National
Standard,200,,,Junior,M,75,Sleeves,S,Full Power,National
Standard,112.5,,,Junior,M,75,Sleeves,B,Full Power,National
Standard,210,,,Junior,M,75,Sleeves,D,Full Power,National
Standard,510,,,Junior,M,75,Sleeves,Total,Full Power,National
Standard,225,,,Junior,M,82.5,Sleeves,S,Full Power,National
Standard,127.5,,,Junior,M,82.5,Sleeves,B,Full Power,National
Standard,237.5,,,Junior,M,82.5,Sleeves,D,Full Power,National
Standard,575,,,Junior,M,82.5,Sleeves,Total,Full Power,National
Standard,237.5,,,Junior,M,90,Sleeves,S,Full Power,National
Adam Malton,135,05/12/2025,National Championships,Junior,M,90,Sleeves,B,Full Power,National
Adam Malton,250,05/12/2025,National Championships,Junior,M,90,Sleeves,D,Full Power,National
Adam Malton,610,05/12/2025,National Championships,Junior,M,90,Sleeves,Total,Full Power,National
Andrew Martin,311,24/08/2025,North East,Junior,M,100,Sleeves,S,Full Power,National
Andrew Martin,217.5,24/08/2025,North East,Junior,M,100,Sleeves,B,Full Power,National
Andrew Martin,317.5,24/08/2025,North East,Junior,M,100,Sleeves,D,Full Power,National
Andrew Martin,846,24/08/2025,North East,Junior,M,100,Sleeves,Total,Full Power,National
Andrew Martin,320.5,09/03/2025,East Coast,Junior,M,110,Sleeves,S,Full Power,National
Andrew Martin,230.5,09/03/2025,East Coast,Junior,M,110,Sleeves,B,Full Power,National
Andrew Martin,315,09/03/2025,East Coast,Junior,M,110,Sleeves,D,Full Power,National
Andrew Martin,866,09/03/2025,East Coast,Junior,M,110,Sleeves,Total,Full Power,National
Standard,272.5,,,Junior,M,125,Sleeves,S,Full Power,National
Standard,155,,,Junior,M,125,Sleeves,B,Full Power,National
Standard,287.5,,,Junior,M,125,Sleeves,D,Full Power,National
Standard,697.5,,,Junior,M,125,Sleeves,Total,Full Power,National
Standard,300,,,Junior,M,140,Sleeves,S,Full Power,National
Standard,170,,,Junior,M,140,Sleeves,B,Full Power,National
Standard,315,,,Junior,M,140,Sleeves,D,Full Power,National
Standard,765,,,Junior,M,140,Sleeves,Total,Full Power,National
Standard,310,,,Junior,M,140+,Sleeves,S,Full Power,National
Standard,175,,,Junior,M,140+,Sleeves,B,Full Power,National
Standard,325,,,Junior,M,140+,Sleeves,D,Full Power,National
Standard,792.5,,,Junior,M,140+,Sleeves,Total,Full Power,National
Standard,135,,,JuniorDT,M,52,Sleeves,S,Full Power,National
Standard,75,,,JuniorDT,M,52,Sleeves,B,Full Power,National
Standard,140,,,JuniorDT,M,52,Sleeves,D,Full Power,National
Standard,340,,,JuniorDT,M,52,Sleeves,Total,Full Power,National
Standard,150,,,JuniorDT,M,56,Sleeves,S,Full Power,National
Standard,85,,,JuniorDT,M,56,Sleeves,B,Full Power,National
Standard,157.5,,,JuniorDT,M,56,Sleeves,D,Full Power,National
Standard,382.5,,,JuniorDT,M,56,Sleeves,Total,Full Power,National
Standard,167.5,,,JuniorDT,M,60,Sleeves,S,Full Power,National
Standard,95,,,JuniorDT,M,60,Sleeves,B,Full Power,National
Standard,175,,,JuniorDT,M,60,Sleeves,D,Full Power,National
Standard,425,,,JuniorDT,M,60,Sleeves,Total,Full Power,National
Standard,192.5,,,JuniorDT,M,67.5,Sleeves,S,Full Power,National
Standard,110,,,JuniorDT,M,67.5,Sleeves,B,Full Power,National
Standard,202.5,,,JuniorDT,M,67.5,Sleeves,D,Full Power,National
Standard,490,,,JuniorDT,M,67.5,Sleeves,Total,Full Power,National
Standard,215,,,JuniorDT,M,75,Sleeves,S,Full Power,National
Malvin Gauci,125.5,06/12/2025,National Championships,JuniorDT,M,75,Sleeves,B,Full Power,National
Geovani Negri,225,10/08/2025,South West,JuniorDT,M,75,Sleeves,D,Full Power,National
Geovani Negri,557.5,10/08/2025,South West,JuniorDT,M,75,Sleeves,Total,Full Power,National
Zach Smith,232.5,09/03/2025,East Coast,JuniorDT,M,82.5,Sleeves,S,Full Power,National
Zach Smith,145,02/11/2025,Nottingham,JuniorDT,M,82.5,Sleeves,B,Full Power,National
Zach Smith,285,02/11/2025,Nottingham,JuniorDT,M,82.5,Sleeves,D,Full Power,National
Zach Smith,657.5,02/11/2025,Nottingham,JuniorDT,M,82.5,Sleeves,Total,Full Power,National
Jai Richardson,235,04/05/2025,North West,JuniorDT,M,90,Sleeves,S,Full Power,National
Jai Richardson,152.5,04/05/2025,North West,JuniorDT,M,90,Sleeves,B,Full Power,National
Jai Richardson,275,04/05/2025,North West,JuniorDT,M,90,Sleeves,D,Full Power,National
Jai Richardson,662.5,04/05/2025,North West,JuniorDT,M,90,Sleeves,Total,Full Power,National
Jai Richardson,270,06/12/2025,National Championships,JuniorDT,M,100,Sleeves,S,Full Power,National
Jai Richardson,170,06/12/2025,National Championships,JuniorDT,M,100,Sleeves,B,Full Power,National
Tyrease Ferris,285,24/08/2025,North East,JuniorDT,M,100,Sleeves,D,Full Power,National
Jai Richardson,720,06/12/2025,National Championships,JuniorDT,M,100,Sleeves,Total,Full Power,National
Jamie Jonathan Foord,290,02/11/2025,Nottingham,JuniorDT,M,110,Sleeves,S,Full Power,National
Jamie Jonathan Foord,192.5,02/11/2025,Nottingham,JuniorDT,M,110,Sleeves,B,Full Power,National
Jamie Jonathan Foord,350,02/11/2025,Nottingham,JuniorDT,M,110,Sleeves,D,Full Power,National
Jamie Jonathan Foord,832.5,02/11/2025,Nottingham,JuniorDT,M,110,Sleeves,Total,Full Power,National
Lukas Jusko,320,02/11/2025,Nottingham,JuniorDT,M,125,Sleeves,S,Full Power,National
Tyrease Ferris,177.5,06/12/2025,National Championships,JuniorDT,M,125,Sleeves,B,Full Power,National
Tyrease Ferris,300,06/12/2025,National Championships,JuniorDT,M,125,Sleeves,D,Full Power,National
Lukas Jusko,775,02/11/2025,Nottingham,JuniorDT,M,125,Sleeves,Total,Full Power,National
Standard,260,,,JuniorDT,M,140,Sleeves,S,Full Power,National
Standard,147.5,,,JuniorDT,M,140,Sleeves,B,Full Power,National
Standard,275,,,JuniorDT,M,140,Sleeves,D,Full Power,National
Standard,665,,,JuniorDT,M,140,Sleeves,Total,Full Power,National
Standard,267.5,,,JuniorDT,M,140+,Sleeves,S,Full Power,National
Standard,150,,,JuniorDT,M,140+,Sleeves,B,Full Power,National
Standard,280,,,JuniorDT,M,140+,Sleeves,D,Full Power,National
Standard,680,,,JuniorDT,M,140+,Sleeves,Total,Full Power,National
Standard,110,,,M40-49,M,52,Sleeves,S,Full Power,National
Standard,62.5,,,M40-49,M,52,Sleeves,B,Full Power,National
Standard,115,,,M40-49,M,52,Sleeves,D,Full Power,National
Standard,277.5,,,M40-49,M,52,Sleeves,Total,Full Power,National
Standard,125,,,M40-49,M,56,Sleeves,S,Full Power,National
Standard,72.5,,,M40-49,M,56,Sleeves,B,Full Power,National
Standard,132.5,,,M40-49,M,56,Sleeves,D,Full Power,National
Standard,320,,,M40-49,M,56,Sleeves,Total,Full Power,National
Standard,145,,,M40-49,M,60,Sleeves,S,Full Power,National
Standard,82.5,,,M40-49,M,60,Sleeves,B,Full Power,National
Standard,152.5,,,M40-49,M,60,Sleeves,D,Full Power,National
Standard,367.5,,,M40-49,M,60,Sleeves,Total,Full Power,National
Standard,177.5,,,M40-49,M,67.5,Sleeves,S,Full Power,National
Standard,100,,,M40-49,M,67.5,Sleeves,B,Full Power,National
Standard,187.5,,,M40-49,M,67.5,Sleeves,D,Full Power,National
Standard,452.5,,,M40-49,M,67.5,Sleeves,Total,Full Power,National
Standard,205,,,M40-49,M,75,Sleeves,S,Full Power,National
Standard,117.5,,,M40-49,M,75,Sleeves,B,Full Power,National
Standard,217.5,,,M40-49,M,75,Sleeves,D,Full Power,National
Standard,525,,,M40-49,M,75,Sleeves,Total,Full Power,National
Standard,232.5,,,M40-49,M,82.5,Sleeves,S,Full Power,National
Darren Clayton,150,05/12/2025,National Championships,M40-49,M,82.5,Sleeves,B,Full Power,National
Darren Clayton,245,05/12/2025,National Championships,M40-49,M,82.5,Sleeves,D,Full Power,National
Darren Clayton,605,05/12/2025,National Championships,M40-49,M,82.5,Sleeves,Total,Full Power,National
Clifford Richards,270,29/03/2026,South West,M40-49,M,90,Sleeves,S,Full Power,National
Clifford Richards,205,29/03/2026,South West,M40-49,M,90,Sleeves,B,Full Power,National
Clifford Richards,258,29/03/2026,South West,M40-49,M,90,Sleeves,D,Full Power,National
Clifford Richards,733,29/03/2026,South West,M40-49,M,90,Sleeves,Total,Full Power,National
Standard,255,,,M40-49,M,100,Sleeves,S,Full Power,National
Spas Razhankov,175,13/04/2025,South Midlands,M40-49,M,100,Sleeves,B,Full Power,National
Standard,267.5,,,M40-49,M,100,Sleeves,D,Full Power,National
Jan Niznik,655,11/05/2025,Nottingham,M40-49,M,100,Sleeves,Total,Full Power,National
John Lock,320,28/07/2024,East Coast,M40-49,M,110,Sleeves,S,Full Power,National
Jevgenijs Sarans,175,23/11/2025,Welwyn Garden City,M40-49,M,110,Sleeves,B,Full Power,National
John Lock,280.5,28/07/2024,East Coast,M40-49,M,110,Sleeves,D,Full Power,National
John Lock,760.5,28/07/2024,East Coast,M40-49,M,110,Sleeves,Total,Full Power,National
Standard,280,,,M40-49,M,125,Sleeves,S,Full Power,National
Standard,160,,,M40-49,M,125,Sleeves,B,Full Power,National
Standard,295,,,M40-49,M,125,Sleeves,D,Full Power,National
Standard,717.5,,,M40-49,M,125,Sleeves,Total,Full Power,National
Standard,307.5,,,M40-49,M,140,Sleeves,S,Full Power,National
Robin Morley,200,02/11/2025,Nottingham,M40-49,M,140,Sleeves,B,Full Power,National
Standard,325,,,M40-49,M,140,Sleeves,D,Full Power,National
Robin Morley,812.5,02/11/2025,Nottingham,M40-49,M,140,Sleeves,Total,Full Power,National
Standard,320,,,M40-49,M,140+,Sleeves,S,Full Power,National
Standard,180,,,M40-49,M,140+,Sleeves,B,Full Power,National
Standard,335,,,M40-49,M,140+,Sleeves,D,Full Power,National
Standard,815,,,M40-49,M,140+,Sleeves,Total,Full Power,National
Standard,97.5,,,M50-59,M,52,Sleeves,S,Full Power,National
Standard,55,,,M50-59,M,52,Sleeves,B,Full Power,National
Standard,102.5,,,M50-59,M,52,Sleeves,D,Full Power,National
Standard,245,,,M50-59,M,52,Sleeves,Total,Full Power,National
Standard,110,,,M50-59,M,56,Sleeves,S,Full Power,National
Standard,62.5,,,M50-59,M,56,Sleeves,B,Full Power,National
Standard,115,,,M50-59,M,56,Sleeves,D,Full Power,National
Standard,280,,,M50-59,M,56,Sleeves,Total,Full Power,National
Standard,127.5,,,M50-59,M,60,Sleeves,S,Full Power,National
Standard,72.5,,,M50-59,M,60,Sleeves,B,Full Power,National
Standard,132.5,,,M50-59,M,60,Sleeves,D,Full Power,National
Standard,322.5,,,M50-59,M,60,Sleeves,Total,Full Power,National
Standard,157.5,,,M50-59,M,67.5,Sleeves,S,Full Power,National
Standard,87.5,,,M50-59,M,67.5,Sleeves,B,Full Power,National
Standard,165,,,M50-59,M,67.5,Sleeves,D,Full Power,National
Standard,397.5,,,M50-59,M,67.5,Sleeves,Total,Full Power,National
Standard,180,,,M50-59,M,75,Sleeves,S,Full Power,National
Standard,102.5,,,M50-59,M,75,Sleeves,B,Full Power,National
Standard,190,,,M50-59,M,75,Sleeves,D,Full Power,National
Standard,460,,,M50-59,M,75,Sleeves,Total,Full Power,National
Standard,205,,,M50-59,M,82.5,Sleeves,S,Full Power,National
Standard,115,,,M50-59,M,82.5,Sleeves,B,Full Power,National
Standard,215,,,M50-59,M,82.5,Sleeves,D,Full Power,National
Standard,520,,,M50-59,M,82.5,Sleeves,Total,Full Power,National
Les Attewell,220,05/12/2025,National Championships,M50-59,M,90,Sleeves,S,Full Power,National
Les Attewell,140,05/12/2025,National Championships,M50-59,M,90,Sleeves,B,Full Power,National
Les Attewell,275,05/12/2025,National Championships,M50-59,M,90,Sleeves,D,Full Power,National
Les Attewell,635,05/12/2025,National Championships,M50-59,M,90,Sleeves,Total,Full Power,National
Darren Walker,232.5,10/08/2025,South West,M50-59,M,100,Sleeves,S,Full Power,National
Steve Whittles,140,04/05/2025,North West,M50-59,M,100,Sleeves,B,Full Power,National
Darren Walker,280,10/08/2025,South West,M50-59,M,100,Sleeves,D,Full Power,National
Darren Walker,647.5,10/08/2025,South West,M50-59,M,100,Sleeves,Total,Full Power,National
Standard,235,,,M50-59,M,110,Sleeves,S,Full Power,National
Steve Whittles,140,01/02/2026,West Yorkshire,M50-59,M,110,Sleeves,B,Full Power,National
Steve Whittles,250,01/02/2026,West Yorkshire,M50-59,M,110,Sleeves,D,Full Power,National
Steve Whittles,605,01/02/2026,West Yorkshire,M50-59,M,110,Sleeves,Total,Full Power,National
Standard,247.5,,,M50-59,M,125,Sleeves,S,Full Power,National
Simon Baggaley,175,06/04/2025,West Midlands,M50-59,M,125,Sleeves,B,Full Power,National
Standard,260,,,M50-59,M,125,Sleeves,D,Full Power,National
Standard,630,,,M50-59,M,125,Sleeves,Total,Full Power,National
Standard,270,,,M50-59,M,140,Sleeves,S,Full Power,National
Standard,152.5,,,M50-59,M,140,Sleeves,B,Full Power,National
Standard,285,,,M50-59,M,140,Sleeves,D,Full Power,National
Standard,690,,,M50-59,M,140,Sleeves,Total,Full Power,National
Standard,280,,,M50-59,M,140+,Sleeves,S,Full Power,National
Standard,157.5,,,M50-59,M,140+,Sleeves,B,Full Power,National
Standard,295,,,M50-59,M,140+,Sleeves,D,Full Power,National
Standard,715,,,M50-59,M,140+,Sleeves,Total,Full Power,National
Standard,85,,,M60-69,M,52,Sleeves,S,Full Power,National
Standard,47.5,,,M60-69,M,52,Sleeves,B,Full Power,National
Standard,90,,,M60-69,M,52,Sleeves,D,Full Power,National
Standard,215,,,M60-69,M,52,Sleeves,Total,Full Power,National
Standard,97.5,,,M60-69,M,56,Sleeves,S,Full Power,National
Standard,55,,,M60-69,M,56,Sleeves,B,Full Power,National
Standard,102.5,,,M60-69,M,56,Sleeves,D,Full Power,National
Standard,245,,,M60-69,M,56,Sleeves,Total,Full Power,National
Standard,112.5,,,M60-69,M,60,Sleeves,S,Full Power,National
Standard,62.5,,,M60-69,M,60,Sleeves,B,Full Power,National
Standard,117.5,,,M60-69,M,60,Sleeves,D,Full Power,National
Standard,282.5,,,M60-69,M,60,Sleeves,Total,Full Power,National
Standard,137.5,,,M60-69,M,67.5,Sleeves,S,Full Power,National
Standard,77.5,,,M60-69,M,67.5,Sleeves,B,Full Power,National
Standard,145,,,M60-69,M,67.5,Sleeves,D,Full Power,National
Standard,350,,,M60-69,M,67.5,Sleeves,Total,Full Power,National
Standard,157.5,,,M60-69,M,75,Sleeves,S,Full Power,National
Standard,90,,,M60-69,M,75,Sleeves,B,Full Power,National
Standard,167.5,,,M60-69,M,75,Sleeves,D,Full Power,National
Standard,402.5,,,M60-69,M,75,Sleeves,Total,Full Power,National
Standard,177.5,,,M60-69,M,82.5,Sleeves,S,Full Power,National
Kevin Payne,105,10/08/2025,South West,M60-69,M,82.5,Sleeves,B,Full Power,National
Kevin Payne,215,10/08/2025,South West,M60-69,M,82.5,Sleeves,D,Full Power,National
Kevin Payne,477.5,10/08/2025,South West,M60-69,M,82.5,Sleeves,Total,Full Power,National
Standard,187.5,,,M60-69,M,90,Sleeves,S,Full Power,National
Standard,107.5,,,M60-69,M,90,Sleeves,B,Full Power,National
Standard,197.5,,,M60-69,M,90,Sleeves,D,Full Power,National
Standard,477.5,,,M60-69,M,90,Sleeves,Total,Full Power,National
Standard,200,,,M60-69,M,100,Sleeves,S,Full Power,National
Standard,115,,,M60-69,M,100,Sleeves,B,Full Power,National
Standard,212.5,,,M60-69,M,100,Sleeves,D,Full Power,National
Standard,512.5,,,M60-69,M,100,Sleeves,Total,Full Power,National
Standard,235,,,M60-69,M,110,Sleeves,S,Full Power,National
Standard,132.5,,,M60-69,M,110,Sleeves,B,Full Power,National
Standard,247.5,,,M60-69,M,110,Sleeves,D,Full Power,National
Standard,600,,,M60-69,M,110,Sleeves,Total,Full Power,National
Standard,217.5,,,M60-69,M,125,Sleeves,S,Full Power,National
Standard,122.5,,,M60-69,M,125,Sleeves,B,Full Power,National
Standard,227.5,,,M60-69,M,125,Sleeves,D,Full Power,National
Standard,552.5,,,M60-69,M,125,Sleeves,Total,Full Power,National
Standard,237.5,,,M60-69,M,140,Sleeves,S,Full Power,National
Standard,135,,,M60-69,M,140,Sleeves,B,Full Power,National
Standard,250,,,M60-69,M,140,Sleeves,D,Full Power,National
Standard,605,,,M60-69,M,140,Sleeves,Total,Full Power,National
Standard,245,,,M60-69,M,140+,Sleeves,S,Full Power,National
Standard,140,,,M60-69,M,140+,Sleeves,B,Full Power,National
Standard,257.5,,,M60-69,M,140+,Sleeves,D,Full Power,National
Standard,627.5,,,M60-69,M,140+,Sleeves,Total,Full Power,National
Standard,137.5,,,M40-49DT,M,52,Sleeves,S,Full Power,National
Standard,77.5,,,M40-49DT,M,52,Sleeves,B,Full Power,National
Standard,145,,,M40-49DT,M,52,Sleeves,D,Full Power,National
Standard,350,,,M40-49DT,M,52,Sleeves,Total,Full Power,National
Standard,155,,,M40-49DT,M,56,Sleeves,S,Full Power,National
Standard,87.5,,,M40-49DT,M,56,Sleeves,B,Full Power,National
Standard,162.5,,,M40-49DT,M,56,Sleeves,D,Full Power,National
Standard,395,,,M40-49DT,M,56,Sleeves,Total,Full Power,National
Standard,172.5,,,M40-49DT,M,60,Sleeves,S,Full Power,National
Standard,97.5,,,M40-49DT,M,60,Sleeves,B,Full Power,National
Standard,180,,,M40-49DT,M,60,Sleeves,D,Full Power,National
Standard,437.5,,,M40-49DT,M,60,Sleeves,Total,Full Power,National
Standard,197.5,,,M40-49DT,M,67.5,Sleeves,S,Full Power,National
Standard,112.5,,,M40-49DT,M,67.5,Sleeves,B,Full Power,National
Standard,207.5,,,M40-49DT,M,67.5,Sleeves,D,Full Power,National
Standard,505,,,M40-49DT,M,67.5,Sleeves,Total,Full Power,National
Standard,220,,,M40-49DT,M,75,Sleeves,S,Full Power,National
Standard,125,,,M40-49DT,M,75,Sleeves,B,Full Power,National
Standard,230,,,M40-49DT,M,75,Sleeves,D,Full Power,National
Standard,560,,,M40-49DT,M,75,Sleeves,Total,Full Power,National
Standard,232.5,,,M40-49DT,M,82.5,Sleeves,S,Full Power,National
Standard,132.5,,,M40-49DT,M,82.5,Sleeves,B,Full Power,National
Standard,245,,,M40-49DT,M,82.5,Sleeves,D,Full Power,National
Standard,595,,,M40-49DT,M,82.5,Sleeves,Total,Full Power,National
Standard,240,,,M40-49DT,M,90,Sleeves,S,Full Power,National
Standard,135,,,M40-49DT,M,90,Sleeves,B,Full Power,National
Standard,252.5,,,M40-49DT,M,90,Sleeves,D,Full Power,National
Standard,612.5,,,M40-49DT,M,90,Sleeves,Total,Full Power,National
Standard,247.5,,,M40-49DT,M,100,Sleeves,S,Full Power,National
Chris Brown,157.5,16/05/2026,World Cup UK,M40-49DT,M,100,Sleeves,B,Full Power,National
Chris Brown,272.5,16/05/2026,World Cup UK,M40-49DT,M,100,Sleeves,D,Full Power,National
Chris Brown,652.5,16/05/2026,World Cup UK,M40-49DT,M,100,Sleeves,Total,Full Power,National
Standard,255,,,M40-49DT,M,110,Sleeves,S,Full Power,National
Chris Brown,172.5,17/08/2025,North West,M40-49DT,M,110,Sleeves,B,Full Power,National
Chris Brown,285,17/08/2025,North West,M40-49DT,M,110,Sleeves,D,Full Power,National
Chris Brown,700,17/08/2025,North West,M40-49DT,M,110,Sleeves,Total,Full Power,National
Standard,260,,,M40-49DT,M,125,Sleeves,S,Full Power,National
Standard,147.5,,,M40-49DT,M,125,Sleeves,B,Full Power,National
Standard,275,,,M40-49DT,M,125,Sleeves,D,Full Power,National
Standard,665,,,M40-49DT,M,125,Sleeves,Total,Full Power,National
Standard,267.5,,,M40-49DT,M,140,Sleeves,S,Full Power,National
Standard,152.5,,,M40-49DT,M,140,Sleeves,B,Full Power,National
Standard,280,,,M40-49DT,M,140,Sleeves,D,Full Power,National
Standard,682.5,,,M40-49DT,M,140,Sleeves,Total,Full Power,National
Standard,275,,,M40-49DT,M,140+,Sleeves,S,Full Power,National
Standard,155,,,M40-49DT,M,140+,Sleeves,B,Full Power,National
Standard,287.5,,,M40-49DT,M,140+,Sleeves,D,Full Power,National
Standard,700,,,M40-49DT,M,140+,Sleeves,Total,Full Power,National
Standard,130,,,M50-59DT,M,52,Sleeves,S,Full Power,National
Standard,75,,,M50-59DT,M,52,Sleeves,B,Full Power,National
Standard,137.5,,,M50-59DT,M,52,Sleeves,D,Full Power,National
Standard,332.5,,,M50-59DT,M,52,Sleeves,Total,Full Power,National
Standard,147.5,,,M50-59DT,M,56,Sleeves,S,Full Power,National
Standard,85,,,M50-59DT,M,56,Sleeves,B,Full Power,National
Standard,155,,,M50-59DT,M,56,Sleeves,D,Full Power,National
Standard,377.5,,,M50-59DT,M,56,Sleeves,Total,Full Power,National
Standard,165,,,M50-59DT,M,60,Sleeves,S,Full Power,National
Standard,95,,,M50-59DT,M,60,Sleeves,B,Full Power,National
Standard,172.5,,,M50-59DT,M,60,Sleeves,D,Full Power,National
Standard,417.5,,,M50-59DT,M,60,Sleeves,Total,Full Power,National
Standard,187.5,,,M50-59DT,M,67.5,Sleeves,S,Full Power,National
Standard,110,,,M50-59DT,M,67.5,Sleeves,B,Full Power,National
Standard,197.5,,,M50-59DT,M,67.5,Sleeves,D,Full Power,National
Standard,480,,,M50-59DT,M,67.5,Sleeves,Total,Full Power,National
Standard,210,,,M50-59DT,M,75,Sleeves,S,Full Power,National
Standard,120,,,M50-59DT,M,75,Sleeves,B,Full Power,National
Standard,220,,,M50-59DT,M,75,Sleeves,D,Full Power,National
Standard,532.5,,,M50-59DT,M,75,Sleeves,Total,Full Power,National
Standard,222.5,,,M50-59DT,M,82.5,Sleeves,S,Full Power,National
Standard,130,,,M50-59DT,M,82.5,Sleeves,B,Full Power,National
Standard,235,,,M50-59DT,M,82.5,Sleeves,D,Full Power,National
Standard,567.5,,,M50-59DT,M,82.5,Sleeves,Total,Full Power,National
Standard,227.5,,,M50-59DT,M,90,Sleeves,S,Full Power,National
Standard,132.5,,,M50-59DT,M,90,Sleeves,B,Full Power,National
Standard,240,,,M50-59DT,M,90,Sleeves,D,Full Power,National
Standard,582.5,,,M50-59DT,M,90,Sleeves,Total,Full Power,National
Standard,235,,,M50-59DT,M,100,Sleeves,S,Full Power,National
Standard,135,,,M50-59DT,M,100,Sleeves,B,Full Power,National
Standard,247.5,,,M50-59DT,M,100,Sleeves,D,Full Power,National
Standard,600,,,M50-59DT,M,100,Sleeves,Total,Full Power,National
Standard,260,,,M50-59DT,M,110,Sleeves,S,Full Power,National
Standard,150,,,M50-59DT,M,110,Sleeves,B,Full Power,National
Standard,275,,,M50-59DT,M,110,Sleeves,D,Full Power,National
Standard,665,,,M50-59DT,M,110,Sleeves,Total,Full Power,National
Standard,247.5,,,M50-59DT,M,125,Sleeves,S,Full Power,National
Standard,142.5,,,M50-59DT,M,125,Sleeves,B,Full Power,National
Standard,260,,,M50-59DT,M,125,Sleeves,D,Full Power,National
Standard,632.5,,,M50-59DT,M,125,Sleeves,Total,Full Power,National
Standard,255,,,M50-59DT,M,140,Sleeves,S,Full Power,National
Standard,147.5,,,M50-59DT,M,140,Sleeves,B,Full Power,National
Standard,267.5,,,M50-59DT,M,140,Sleeves,D,Full Power,National
Standard,650,,,M50-59DT,M,140,Sleeves,Total,Full Power,National
Standard,260,,,M50-59DT,M,140+,Sleeves,S,Full Power,National
Standard,150,,,M50-59DT,M,140+,Sleeves,B,Full Power,National
Standard,275,,,M50-59DT,M,140+,Sleeves,D,Full Power,National
Standard,665,,,M50-59DT,M,140+,Sleeves,Total,Full Power,National
Standard,125,,,M60-69DT,M,52,Sleeves,S,Full Power,National
Standard,72.5,,,M60-69DT,M,52,Sleeves,B,Full Power,National
Standard,132.5,,,M60-69DT,M,52,Sleeves,D,Full Power,National
Standard,317.5,,,M60-69DT,M,52,Sleeves,Total,Full Power,National
Standard,142.5,,,M60-69DT,M,56,Sleeves,S,Full Power,National
Standard,82.5,,,M60-69DT,M,56,Sleeves,B,Full Power,National
Standard,150,,,M60-69DT,M,56,Sleeves,D,Full Power,National
Standard,360,,,M60-69DT,M,56,Sleeves,Total,Full Power,National
Standard,157.5,,,M60-69DT,M,60,Sleeves,S,Full Power,National
Standard,90,,,M60-69DT,M,60,Sleeves,B,Full Power,National
Standard,165,,,M60-69DT,M,60,Sleeves,D,Full Power,National
Standard,397.5,,,M60-69DT,M,60,Sleeves,Total,Full Power,National
Standard,180,,,M60-69DT,M,67.5,Sleeves,S,Full Power,National
Standard,105,,,M60-69DT,M,67.5,Sleeves,B,Full Power,National
Standard,190,,,M60-69DT,M,67.5,Sleeves,D,Full Power,National
Standard,457.5,,,M60-69DT,M,67.5,Sleeves,Total,Full Power,National
Standard,200,,,M60-69DT,M,75,Sleeves,S,Full Power,National
Standard,115,,,M60-69DT,M,75,Sleeves,B,Full Power,National
Standard,210,,,M60-69DT,M,75,Sleeves,D,Full Power,National
Standard,507.5,,,M60-69DT,M,75,Sleeves,Total,Full Power,National
Standard,212.5,,,M60-69DT,M,82.5,Sleeves,S,Full Power,National
Standard,122.5,,,M60-69DT,M,82.5,Sleeves,B,Full Power,National
Standard,222.5,,,M60-69DT,M,82.5,Sleeves,D,Full Power,National
Standard,540,,,M60-69DT,M,82.5,Sleeves,Total,Full Power,National
Standard,217.5,,,M60-69DT,M,90,Sleeves,S,Full Power,National
Standard,125,,,M60-69DT,M,90,Sleeves,B,Full Power,National
Standard,230,,,M60-69DT,M,90,Sleeves,D,Full Power,National
Standard,555,,,M60-69DT,M,90,Sleeves,Total,Full Power,National
Standard,222.5,,,M60-69DT,M,100,Sleeves,S,Full Power,National
Standard,130,,,M60-69DT,M,100,Sleeves,B,Full Power,National
Standard,235,,,M60-69DT,M,100,Sleeves,D,Full Power,National
Standard,570,,,M60-69DT,M,100,Sleeves,Total,Full Power,National
Standard,247.5,,,M60-69DT,M,110,Sleeves,S,Full Power,National
Standard,142.5,,,M60-69DT,M,110,Sleeves,B,Full Power,National
Standard,260,,,M60-69DT,M,110,Sleeves,D,Full Power,National
Standard,632.5,,,M60-69DT,M,110,Sleeves,Total,Full Power,National
Standard,235,,,M60-69DT,M,125,Sleeves,S,Full Power,National
Standard,137.5,,,M60-69DT,M,125,Sleeves,B,Full Power,National
Standard,247.5,,,M60-69DT,M,125,Sleeves,D,Full Power,National
Standard,602.5,,,M60-69DT,M,125,Sleeves,Total,Full Power,National
Standard,242.5,,,M60-69DT,M,140,Sleeves,S,Full Power,National
Standard,140,,,M60-69DT,M,140,Sleeves,B,Full Power,National
Standard,255,,,M60-69DT,M,140,Sleeves,D,Full Power,National
Standard,617.5,,,M60-69DT,M,140,Sleeves,Total,Full Power,National
Standard,247.5,,,M60-69DT,M,140+,Sleeves,S,Full Power,National
Standard,142.5,,,M60-69DT,M,140+,Sleeves,B,Full Power,National
Standard,260,,,M60-69DT,M,140+,Sleeves,D,Full Power,National
Standard,632.5,,,M60-69DT,M,140+,Sleeves,Total,Full Power,National
Standard,77.5,,,M70-79,M,52,Sleeves,S,Full Power,National
Standard,45,,,M70-79,M,52,Sleeves,B,Full Power,National
Standard,82.5,,,M70-79,M,52,Sleeves,D,Full Power,National
Standard,195,,,M70-79,M,52,Sleeves,Total,Full Power,National
Standard,90,,,M70-79,M,56,Sleeves,S,Full Power,National
Standard,50,,,M70-79,M,56,Sleeves,B,Full Power,National
Standard,92.5,,,M70-79,M,56,Sleeves,D,Full Power,National
Standard,222.5,,,M70-79,M,56,Sleeves,Total,Full Power,National
Standard,102.5,,,M70-79,M,60,Sleeves,S,Full Power,National
Standard,57.5,,,M70-79,M,60,Sleeves,B,Full Power,National
Standard,107.5,,,M70-79,M,60,Sleeves,D,Full Power,National
Standard,255,,,M70-79,M,60,Sleeves,Total,Full Power,National
Standard,125,,,M70-79,M,67.5,Sleeves,S,Full Power,National
Standard,70,,,M70-79,M,67.5,Sleeves,B,Full Power,National
Standard,132.5,,,M70-79,M,67.5,Sleeves,D,Full Power,National
Standard,315,,,M70-79,M,67.5,Sleeves,Total,Full Power,National
Standard,142.5,,,M70-79,M,75,Sleeves,S,Full Power,National
Standard,82.5,,,M70-79,M,75,Sleeves,B,Full Power,National
Standard,152.5,,,M70-79,M,75,Sleeves,D,Full Power,National
Standard,362.5,,,M70-79,M,75,Sleeves,Total,Full Power,National
Standard,160,,,M70-79,M,82.5,Sleeves,S,Full Power,National
Standard,95,,,M70-79,M,82.5,Sleeves,B,Full Power,National
Standard,195,,,M70-79,M,82.5,Sleeves,D,Full Power,National
Standard,430,,,M70-79,M,82.5,Sleeves,Total,Full Power,National
Standard,170,,,M70-79,M,90,Sleeves,S,Full Power,National
Standard,97.5,,,M70-79,M,90,Sleeves,B,Full Power,National
Standard,180,,,M70-79,M,90,Sleeves,D,Full Power,National
Standard,430,,,M70-79,M,90,Sleeves,Total,Full Power,National
Standard,180,,,M70-79,M,100,Sleeves,S,Full Power,National
Standard,105,,,M70-79,M,100,Sleeves,B,Full Power,National
Standard,192.5,,,M70-79,M,100,Sleeves,D,Full Power,National
Standard,462.5,,,M70-79,M,100,Sleeves,Total,Full Power,National
Standard,212.5,,,M70-79,M,110,Sleeves,S,Full Power,National
Standard,120,,,M70-79,M,110,Sleeves,B,Full Power,National
Standard,225,,,M70-79,M,110,Sleeves,D,Full Power,National
Standard,540,,,M70-79,M,110,Sleeves,Total,Full Power,National
Standard,197.5,,,M70-79,M,125,Sleeves,S,Full Power,National
Standard,112.5,,,M70-79,M,125,Sleeves,B,Full Power,National
Standard,205,,,M70-79,M,125,Sleeves,D,Full Power,National
Standard,497.5,,,M70-79,M,125,Sleeves,Total,Full Power,National
Standard,215,,,M70-79,M,140,Sleeves,S,Full Power,National
Standard,122.5,,,M70-79,M,140,Sleeves,B,Full Power,National
Standard,225,,,M70-79,M,140,Sleeves,D,Full Power,National
Standard,545,,,M70-79,M,140,Sleeves,Total,Full Power,National
Standard,222.5,,,M70-79,M,140+,Sleeves,S,Full Power,National
Standard,127.5,,,M70-79,M,140+,Sleeves,B,Full Power,National
Standard,232.5,,,M70-79,M,140+,Sleeves,D,Full Power,National
Standard,565,,,M70-79,M,140+,Sleeves,Total,Full Power,National
Standard,112.5,,,M70-79DT,M,52,Sleeves,S,Full Power,National
Standard,67.5,,,M70-79DT,M,52,Sleeves,B,Full Power,National
Standard,120,,,M70-79DT,M,52,Sleeves,D,Full Power,National
Standard,287.5,,,M70-79DT,M,52,Sleeves,Total,Full Power,National
Standard,130,,,M70-79DT,M,56,Sleeves,S,Full Power,National
Standard,75,,,M70-79DT,M,56,Sleeves,B,Full Power,National
Standard,135,,,M70-79DT,M,56,Sleeves,D,Full Power,National
Standard,325,,,M70-79DT,M,56,Sleeves,Total,Full Power,National
Standard,142.5,,,M70-79DT,M,60,Sleeves,S,Full Power,National
Standard,82.5,,,M70-79DT,M,60,Sleeves,B,Full Power,National
Standard,150,,,M70-79DT,M,60,Sleeves,D,Full Power,National
Standard,360,,,M70-79DT,M,60,Sleeves,Total,Full Power,National
Standard,162.5,,,M70-79DT,M,67.5,Sleeves,S,Full Power,National
Standard,95,,,M70-79DT,M,67.5,Sleeves,B,Full Power,National
Standard,172.5,,,M70-79DT,M,67.5,Sleeves,D,Full Power,National
Standard,412.5,,,M70-79DT,M,67.5,Sleeves,Total,Full Power,National
Standard,180,,,M70-79DT,M,75,Sleeves,S,Full Power,National
Standard,105,,,M70-79DT,M,75,Sleeves,B,Full Power,National
Standard,190,,,M70-79DT,M,75,Sleeves,D,Full Power,National
Standard,457.5,,,M70-79DT,M,75,Sleeves,Total,Full Power,National
Standard,192.5,,,M70-79DT,M,82.5,Sleeves,S,Full Power,National
Standard,112.5,,,M70-79DT,M,82.5,Sleeves,B,Full Power,National
Standard,202.5,,,M70-79DT,M,82.5,Sleeves,D,Full Power,National
Standard,487.5,,,M70-79DT,M,82.5,Sleeves,Total,Full Power,National
Standard,197.5,,,M70-79DT,M,90,Sleeves,S,Full Power,National
Standard,112.5,,,M70-79DT,M,90,Sleeves,B,Full Power,National
Standard,207.5,,,M70-79DT,M,90,Sleeves,D,Full Power,National
Standard,500,,,M70-79DT,M,90,Sleeves,Total,Full Power,National
Standard,202.5,,,M70-79DT,M,100,Sleeves,S,Full Power,National
Standard,117.5,,,M70-79DT,M,100,Sleeves,B,Full Power,National
Standard,212.5,,,M70-79DT,M,100,Sleeves,D,Full Power,National
Standard,515,,,M70-79DT,M,100,Sleeves,Total,Full Power,National
Standard,225,,,M70-79DT,M,110,Sleeves,S,Full Power,National
Standard,130,,,M70-79DT,M,110,Sleeves,B,Full Power,National
Standard,235,,,M70-79DT,M,110,Sleeves,D,Full Power,National
Standard,570,,,M70-79DT,M,110,Sleeves,Total,Full Power,National
Standard,212.5,,,M70-79DT,M,125,Sleeves,S,Full Power,National
Standard,125,,,M70-79DT,M,125,Sleeves,B,Full Power,National
Standard,225,,,M70-79DT,M,125,Sleeves,D,Full Power,National
Standard,542.5,,,M70-79DT,M,125,Sleeves,Total,Full Power,National
Standard,220,,,M70-79DT,M,140,Sleeves,S,Full Power,National
Standard,127.5,,,M70-79DT,M,140,Sleeves,B,Full Power,National
Standard,230,,,M70-79DT,M,140,Sleeves,D,Full Power,National
Standard,557.5,,,M70-79DT,M,140,Sleeves,Total,Full Power,National
Standard,225,,,M70-79DT,M,140+,Sleeves,S,Full Power,National
Standard,130,,,M70-79DT,M,140+,Sleeves,B,Full Power,National
Standard,235,,,M70-79DT,M,140+,Sleeves,D,Full Power,National
Standard,570,,,M70-79DT,M,140+,Sleeves,Total,Full Power,National
Standard,85,,,Open,F,44,Sleeves,S,Full Power,National
Standard,45,,,Open,F,44,Sleeves,B,Full Power,National
Standard,90,,,Open,F,44,Sleeves,D,Full Power,National
Standard,217.5,,,Open,F,44,Sleeves,Total,Full Power,National
Standard,105,,,Open,F,48,Sleeves,S,Full Power,National
Standard,55,,,Open,F,48,Sleeves,B,Full Power,National
Standard,110,,,Open,F,48,Sleeves,D,Full Power,National
Standard,267.5,,,Open,F,48,Sleeves,Total,Full Power,National
Standard,107.5,,,Open,F,52,Sleeves,S,Full Power,National
Standard,55,,,Open,F,52,Sleeves,B,Full Power,National
Standard,115,,,Open,F,52,Sleeves,D,Full Power,National
Standard,275,,,Open,F,52,Sleeves,Total,Full Power,National
Rachael Purves,155,02/11/2025,Nottingham,Open,F,56,Sleeves,S,Full Power,National
Rachael Purves,95,02/11/2025,Nottingham,Open,F,56,Sleeves,B,Full Power,National
Rachael Purves,175,02/11/2025,Nottingham,Open,F,56,Sleeves,D,Full Power,National
Rachael Purves,425,02/11/2025,Nottingham,Open,F,56,Sleeves,Total,Full Power,National
Standard,132.5,,,Open,F,60,Sleeves,S,Full Power,National
Standard,67.5,,,Open,F,60,Sleeves,B,Full Power,National
Standard,137.5,,,Open,F,60,Sleeves,D,Full Power,National
Standard,335,,,Open,F,60,Sleeves,Total,Full Power,National
Sharon Eggleton,205,02/11/2025,Nottingham,Open,F,67.5,Sleeves,S,Full Power,National
Sharon Eggleton,135,02/11/2025,Nottingham,Open,F,67.5,Sleeves,B,Full Power,National
Sharon Eggleton,250,02/11/2025,Nottingham,Open,F,67.5,Sleeves,D,Full Power,National
Sharon Eggleton,590,02/11/2025,Nottingham,Open,F,67.5,Sleeves,Total,Full Power,National
Shelby Culff,172.5,02/11/2025,Nottingham,Open,F,75,Sleeves,S,Full Power,National
Adele Fleetwood,107.5,02/11/2025,Nottingham,Open,F,75,Sleeves,B,Full Power,National
Adele Fleetwood,190,02/11/2025,Nottingham,Open,F,75,Sleeves,D,Full Power,National
Adele Fleetwood,467.5,02/11/2025,Nottingham,Open,F,75,Sleeves,Total,Full Power,National
Katie Carder,175,22/02/2026,West Midlands,Open,F,82.5,Sleeves,S,Full Power,National
Kristina Dunkhase,110,02/11/2025,Nottingham,Open,F,82.5,Sleeves,B,Full Power,National
Kristina Dunkhase,200,02/11/2025,Nottingham,Open,F,82.5,Sleeves,D,Full Power,National
Kristina Dunkhase,460,02/11/2025,Nottingham,Open,F,82.5,Sleeves,Total,Full Power,National
Standard,172.5,,,Open,F,90,Sleeves,S,Full Power,National
Standard,90,,,Open,F,90,Sleeves,B,Full Power,National
Standard,182.5,,,Open,F,90,Sleeves,D,Full Power,National
Standard,440,,,Open,F,90,Sleeves,Total,Full Power,National
Standard,170,,,Open,F,100,Sleeves,S,Full Power,National
Standard,92.5,,,Open,F,100,Sleeves,B,Full Power,National
Standard,197.5,,,Open,F,100,Sleeves,D,Full Power,National
Standard,455,,,Open,F,100,Sleeves,Total,Full Power,National
Standard,177.5,,,Open,F,110,Sleeves,S,Full Power,National
Standard,95,,,Open,F,110,Sleeves,B,Full Power,National
Standard,205,,,Open,F,110,Sleeves,D,Full Power,National
Standard,475,,,Open,F,110,Sleeves,Total,Full Power,National
Standard,180,,,Open,F,110+,Sleeves,S,Full Power,National
Standard,97.5,,,Open,F,110+,Sleeves,B,Full Power,National
Standard,210,,,Open,F,110+,Sleeves,D,Full Power,National
Standard,485,,,Open,F,110+,Sleeves,Total,Full Power,National
Standard,85,,,OpenDT,F,44,Sleeves,S,Full Power,National
Standard,45,,,OpenDT,F,44,Sleeves,B,Full Power,National
Standard,92.5,,,OpenDT,F,44,Sleeves,D,Full Power,National
Standard,217.5,,,OpenDT,F,44,Sleeves,Total,Full Power,National
Emily Hussey,103,07/12/2025,National Championships,OpenDT,F,48,Sleeves,S,Full Power,National
Emily Hussey,57.5,17/05/2026,World Cup UK,OpenDT,F,48,Sleeves,B,Full Power,National
Emily Hussey,127.5,07/12/2025,National Championships,OpenDT,F,48,Sleeves,D,Full Power,National
Emily Hussey,286,07/12/2025,National Championships,OpenDT,F,48,Sleeves,Total,Full Power,National
Sadife Kisyova,117.5,07/12/2025,National Championships,OpenDT,F,52,Sleeves,S,Full Power,National
Lamorna Bardwell,70,02/11/2025,Nottingham,OpenDT,F,52,Sleeves,B,Full Power,National
Lamorna Bardwell,155,02/11/2025,Nottingham,OpenDT,F,52,Sleeves,D,Full Power,National
Lamorna Bardwell,337.5,02/11/2025,Nottingham,OpenDT,F,52,Sleeves,Total,Full Power,National
Kelise Harrington,135,02/11/2025,Nottingham,OpenDT,F,56,Sleeves,S,Full Power,National
Nicola Brown,73,29/03/2026,South West,OpenDT,F,56,Sleeves,B,Full Power,National
Kelise Harrington,175,02/11/2025,Nottingham,OpenDT,F,56,Sleeves,D,Full Power,National
Kelise Harrington,382.5,02/11/2025,Nottingham,OpenDT,F,56,Sleeves,Total,Full Power,National
Siobhan Read,150,04/05/2025,North West,OpenDT,F,60,Sleeves,S,Full Power,National
Charlotte Viccars,97.5,02/11/2025,Nottingham,OpenDT,F,60,Sleeves,B,Full Power,National
Siobhan Read,180,04/05/2025,North West,OpenDT,F,60,Sleeves,D,Full Power,National
Siobhan Read,422.5,04/05/2025,North West,OpenDT,F,60,Sleeves,Total,Full Power,National
Anastacia Thompson,180,17/05/2026,World Cup UK,OpenDT,F,67.5,Sleeves,S,Full Power,National
Bec Giles,95,07/12/2025,National Championships,OpenDT,F,67.5,Sleeves,B,Full Power,National
Anastacia Thompson,215,17/05/2026,World Cup UK,OpenDT,F,67.5,Sleeves,D,Full Power,National
Anastacia Thompson,477.5,17/05/2026,World Cup UK,OpenDT,F,67.5,Sleeves,Total,Full Power,National
Sarah Higgins,172.5,02/11/2025,Nottingham,OpenDT,F,75,Sleeves,S,Full Power,National
Sarah Higgins,97.5,02/11/2025,Nottingham,OpenDT,F,75,Sleeves,B,Full Power,National
Joginte Gudaitiene,190,09/03/2025,East Coast,OpenDT,F,75,Sleeves,D,Full Power,National
Sarah Higgins,447.5,02/11/2025,Nottingham,OpenDT,F,75,Sleeves,Total,Full Power,National
Amy Halliday,165,17/05/2026,World Cup UK,OpenDT,F,82.5,Sleeves,S,Full Power,National
Caoimhe Ryan Ireland,97.5,02/11/2025,Nottingham,OpenDT,F,82.5,Sleeves,B,Full Power,National
Amelia Maycock,185.5,12/04/2026,East Midlands,OpenDT,F,82.5,Sleeves,D,Full Power,National
Amelia Maycock,428,12/04/2026,East Midlands,OpenDT,F,82.5,Sleeves,Total,Full Power,National
Karolina Piwonska,200,02/11/2025,Nottingham,OpenDT,F,90,Sleeves,S,Full Power,National
Karolina Piwonska,110,02/11/2025,Nottingham,OpenDT,F,90,Sleeves,B,Full Power,National
Karolina Piwonska,197.5,02/11/2025,Nottingham,OpenDT,F,90,Sleeves,D,Full Power,National
Karolina Piwonska,507.5,02/11/2025,Nottingham,OpenDT,F,90,Sleeves,Total,Full Power,National
Standard,167.5,,,OpenDT,F,100,Sleeves,S,Full Power,National
Standard,90,,,OpenDT,F,100,Sleeves,B,Full Power,National
Lucy Smith,205,24/05/2026,Raw Strength Open II,OpenDT,F,100,Sleeves,D,Full Power,National
Lucy Smith,450,24/05/2026,Raw Strength Open II,OpenDT,F,100,Sleeves,Total,Full Power,National
Standard,172.5,,,OpenDT,F,110,Sleeves,S,Full Power,National
Standard,92.5,,,OpenDT,F,110,Sleeves,B,Full Power,National
Standard,200,,,OpenDT,F,110,Sleeves,D,Full Power,National
Standard,460,,,OpenDT,F,110,Sleeves,Total,Full Power,National
Standard,175,,,OpenDT,F,110+,Sleeves,S,Full Power,National
Standard,95,,,OpenDT,F,110+,Sleeves,B,Full Power,National
Standard,202.5,,,OpenDT,F,110+,Sleeves,D,Full Power,National
Standard,470,,,OpenDT,F,110+,Sleeves,Total,Full Power,National
Standard,45,,,T14-15,F,44,Sleeves,S,Full Power,National
Standard,25,,,T14-15,F,44,Sleeves,B,Full Power,National
Standard,47.5,,,T14-15,F,44,Sleeves,D,Full Power,National
Standard,115,,,T14-15,F,44,Sleeves,Total,Full Power,National
Standard,57.5,,,T14-15,F,48,Sleeves,S,Full Power,National
Standard,30,,,T14-15,F,48,Sleeves,B,Full Power,National
Standard,60,,,T14-15,F,48,Sleeves,D,Full Power,National
Standard,142.5,,,T14-15,F,48,Sleeves,Total,Full Power,National
Standard,57.5,,,T14-15,F,52,Sleeves,S,Full Power,National
Standard,30,,,T14-15,F,52,Sleeves,B,Full Power,National
Standard,60,,,T14-15,F,52,Sleeves,D,Full Power,National
Standard,145,,,T14-15,F,52,Sleeves,Total,Full Power,National
Standard,65,,,T14-15,F,56,Sleeves,S,Full Power,National
Standard,32.5,,,T14-15,F,56,Sleeves,B,Full Power,National
Standard,67.5,,,T14-15,F,56,Sleeves,D,Full Power,National
Standard,162.5,,,T14-15,F,56,Sleeves,Total,Full Power,National
Standard,70,,,T14-15,F,60,Sleeves,S,Full Power,National
Standard,37.5,,,T14-15,F,60,Sleeves,B,Full Power,National
Standard,75,,,T14-15,F,60,Sleeves,D,Full Power,National
Standard,177.5,,,T14-15,F,60,Sleeves,Total,Full Power,National
Standard,77.5,,,T14-15,F,67.5,Sleeves,S,Full Power,National
Standard,40,,,T14-15,F,67.5,Sleeves,B,Full Power,National
Standard,82.5,,,T14-15,F,67.5,Sleeves,D,Full Power,National
Standard,197.5,,,T14-15,F,67.5,Sleeves,Total,Full Power,National
Standard,82.5,,,T14-15,F,75,Sleeves,S,Full Power,National
Standard,42.5,,,T14-15,F,75,Sleeves,B,Full Power,National
Standard,87.5,,,T14-15,F,75,Sleeves,D,Full Power,National
Standard,207.5,,,T14-15,F,75,Sleeves,Total,Full Power,National
Standard,85,,,T14-15,F,82.5,Sleeves,S,Full Power,National
Standard,45,,,T14-15,F,82.5,Sleeves,B,Full Power,National
Standard,90,,,T14-15,F,82.5,Sleeves,D,Full Power,National
Standard,217.5,,,T14-15,F,82.5,Sleeves,Total,Full Power,National
Standard,92.5,,,T14-15,F,90,Sleeves,S,Full Power,National
Standard,47.5,,,T14-15,F,90,Sleeves,B,Full Power,National
Standard,97.5,,,T14-15,F,90,Sleeves,D,Full Power,National
Standard,232.5,,,T14-15,F,90,Sleeves,Total,Full Power,National
Standard,112.5,,,T14-15,F,100,Sleeves,S,Full Power,National
Standard,62.5,,,T14-15,F,100,Sleeves,B,Full Power,National
Standard,132.5,,,T14-15,F,100,Sleeves,D,Full Power,National
Standard,302.5,,,T14-15,F,100,Sleeves,Total,Full Power,National
Standard,117.5,,,T14-15,F,110,Sleeves,S,Full Power,National
Standard,65,,,T14-15,F,110,Sleeves,B,Full Power,National
Standard,137.5,,,T14-15,F,110,Sleeves,D,Full Power,National
Standard,315,,,T14-15,F,110,Sleeves,Total,Full Power,National
Standard,120,,,T14-15,F,110+,Sleeves,S,Full Power,National
Standard,65,,,T14-15,F,110+,Sleeves,B,Full Power,National
Standard,140,,,T14-15,F,110+,Sleeves,D,Full Power,National
Standard,322.5,,,T14-15,F,110+,Sleeves,Total,Full Power,National
Standard,45,,,T14-15DT,F,44,Sleeves,S,Full Power,National
Standard,27.5,,,T14-15DT,F,44,Sleeves,B,Full Power,National
Standard,47.5,,,T14-15DT,F,44,Sleeves,D,Full Power,National
Standard,115,,,T14-15DT,F,44,Sleeves,Total,Full Power,National
Standard,57.5,,,T14-15DT,F,48,Sleeves,S,Full Power,National
Standard,32.5,,,T14-15DT,F,48,Sleeves,B,Full Power,National
Standard,60,,,T14-15DT,F,48,Sleeves,D,Full Power,National
Standard,142.5,,,T14-15DT,F,48,Sleeves,Total,Full Power,National
Standard,57.5,,,T14-15DT,F,52,Sleeves,S,Full Power,National
Standard,35,,,T14-15DT,F,52,Sleeves,B,Full Power,National
Standard,60,,,T14-15DT,F,52,Sleeves,D,Full Power,National
Standard,145,,,T14-15DT,F,52,Sleeves,Total,Full Power,National
Standard,75,,,T14-15DT,F,56,Sleeves,S,Full Power,National
Standard,42.5,,,T14-15DT,F,56,Sleeves,B,Full Power,National
Lily Dunmall,97.5,09/03/2025,East Coast,T14-15DT,F,56,Sleeves,D,Full Power,National
Lily Dunmall,187.5,09/03/2025,East Coast,T14-15DT,F,56,Sleeves,Total,Full Power,National
Standard,72.5,,,T14-15DT,F,60,Sleeves,S,Full Power,National
Standard,42.5,,,T14-15DT,F,60,Sleeves,B,Full Power,National
Lily Dunmall,105,08/03/2026,East Coast,T14-15DT,F,60,Sleeves,D,Full Power,National
Lily Dunmall,210,08/03/2026,East Coast,T14-15DT,F,60,Sleeves,Total,Full Power,National
Emilie Bennett,80.5,15/02/2026,Nottingham,T14-15DT,F,67.5,Sleeves,S,Full Power,National
Standard,45,,,T14-15DT,F,67.5,Sleeves,B,Full Power,National
Emilie Bennett,115,15/02/2026,Nottingham,T14-15DT,F,67.5,Sleeves,D,Full Power,National
Emilie Bennett,238,15/02/2026,Nottingham,T14-15DT,F,67.5,Sleeves,Total,Full Power,National
Standard,82.5,,,T14-15DT,F,75,Sleeves,S,Full Power,National
Standard,47.5,,,T14-15DT,F,75,Sleeves,B,Full Power,National
Standard,87.5,,,T14-15DT,F,75,Sleeves,D,Full Power,National
Standard,207.5,,,T14-15DT,F,75,Sleeves,Total,Full Power,National
Standard,85,,,T14-15DT,F,82.5,Sleeves,S,Full Power,National
Standard,50,,,T14-15DT,F,82.5,Sleeves,B,Full Power,National
Standard,90,,,T14-15DT,F,82.5,Sleeves,D,Full Power,National
Standard,217.5,,,T14-15DT,F,82.5,Sleeves,Total,Full Power,National
Standard,100,,West Midlands,T14-15DT,F,90,Sleeves,S,Full Power,National
Standard,52.5,,,T14-15DT,F,90,Sleeves,B,Full Power,National
Standard,97.5,,,T14-15DT,F,90,Sleeves,D,Full Power,National
Standard,232.5,,,T14-15DT,F,90,Sleeves,Total,Full Power,National
Eleni Bradshaw,130,07/12/2025,National Championships,T14-15DT,F,100,Sleeves,S,Full Power,National
Standard,60,,,T14-15DT,F,100,Sleeves,B,Full Power,National
Eleni Bradshaw,150,07/12/2025,National Championships,T14-15DT,F,100,Sleeves,D,Full Power,National
Eleni Bradshaw,337.5,07/12/2025,National Championships,T14-15DT,F,100,Sleeves,Total,Full Power,National
Standard,115,,,T14-15DT,F,110,Sleeves,S,Full Power,National
Standard,62.5,,,T14-15DT,F,110,Sleeves,B,Full Power,National
Standard,132.5,,,T14-15DT,F,110,Sleeves,D,Full Power,National
Standard,305,,,T14-15DT,F,110,Sleeves,Total,Full Power,National
Standard,117.5,,,T14-15DT,F,110+,Sleeves,S,Full Power,National
Standard,62.5,,,T14-15DT,F,110+,Sleeves,B,Full Power,National
Standard,135,,,T14-15DT,F,110+,Sleeves,D,Full Power,National
Standard,312.5,,,T14-15DT,F,110+,Sleeves,Total,Full Power,National
Standard,55,,,T16-17,F,44,Sleeves,S,Full Power,National
Standard,27.5,,,T16-17,F,44,Sleeves,B,Full Power,National
Standard,57.5,,,T16-17,F,44,Sleeves,D,Full Power,National
Standard,135,,,T16-17,F,44,Sleeves,Total,Full Power,National
Standard,67.5,,,T16-17,F,48,Sleeves,S,Full Power,National
Standard,35,,,T16-17,F,48,Sleeves,B,Full Power,National
Standard,70,,,T16-17,F,48,Sleeves,D,Full Power,National
Standard,167.5,,,T16-17,F,48,Sleeves,Total,Full Power,National
Standard,67.5,,,T16-17,F,52,Sleeves,S,Full Power,National
Standard,35,,,T16-17,F,52,Sleeves,B,Full Power,National
Standard,70,,,T16-17,F,52,Sleeves,D,Full Power,National
Standard,170,,,T16-17,F,52,Sleeves,Total,Full Power,National
Lilibeth Jacobsen,77.5,24/08/2025,North East,T16-17,F,56,Sleeves,S,Full Power,National
Standard,40,,,T16-17,F,56,Sleeves,B,Full Power,National
Standard,80,,,T16-17,F,56,Sleeves,D,Full Power,National
Standard,190,,,T16-17,F,56,Sleeves,Total,Full Power,National
Standard,82.5,,,T16-17,F,60,Sleeves,S,Full Power,National
Standard,42.5,,,T16-17,F,60,Sleeves,B,Full Power,National
Standard,87.5,,,T16-17,F,60,Sleeves,D,Full Power,National
Standard,207.5,,,T16-17,F,60,Sleeves,Total,Full Power,National
Standard,90,,,T16-17,F,67.5,Sleeves,S,Full Power,National
Standard,47.5,,,T16-17,F,67.5,Sleeves,B,Full Power,National
Standard,95,,,T16-17,F,67.5,Sleeves,D,Full Power,National
Standard,230,,,T16-17,F,67.5,Sleeves,Total,Full Power,National
Standard,95,,,T16-17,F,75,Sleeves,S,Full Power,National
Standard,50,,,T16-17,F,75,Sleeves,B,Full Power,National
Standard,100,,,T16-17,F,75,Sleeves,D,Full Power,National
Standard,242.5,,,T16-17,F,75,Sleeves,Total,Full Power,National
Standard,100,,,T16-17,F,82.5,Sleeves,S,Full Power,National
Standard,52.5,,,T16-17,F,82.5,Sleeves,B,Full Power,National
Standard,105,,,T16-17,F,82.5,Sleeves,D,Full Power,National
Standard,255,,,T16-17,F,82.5,Sleeves,Total,Full Power,National
Standard,107.5,,,T16-17,F,90,Sleeves,S,Full Power,National
Standard,55,,,T16-17,F,90,Sleeves,B,Full Power,National
Standard,112.5,,,T16-17,F,90,Sleeves,D,Full Power,National
Standard,272.5,,,T16-17,F,90,Sleeves,Total,Full Power,National
Standard,125,,,T16-17,F,100,Sleeves,S,Full Power,National
Standard,67.5,,,T16-17,F,100,Sleeves,B,Full Power,National
Standard,145,,,T16-17,F,100,Sleeves,D,Full Power,National
Standard,335,,,T16-17,F,100,Sleeves,Total,Full Power,National
Standard,130,,,T16-17,F,110,Sleeves,S,Full Power,National
Standard,70,,,T16-17,F,110,Sleeves,B,Full Power,National
Standard,150,,,T16-17,F,110,Sleeves,D,Full Power,National
Standard,347.5,,,T16-17,F,110,Sleeves,Total,Full Power,National
Standard,132.5,,,T16-17,F,110+,Sleeves,S,Full Power,National
Standard,72.5,,,T16-17,F,110+,Sleeves,B,Full Power,National
Standard,155,,,T16-17,F,110+,Sleeves,D,Full Power,National
Standard,357.5,,,T16-17,F,110+,Sleeves,Total,Full Power,National
Standard,55,,,T16-17DT,F,44,Sleeves,S,Full Power,National
Standard,32.5,,,T16-17DT,F,44,Sleeves,B,Full Power,National
Standard,57.5,,,T16-17DT,F,44,Sleeves,D,Full Power,National
Standard,135,,,T16-17DT,F,44,Sleeves,Total,Full Power,National
Standard,67.5,,,T16-17DT,F,48,Sleeves,S,Full Power,National
Standard,40,,,T16-17DT,F,48,Sleeves,B,Full Power,National
Standard,70,,,T16-17DT,F,48,Sleeves,D,Full Power,National
Standard,167.5,,,T16-17DT,F,48,Sleeves,Total,Full Power,National
Standard,67.5,,,T16-17DT,F,52,Sleeves,S,Full Power,National
Standard,40,,,T16-17DT,F,52,Sleeves,B,Full Power,National
Standard,70,,,T16-17DT,F,52,Sleeves,D,Full Power,National
Standard,170,,,T16-17DT,F,52,Sleeves,Total,Full Power,National
Rubee Whittaker,113,17/05/2026,World Cup UK,T16-17DT,F,56,Sleeves,S,Full Power,National
Rubee Whittaker,60,17/05/2026,World Cup UK,T16-17DT,F,56,Sleeves,B,Full Power,National
Rubee Whittaker,157.5,07/12/2025,National Championships,T16-17DT,F,56,Sleeves,D,Full Power,National
Rubee Whittaker,328,17/05/2026,World Cup UK,T16-17DT,F,56,Sleeves,Total,Full Power,National
Rubee Whittaker,120,15/02/2026,Nottingham,T16-17DT,F,60,Sleeves,S,Full Power,National
Rubee Whittaker,55,15/02/2026,Nottingham,T16-17DT,F,60,Sleeves,B,Full Power,National
Rubee Whittaker,160,15/02/2026,Nottingham,T16-17DT,F,60,Sleeves,D,Full Power,National
Rubee Whittaker,335,15/02/2026,Nottingham,T16-17DT,F,60,Sleeves,Total,Full Power,National
Standard,92.5,,,T16-17DT,F,67.5,Sleeves,S,Full Power,National
Standard,55,,,T16-17DT,F,67.5,Sleeves,B,Full Power,National
Standard,97.5,,,T16-17DT,F,67.5,Sleeves,D,Full Power,National
Standard,235,,,T16-17DT,F,67.5,Sleeves,Total,Full Power,National
Standard,95,,,T16-17DT,F,75,Sleeves,S,Full Power,National
Standard,55,,,T16-17DT,F,75,Sleeves,B,Full Power,National
Standard,100,,,T16-17DT,F,75,Sleeves,D,Full Power,National
Standard,242.5,,,T16-17DT,F,75,Sleeves,Total,Full Power,National
Standard,100,,,T16-17DT,F,82.5,Sleeves,S,Full Power,National
Standard,57.5,,,T16-17DT,F,82.5,Sleeves,B,Full Power,National
Standard,105,,,T16-17DT,F,82.5,Sleeves,D,Full Power,National
Standard,255,,,T16-17DT,F,82.5,Sleeves,Total,Full Power,National
Standard,107.5,,,T16-17DT,F,90,Sleeves,S,Full Power,National
Standard,62.5,,,T16-17DT,F,90,Sleeves,B,Full Power,National
Standard,112.5,,,T16-17DT,F,90,Sleeves,D,Full Power,National
Standard,272.5,,,T16-17DT,F,90,Sleeves,Total,Full Power,National
Standard,122.5,,,T16-17DT,F,100,Sleeves,S,Full Power,National
Standard,67.5,,,T16-17DT,F,100,Sleeves,B,Full Power,National
Standard,142.5,,,T16-17DT,F,100,Sleeves,D,Full Power,National
Standard,330,,,T16-17DT,F,100,Sleeves,Total,Full Power,National
Standard,125,,,T16-17DT,F,110,Sleeves,S,Full Power,National
Standard,67.5,,,T16-17DT,F,110,Sleeves,B,Full Power,National
Standard,147.5,,,T16-17DT,F,110,Sleeves,D,Full Power,National
Standard,337.5,,,T16-17DT,F,110,Sleeves,Total,Full Power,National
Standard,130,,,T16-17DT,F,110+,Sleeves,S,Full Power,National
Standard,70,,,T16-17DT,F,110+,Sleeves,B,Full Power,National
Standard,150,,,T16-17DT,F,110+,Sleeves,D,Full Power,National
Standard,345,,,T16-17DT,F,110+,Sleeves,Total,Full Power,National
Standard,62.5,,,T18-19,F,44,Sleeves,S,Full Power,National
Standard,32.5,,,T18-19,F,44,Sleeves,B,Full Power,National
Standard,65,,,T18-19,F,44,Sleeves,D,Full Power,National
Standard,157.5,,,T18-19,F,44,Sleeves,Total,Full Power,National
Standard,77.5,,,T18-19,F,48,Sleeves,S,Full Power,National
Standard,40,,,T18-19,F,48,Sleeves,B,Full Power,National
Standard,80,,,T18-19,F,48,Sleeves,D,Full Power,National
Standard,195,,,T18-19,F,48,Sleeves,Total,Full Power,National
Standard,80,,,T18-19,F,52,Sleeves,S,Full Power,National
Standard,40,,,T18-19,F,52,Sleeves,B,Full Power,National
Standard,82.5,,,T18-19,F,52,Sleeves,D,Full Power,National
Standard,200,,,T18-19,F,52,Sleeves,Total,Full Power,National
Standard,85,,,T18-19,F,56,Sleeves,S,Full Power,National
Standard,45,,,T18-19,F,56,Sleeves,B,Full Power,National
Standard,95,,,T18-19,F,56,Sleeves,D,Full Power,National
Standard,222.5,,,T18-19,F,56,Sleeves,Total,Full Power,National
Standard,95,,,T18-19,F,60,Sleeves,S,Full Power,National
Standard,50,,,T18-19,F,60,Sleeves,B,Full Power,National
Standard,100,,,T18-19,F,60,Sleeves,D,Full Power,National
Standard,242.5,,,T18-19,F,60,Sleeves,Total,Full Power,National
Standard,107.5,,,T18-19,F,67.5,Sleeves,S,Full Power,National
Standard,55,,,T18-19,F,67.5,Sleeves,B,Full Power,National
Standard,112.5,,,T18-19,F,67.5,Sleeves,D,Full Power,National
Standard,270,,,T18-19,F,67.5,Sleeves,Total,Full Power,National
Standard,112.5,,,T18-19,F,75,Sleeves,S,Full Power,National
Standard,57.5,,,T18-19,F,75,Sleeves,B,Full Power,National
Standard,117.5,,,T18-19,F,75,Sleeves,D,Full Power,National
Standard,282.5,,,T18-19,F,75,Sleeves,Total,Full Power,National
Daniella Pirks,120,28/09/2025,South Midlands,T18-19,F,82.5,Sleeves,S,Full Power,National
Daniella Pirks,60,28/09/2025,South Midlands,T18-19,F,82.5,Sleeves,B,Full Power,National
Daniella Pirks,130,28/09/2025,South Midlands,T18-19,F,82.5,Sleeves,D,Full Power,National
Daniella Pirks,310,28/09/2025,South Midlands,T18-19,F,82.5,Sleeves,Total,Full Power,National
Standard,125,,,T18-19,F,90,Sleeves,S,Full Power,National
Standard,65,,,T18-19,F,90,Sleeves,B,Full Power,National
Standard,132.5,,,T18-19,F,90,Sleeves,D,Full Power,National
Standard,320,,,T18-19,F,90,Sleeves,Total,Full Power,National
Standard,137.5,,,T18-19,F,100,Sleeves,S,Full Power,National
Standard,75,,,T18-19,F,100,Sleeves,B,Full Power,National
Standard,160,,,T18-19,F,100,Sleeves,D,Full Power,National
Standard,370,,,T18-19,F,100,Sleeves,Total,Full Power,National
Standard,142.5,,,T18-19,F,110,Sleeves,S,Full Power,National
Standard,77.5,,,T18-19,F,110,Sleeves,B,Full Power,National
Standard,167.5,,,T18-19,F,110,Sleeves,D,Full Power,National
Standard,385,,,T18-19,F,110,Sleeves,Total,Full Power,National
Standard,147.5,,,T18-19,F,110+,Sleeves,S,Full Power,National
Standard,80,,,T18-19,F,110+,Sleeves,B,Full Power,National
Standard,170,,,T18-19,F,110+,Sleeves,D,Full Power,National
Standard,395,,,T18-19,F,110+,Sleeves,Total,Full Power,National
Standard,60,,,T18-19DT,F,44,Sleeves,S,Full Power,National
Standard,32.5,,,T18-19DT,F,44,Sleeves,B,Full Power,National
Standard,67.5,,,T18-19DT,F,44,Sleeves,D,Full Power,National
Standard,157.5,,,T18-19DT,F,44,Sleeves,Total,Full Power,National
Standard,75,,,T18-19DT,F,48,Sleeves,S,Full Power,National
Standard,40,,,T18-19DT,F,48,Sleeves,B,Full Power,National
Standard,82.5,,,T18-19DT,F,48,Sleeves,D,Full Power,National
Standard,195,,,T18-19DT,F,48,Sleeves,Total,Full Power,National
Ruby Harrison,85,17/08/2025,North West,T18-19DT,F,52,Sleeves,S,Full Power,National
Ruby Harrison,52.5,17/08/2025,North West,T18-19DT,F,52,Sleeves,B,Full Power,National
Ruby Harrison,105,17/08/2025,North West,T18-19DT,F,52,Sleeves,D,Full Power,National
Ruby Harrison,242.5,17/08/2025,North West,T18-19DT,F,52,Sleeves,Total,Full Power,National
Ruby Harrison,90,06/04/2025,South Midlands,T18-19DT,F,56,Sleeves,S,Full Power,National
Ruby Harrison,55,07/12/2025,National Championships,T18-19DT,F,56,Sleeves,B,Full Power,National
Ruby Harrison,110,06/04/2025,South Midlands,T18-19DT,F,56,Sleeves,D,Full Power,National
Ruby Harrison,250,07/12/2025,National Championships,T18-19DT,F,56,Sleeves,Total,Full Power,National
Standard,95,,,T18-19DT,F,60,Sleeves,S,Full Power,National
Victoria Zhuravel,62.5,08/02/2026,Peterborough,T18-19DT,F,60,Sleeves,B,Full Power,National
Victoria Zhuravel,107.5,08/02/2026,Peterborough,T18-19DT,F,60,Sleeves,D,Full Power,National
Victoria Zhuravel,255,08/02/2026,Peterborough,T18-19DT,F,60,Sleeves,Total,Full Power,National
Zoe Thomas,117.5,18/08/2024,South West,T18-19DT,F,67.5,Sleeves,S,Full Power,National
Standard,60,,,T18-19DT,F,67.5,Sleeves,B,Full Power,National
Zoe Thomas,145,18/08/2024,South West,T18-19DT,F,67.5,Sleeves,D,Full Power,National
Zoe Thomas,312.5,18/08/2024,South West,T18-19DT,F,67.5,Sleeves,Total,Full Power,National
Olivia Humphrey,125,17/05/2026,World Cup UK,T18-19DT,F,75,Sleeves,S,Full Power,National
Olivia Humphrey,90,17/05/2026,World Cup UK,T18-19DT,F,75,Sleeves,B,Full Power,National
Olivia Humphrey,180,17/05/2026,World Cup UK,T18-19DT,F,75,Sleeves,D,Full Power,National
Olivia Humphrey,395,17/05/2026,World Cup UK,T18-19DT,F,75,Sleeves,Total,Full Power,National
Davina Foh-Amoaning,115.5,05/05/2024,Nottingham,T18-19DT,F,82.5,Sleeves,S,Full Power,National
Daniella Pirks,62.5,12/04/2026,East Midlands,T18-19DT,F,82.5,Sleeves,B,Full Power,National
Davina Foh-Amoaning,132.5,05/05/2024,Nottingham,T18-19DT,F,82.5,Sleeves,D,Full Power,National
Davina Foh-Amoaning,308.5,05/05/2024,Nottingham,T18-19DT,F,82.5,Sleeves,Total,Full Power,National
Standard,122.5,,,T18-19DT,F,90,Sleeves,S,Full Power,National
Tamzin Ord,71.5,05/05/2024,Nottingham,T18-19DT,F,90,Sleeves,B,Full Power,National
Tamzin Ord,135.5,05/05/2024,Nottingham,T18-19DT,F,90,Sleeves,D,Full Power,National
Standard,320,,,T18-19DT,F,90,Sleeves,Total,Full Power,National
Standard,137.5,,,T18-19DT,F,100,Sleeves,S,Full Power,National
Standard,75,,,T18-19DT,F,100,Sleeves,B,Full Power,National
Standard,157.5,,,T18-19DT,F,100,Sleeves,D,Full Power,National
Standard,365,,,T18-19DT,F,100,Sleeves,Total,Full Power,National
Standard,140,,,T18-19DT,F,110,Sleeves,S,Full Power,National
Standard,75,,,T18-19DT,F,110,Sleeves,B,Full Power,National
Standard,162.5,,,T18-19DT,F,110,Sleeves,D,Full Power,National
Standard,375,,,T18-19DT,F,110,Sleeves,Total,Full Power,National
Standard,142.5,,,T18-19DT,F,110+,Sleeves,S,Full Power,National
Standard,77.5,,,T18-19DT,F,110+,Sleeves,B,Full Power,National
Standard,165,,,T18-19DT,F,110+,Sleeves,D,Full Power,National
Standard,382.5,,,T18-19DT,F,110+,Sleeves,Total,Full Power,National
Standard,72.5,,,Junior,F,44,Sleeves,S,Full Power,National
Standard,37.5,,,Junior,F,44,Sleeves,B,Full Power,National
Standard,77.5,,,Junior,F,44,Sleeves,D,Full Power,National
Standard,185,,,Junior,F,44,Sleeves,Total,Full Power,National
Standard,90,,,Junior,F,48,Sleeves,S,Full Power,National
Standard,47.5,,,Junior,F,48,Sleeves,B,Full Power,National
Standard,95,,,Junior,F,48,Sleeves,D,Full Power,National
Standard,227.5,,,Junior,F,48,Sleeves,Total,Full Power,National
Standard,92.5,,,Junior,F,52,Sleeves,S,Full Power,National
Standard,47.5,,,Junior,F,52,Sleeves,B,Full Power,National
Standard,97.5,,,Junior,F,52,Sleeves,D,Full Power,National
Standard,235,,,Junior,F,52,Sleeves,Total,Full Power,National
Standard,102.5,,,Junior,F,56,Sleeves,S,Full Power,National
Standard,52.5,,,Junior,F,56,Sleeves,B,Full Power,National
Standard,107.5,,,Junior,F,56,Sleeves,D,Full Power,National
Standard,260,,,Junior,F,56,Sleeves,Total,Full Power,National
Standard,112.5,,,Junior,F,60,Sleeves,S,Full Power,National
Standard,57.5,,,Junior,F,60,Sleeves,B,Full Power,National
Standard,117.5,,,Junior,F,60,Sleeves,D,Full Power,National
Standard,285,,,Junior,F,60,Sleeves,Total,Full Power,National
Standard,125,,,Junior,F,67.5,Sleeves,S,Full Power,National
Standard,65,,,Junior,F,67.5,Sleeves,B,Full Power,National
Standard,132.5,,,Junior,F,67.5,Sleeves,D,Full Power,National
Standard,317.5,,,Junior,F,67.5,Sleeves,Total,Full Power,National
Standard,130,,,Junior,F,75,Sleeves,S,Full Power,National
Standard,67.5,,,Junior,F,75,Sleeves,B,Full Power,National
Standard,137.5,,,Junior,F,75,Sleeves,D,Full Power,National
Standard,330,,,Junior,F,75,Sleeves,Total,Full Power,National
Standard,137.5,,,Junior,F,82.5,Sleeves,S,Full Power,National
Standard,72.5,,,Junior,F,82.5,Sleeves,B,Full Power,National
Standard,145,,,Junior,F,82.5,Sleeves,D,Full Power,National
Standard,352.5,,,Junior,F,82.5,Sleeves,Total,Full Power,National
Standard,147.5,,,Junior,F,90,Sleeves,S,Full Power,National
Standard,75,,,Junior,F,90,Sleeves,B,Full Power,National
Standard,155,,,Junior,F,90,Sleeves,D,Full Power,National
Standard,375,,,Junior,F,90,Sleeves,Total,Full Power,National
Standard,152.5,,,Junior,F,100,Sleeves,S,Full Power,National
Standard,82.5,,,Junior,F,100,Sleeves,B,Full Power,National
Standard,177.5,,,Junior,F,100,Sleeves,D,Full Power,National
Standard,410,,,Junior,F,100,Sleeves,Total,Full Power,National
Standard,160,,,Junior,F,110,Sleeves,S,Full Power,National
Standard,87.5,,,Junior,F,110,Sleeves,B,Full Power,National
Standard,185,,,Junior,F,110,Sleeves,D,Full Power,National
Standard,427.5,,,Junior,F,110,Sleeves,Total,Full Power,National
Standard,162.5,,,Junior,F,110+,Sleeves,S,Full Power,National
Standard,87.5,,,Junior,F,110+,Sleeves,B,Full Power,National
Standard,190,,,Junior,F,110+,Sleeves,D,Full Power,National
Standard,437.5,,,Junior,F,110+,Sleeves,Total,Full Power,National
Standard,72.5,,,JuniorDT,F,44,Sleeves,S,Full Power,National
Standard,37.5,,,JuniorDT,F,44,Sleeves,B,Full Power,National
Standard,80,,,JuniorDT,F,44,Sleeves,D,Full Power,National
Standard,185,,,JuniorDT,F,44,Sleeves,Total,Full Power,National
Standard,87.5,,,JuniorDT,F,48,Sleeves,S,Full Power,National
Standard,47.5,,,JuniorDT,F,48,Sleeves,B,Full Power,National
Standard,97.5,,,JuniorDT,F,48,Sleeves,D,Full Power,National
Standard,227.5,,,JuniorDT,F,48,Sleeves,Total,Full Power,National
Standard,90,,,JuniorDT,F,52,Sleeves,S,Full Power,National
Standard,47.5,,,JuniorDT,F,52,Sleeves,B,Full Power,National
Standard,100,,,JuniorDT,F,52,Sleeves,D,Full Power,National
Standard,235,,,JuniorDT,F,52,Sleeves,Total,Full Power,National
Kelise Harrington,135,02/11/2025,Nottingham,JuniorDT,F,56,Sleeves,S,Full Power,National
Kelise Harrington,72.5,02/11/2025,Nottingham,JuniorDT,F,56,Sleeves,B,Full Power,National
Kelise Harrington,175,02/11/2025,Nottingham,JuniorDT,F,56,Sleeves,D,Full Power,National
Kelise Harrington,382.5,02/11/2025,Nottingham,JuniorDT,F,56,Sleeves,Total,Full Power,National
Reegan Green,160,07/12/2025,National Championships,JuniorDT,F,60,Sleeves,S,Full Power,National
Reegan Green,70,07/12/2025,National Championships,JuniorDT,F,60,Sleeves,B,Full Power,National
Reegan Green,175,07/12/2025,National Championships,JuniorDT,F,60,Sleeves,D,Full Power,National
Reegan Green,405,07/12/2025,National Championships,JuniorDT,F,60,Sleeves,Total,Full Power,National
Abi Gosling,127.5,17/05/2026,World Cup UK,JuniorDT,F,67.5,Sleeves,S,Full Power,National
Abi Gosling,70,17/05/2026,World Cup UK,JuniorDT,F,67.5,Sleeves,B,Full Power,National
Amera Telfer-Ross,167.5,28/09/2025,South Midlands,JuniorDT,F,67.5,Sleeves,D,Full Power,National
Abi Gosling,345,17/05/2026,World Cup UK,JuniorDT,F,67.5,Sleeves,Total,Full Power,National
Standard,127.5,,,JuniorDT,F,75,Sleeves,S,Full Power,National
Standard,67.5,,,JuniorDT,F,75,Sleeves,B,Full Power,National
Molly Dutchburn,142.5,15/02/2026,Nottingham,JuniorDT,F,75,Sleeves,D,Full Power,National
Standard,330,,,JuniorDT,F,75,Sleeves,Total,Full Power,National
Georgia Ames,136,24/08/2025,North East,JuniorDT,F,82.5,Sleeves,S,Full Power,National
Standard,72.5,,,JuniorDT,F,82.5,Sleeves,B,Full Power,National
Alisha Slater,162.5,17/05/2026,World Cup UK,JuniorDT,F,82.5,Sleeves,D,Full Power,National
Alisha Slater,355,17/05/2026,World Cup UK,JuniorDT,F,82.5,Sleeves,Total,Full Power,National
Standard,142.5,,,JuniorDT,F,90,Sleeves,S,Full Power,National
Tamzin Ord,75.5,16/02/2025,Nottingham,JuniorDT,F,90,Sleeves,B,Full Power,National
Standard,157.5,,,JuniorDT,F,90,Sleeves,D,Full Power,National
Standard,375,,,JuniorDT,F,90,Sleeves,Total,Full Power,National
Standard,150,,,JuniorDT,F,100,Sleeves,S,Full Power,National
Standard,82.5,,,JuniorDT,F,100,Sleeves,B,Full Power,National
Standard,175,,,JuniorDT,F,100,Sleeves,D,Full Power,National
Standard,405,,,JuniorDT,F,100,Sleeves,Total,Full Power,National
Standard,155,,,JuniorDT,F,110,Sleeves,S,Full Power,National
Standard,85,,,JuniorDT,F,110,Sleeves,B,Full Power,National
Anna Ingram,180.5,24/08/2025,North East,JuniorDT,F,110,Sleeves,D,Full Power,National
Standard,415,,,JuniorDT,F,110,Sleeves,Total,Full Power,National
Standard,157.5,,,JuniorDT,F,110+,Sleeves,S,Full Power,National
Standard,85,,,JuniorDT,F,110+,Sleeves,B,Full Power,National
Standard,185,,,JuniorDT,F,110+,Sleeves,D,Full Power,National
Standard,425,,,JuniorDT,F,110+,Sleeves,Total,Full Power,National
Standard,77.5,,,M40-49,F,44,Sleeves,S,Full Power,National
Standard,40,,,M40-49,F,44,Sleeves,B,Full Power,National
Standard,80,,,M40-49,F,44,Sleeves,D,Full Power,National
Standard,192.5,,,M40-49,F,44,Sleeves,Total,Full Power,National
Standard,92.5,,,M40-49,F,48,Sleeves,S,Full Power,National
Standard,47.5,,,M40-49,F,48,Sleeves,B,Full Power,National
Standard,97.5,,,M40-49,F,48,Sleeves,D,Full Power,National
Standard,235,,,M40-49,F,48,Sleeves,Total,Full Power,National
Standard,95,,,M40-49,F,52,Sleeves,S,Full Power,National
Standard,50,,,M40-49,F,52,Sleeves,B,Full Power,National
Standard,100,,,M40-49,F,52,Sleeves,D,Full Power,National
Standard,242.5,,,M40-49,F,52,Sleeves,Total,Full Power,National
Katie Fordham,105,12/04/2026,East Midlands,M40-49,F,56,Sleeves,S,Full Power,National
Katie Fordham,56,12/04/2026,East Midlands,M40-49,F,56,Sleeves,B,Full Power,National
Katie Fordham,117.5,12/04/2026,East Midlands,M40-49,F,56,Sleeves,D,Full Power,National
Katie Fordham,278.5,12/04/2026,East Midlands,M40-49,F,56,Sleeves,Total,Full Power,National
Standard,117.5,,,M40-49,F,60,Sleeves,S,Full Power,National
Standard,60,,,M40-49,F,60,Sleeves,B,Full Power,National
Standard,122.5,,,M40-49,F,60,Sleeves,D,Full Power,National
Standard,295,,,M40-49,F,60,Sleeves,Total,Full Power,National
Sharon Eggleton,205,02/11/2025,Nottingham,M40-49,F,67.5,Sleeves,S,Full Power,National
Sharon Eggleton,135,02/11/2025,Nottingham,M40-49,F,67.5,Sleeves,B,Full Power,National
Sharon Eggleton,250,02/11/2025,Nottingham,M40-49,F,67.5,Sleeves,D,Full Power,National
Sharon Eggleton,590,02/11/2025,Nottingham,M40-49,F,67.5,Sleeves,Total,Full Power,National
Standard,135,,,M40-49,F,75,Sleeves,S,Full Power,National
Standard,70,,,M40-49,F,75,Sleeves,B,Full Power,National
Standard,140,,,M40-49,F,75,Sleeves,D,Full Power,National
Standard,340,,,M40-49,F,75,Sleeves,Total,Full Power,National
Standard,142.5,,,M40-49,F,82.5,Sleeves,S,Full Power,National
Standard,72.5,,,M40-49,F,82.5,Sleeves,B,Full Power,National
Standard,150,,,M40-49,F,82.5,Sleeves,D,Full Power,National
Standard,362.5,,,M40-49,F,82.5,Sleeves,Total,Full Power,National
Standard,152.5,,,M40-49,F,90,Sleeves,S,Full Power,National
Claire Hopley,85,05/12/2025,National Championships,M40-49,F,90,Sleeves,B,Full Power,National
Claire Hopley,162.5,05/12/2025,National Championships,M40-49,F,90,Sleeves,D,Full Power,National
Standard,385,,,M40-49,F,90,Sleeves,Total,Full Power,National
Standard,152.5,,,M40-49,F,100,Sleeves,S,Full Power,National
Standard,82.5,,,M40-49,F,100,Sleeves,B,Full Power,National
Standard,177.5,,,M40-49,F,100,Sleeves,D,Full Power,National
Standard,410,,,M40-49,F,100,Sleeves,Total,Full Power,National
Standard,160,,,M40-49,F,110,Sleeves,S,Full Power,National
Standard,87.5,,,M40-49,F,110,Sleeves,B,Full Power,National
Standard,185,,,M40-49,F,110,Sleeves,D,Full Power,National
Standard,427.5,,,M40-49,F,110,Sleeves,Total,Full Power,National
Standard,162.5,,,M40-49,F,110+,Sleeves,S,Full Power,National
Standard,87.5,,,M40-49,F,110+,Sleeves,B,Full Power,National
Standard,190,,,M40-49,F,110+,Sleeves,D,Full Power,National
Standard,437.5,,,M40-49,F,110+,Sleeves,Total,Full Power,National
Standard,67.5,,,M50-59,F,44,Sleeves,S,Full Power,National
Standard,35,,,M50-59,F,44,Sleeves,B,Full Power,National
Standard,70,,,M50-59,F,44,Sleeves,D,Full Power,National
Standard,170,,,M50-59,F,44,Sleeves,Total,Full Power,National
Standard,82.5,,,M50-59,F,48,Sleeves,S,Full Power,National
Standard,42.5,,,M50-59,F,48,Sleeves,B,Full Power,National
Standard,87.5,,,M50-59,F,48,Sleeves,D,Full Power,National
Standard,207.5,,,M50-59,F,48,Sleeves,Total,Full Power,National
Standard,85,,,M50-59,F,52,Sleeves,S,Full Power,National
Standard,42.5,,,M50-59,F,52,Sleeves,B,Full Power,National
Standard,87.5,,,M50-59,F,52,Sleeves,D,Full Power,National
Standard,212.5,,,M50-59,F,52,Sleeves,Total,Full Power,National
Standard,92.5,,,M50-59,F,56,Sleeves,S,Full Power,National
Standard,47.5,,,M50-59,F,56,Sleeves,B,Full Power,National
Standard,97.5,,,M50-59,F,56,Sleeves,D,Full Power,National
Standard,235,,,M50-59,F,56,Sleeves,Total,Full Power,National
Standard,102.5,,,M50-59,F,60,Sleeves,S,Full Power,National
Standard,52.5,,,M50-59,F,60,Sleeves,B,Full Power,National
Standard,107.5,,,M50-59,F,60,Sleeves,D,Full Power,National
Standard,260,,,M50-59,F,60,Sleeves,Total,Full Power,National
Geraldine Goligher,160,02/11/2025,Nottingham,M50-59,F,67.5,Sleeves,S,Full Power,National
Wendy Addison-Doy,102.5,04/05/2025,North West,M50-59,F,67.5,Sleeves,B,Full Power,National
Geraldine Goligher,180,02/11/2025,Nottingham,M50-59,F,67.5,Sleeves,D,Full Power,National
Geraldine Goligher,440,02/11/2025,Nottingham,M50-59,F,67.5,Sleeves,Total,Full Power,National
Standard,117.5,,,M50-59,F,75,Sleeves,S,Full Power,National
Standard,60,,,M50-59,F,75,Sleeves,B,Full Power,National
Standard,122.5,,,M50-59,F,75,Sleeves,D,Full Power,National
Standard,297.5,,,M50-59,F,75,Sleeves,Total,Full Power,National
Standard,125,,,M50-59,F,82.5,Sleeves,S,Full Power,National
Standard,65,,,M50-59,F,82.5,Sleeves,B,Full Power,National
Standard,132.5,,,M50-59,F,82.5,Sleeves,D,Full Power,National
Standard,317.5,,,M50-59,F,82.5,Sleeves,Total,Full Power,National
Standard,132.5,,,M50-59,F,90,Sleeves,S,Full Power,National
Standard,67.5,,,M50-59,F,90,Sleeves,B,Full Power,National
Standard,140,,,M50-59,F,90,Sleeves,D,Full Power,National
Standard,337.5,,,M50-59,F,90,Sleeves,Total,Full Power,National
Standard,137.5,,,M50-59,F,100,Sleeves,S,Full Power,National
Standard,75,,,M50-59,F,100,Sleeves,B,Full Power,National
Standard,160,,,M50-59,F,100,Sleeves,D,Full Power,National
Standard,370,,,M50-59,F,100,Sleeves,Total,Full Power,National
Standard,142.5,,,M50-59,F,110,Sleeves,S,Full Power,National
Standard,77.5,,,M50-59,F,110,Sleeves,B,Full Power,National
Standard,167.5,,,M50-59,F,110,Sleeves,D,Full Power,National
Standard,385,,,M50-59,F,110,Sleeves,Total,Full Power,National
Standard,147.5,,,M50-59,F,110+,Sleeves,S,Full Power,National
Standard,80,,,M50-59,F,110+,Sleeves,B,Full Power,National
Standard,170,,,M50-59,F,110+,Sleeves,D,Full Power,National
Standard,395,,,M50-59,F,110+,Sleeves,Total,Full Power,National
Standard,60,,,M60-69,F,44,Sleeves,S,Full Power,National
Standard,30,,,M60-69,F,44,Sleeves,B,Full Power,National
Standard,62.5,,,M60-69,F,44,Sleeves,D,Full Power,National
Standard,150,,,M60-69,F,44,Sleeves,Total,Full Power,National
Standard,72.5,,,M60-69,F,48,Sleeves,S,Full Power,National
Standard,37.5,,,M60-69,F,48,Sleeves,B,Full Power,National
Standard,75,,,M60-69,F,48,Sleeves,D,Full Power,National
Standard,182.5,,,M60-69,F,48,Sleeves,Total,Full Power,National
Standard,75,,,M60-69,F,52,Sleeves,S,Full Power,National
Standard,37.5,,,M60-69,F,52,Sleeves,B,Full Power,National
Standard,77.5,,,M60-69,F,52,Sleeves,D,Full Power,National
Standard,187.5,,,M60-69,F,52,Sleeves,Total,Full Power,National
Standard,82.5,,,M60-69,F,56,Sleeves,S,Full Power,National
Standard,42.5,,,M60-69,F,56,Sleeves,B,Full Power,National
Standard,87.5,,,M60-69,F,56,Sleeves,D,Full Power,National
Standard,207.5,,,M60-69,F,56,Sleeves,Total,Full Power,National
Standard,90,,,M60-69,F,60,Sleeves,S,Full Power,National
Standard,47.5,,,M60-69,F,60,Sleeves,B,Full Power,National
Standard,95,,,M60-69,F,60,Sleeves,D,Full Power,National
Standard,227.5,,,M60-69,F,60,Sleeves,Total,Full Power,National
Standard,100,,,M60-69,F,67.5,Sleeves,S,Full Power,National
Standard,52.5,,,M60-69,F,67.5,Sleeves,B,Full Power,National
Standard,105,,,M60-69,F,67.5,Sleeves,D,Full Power,National
Standard,252.5,,,M60-69,F,67.5,Sleeves,Total,Full Power,National
Standard,102.5,,,M60-69,F,75,Sleeves,S,Full Power,National
Debbie Barr,52.5,05/12/2025,National Championships,M60-69,F,75,Sleeves,B,Full Power,National
Debbie Barr,127.5,05/12/2025,National Championships,M60-69,F,75,Sleeves,D,Full Power,National
Debbie Barr,280,05/12/2025,National Championships,M60-69,F,75,Sleeves,Total,Full Power,National
Standard,110,,,M60-69,F,82.5,Sleeves,S,Full Power,National
Standard,57.5,,,M60-69,F,82.5,Sleeves,B,Full Power,National
Standard,115,,,M60-69,F,82.5,Sleeves,D,Full Power,National
Standard,280,,,M60-69,F,82.5,Sleeves,Total,Full Power,National
Standard,117.5,,,M60-69,F,90,Sleeves,S,Full Power,National
Standard,60,,,M60-69,F,90,Sleeves,B,Full Power,National
Standard,122.5,,,M60-69,F,90,Sleeves,D,Full Power,National
Standard,297.5,,,M60-69,F,90,Sleeves,Total,Full Power,National
Standard,125,,,M60-69,F,100,Sleeves,S,Full Power,National
Standard,67.5,,,M60-69,F,100,Sleeves,B,Full Power,National
Standard,145,,,M60-69,F,100,Sleeves,D,Full Power,National
Standard,335,,,M60-69,F,100,Sleeves,Total,Full Power,National
Standard,130,,,M60-69,F,110,Sleeves,S,Full Power,National
Standard,70,,,M60-69,F,110,Sleeves,B,Full Power,National
Standard,150,,,M60-69,F,110,Sleeves,D,Full Power,National
Standard,347.5,,,M60-69,F,110,Sleeves,Total,Full Power,National
Standard,132.5,,,M60-69,F,110+,Sleeves,S,Full Power,National
Standard,72.5,,,M60-69,F,110+,Sleeves,B,Full Power,National
Standard,155,,,M60-69,F,110+,Sleeves,D,Full Power,National
Standard,357.5,,,M60-69,F,110+,Sleeves,Total,Full Power,National
Standard,75,,,M40-49DT,F,44,Sleeves,S,Full Power,National
Standard,40,,,M40-49DT,F,44,Sleeves,B,Full Power,National
Natalia Sofia Lamberto Laranjeira,102.5,17/05/2026,World Cup UK,M40-49DT,F,44,Sleeves,D,Full Power,National
Natalia Sofia Lamberto Laranjeira,197.5,17/05/2026,World Cup UK,M40-49DT,F,44,Sleeves,Total,Full Power,National
Standard,90,,,M40-49DT,F,48,Sleeves,S,Full Power,National
Standard,47.5,,,M40-49DT,F,48,Sleeves,B,Full Power,National
Standard,100,,,M40-49DT,F,48,Sleeves,D,Full Power,National
Standard,235,,,M40-49DT,F,48,Sleeves,Total,Full Power,National
Standard,92.5,,,M40-49DT,F,52,Sleeves,S,Full Power,National
Standard,50,,,M40-49DT,F,52,Sleeves,B,Full Power,National
Standard,102.5,,,M40-49DT,F,52,Sleeves,D,Full Power,National
Standard,242.5,,,M40-49DT,F,52,Sleeves,Total,Full Power,National
Standard,102.5,,,M40-49DT,F,56,Sleeves,S,Full Power,National
Standard,55,,,M40-49DT,F,56,Sleeves,B,Full Power,National
Standard,112.5,,,M40-49DT,F,56,Sleeves,D,Full Power,National
Standard,267.5,,,M40-49DT,F,56,Sleeves,Total,Full Power,National
Beckie Hebson,140,17/08/2025,North West,M40-49DT,F,60,Sleeves,S,Full Power,National
Beckie Hebson,70,17/08/2025,North West,M40-49DT,F,60,Sleeves,B,Full Power,National
Beckie Hebson,160,17/08/2025,North West,M40-49DT,F,60,Sleeves,D,Full Power,National
Beckie Hebson,370,17/08/2025,North West,M40-49DT,F,60,Sleeves,Total,Full Power,National
Sumina Rashid,142.5,07/12/2025,National Championships,M40-49DT,F,67.5,Sleeves,S,Full Power,National
Beckie Hebson,70,07/12/2025,National Championships,M40-49DT,F,67.5,Sleeves,B,Full Power,National
Beckie Hebson,165,07/12/2025,National Championships,M40-49DT,F,67.5,Sleeves,D,Full Power,National
Beckie Hebson,370,07/12/2025,National Championships,M40-49DT,F,67.5,Sleeves,Total,Full Power,National
Kessiah Farrington,145,15/02/2026,Nottingham,M40-49DT,F,75,Sleeves,S,Full Power,National
Standard,70,,,M40-49DT,F,75,Sleeves,B,Full Power,National
Kessiah Farrington,177.5,15/02/2026,Nottingham,M40-49DT,F,75,Sleeves,D,Full Power,National
Kessiah Farrington,390,15/02/2026,Nottingham,M40-49DT,F,75,Sleeves,Total,Full Power,National
Adella Bryan,140.5,11/01/2026,North East,M40-49DT,F,82.5,Sleeves,S,Full Power,National
Adella Bryan,85,11/01/2026,North East,M40-49DT,F,82.5,Sleeves,B,Full Power,National
Adella Bryan,180,11/01/2026,North East,M40-49DT,F,82.5,Sleeves,D,Full Power,National
Adella Bryan,405.5,11/01/2026,North East,M40-49DT,F,82.5,Sleeves,Total,Full Power,National
Standard,147.5,,,M40-49DT,F,90,Sleeves,S,Full Power,National
Standard,77.5,,,M40-49DT,F,90,Sleeves,B,Full Power,National
Standard,162.5,,,M40-49DT,F,90,Sleeves,D,Full Power,National
Standard,385,,,M40-49DT,F,90,Sleeves,Total,Full Power,National
Katy Lucas,150,17/05/2026,World Cup UK,M40-49DT,F,100,Sleeves,S,Full Power,National
Standard,82.5,,,M40-49DT,F,100,Sleeves,B,Full Power,National
Standard,175,,,M40-49DT,F,100,Sleeves,D,Full Power,National
Standard,405,,,M40-49DT,F,100,Sleeves,Total,Full Power,National
Marie Hume,177.5,29/03/2026,South West,M40-49DT,F,110,Sleeves,S,Full Power,National
Marie Hume,95,07/12/2025,National Championships,M40-49DT,F,110,Sleeves,B,Full Power,National
Standard,180,,,M40-49DT,F,110,Sleeves,D,Full Power,National
Marie Hume,440,07/12/2025,National Championships,M40-49DT,F,110,Sleeves,Total,Full Power,National
Jamiella Bruzulier,160,07/12/2025,National Championships,M40-49DT,F,110+,Sleeves,S,Full Power,National
Jamiella Bruzulier,92.5,07/12/2025,National Championships,M40-49DT,F,110+,Sleeves,B,Full Power,National
Standard,185,,,M40-49DT,F,110+,Sleeves,D,Full Power,National
Standard,425,,,M40-49DT,F,110+,Sleeves,Total,Full Power,National
Standard,72.5,,,M50-59DT,F,44,Sleeves,S,Full Power,National
Standard,42.5,,,M50-59DT,F,44,Sleeves,B,Full Power,National
Standard,77.5,,,M50-59DT,F,44,Sleeves,D,Full Power,National
Standard,185,,,M50-59DT,F,44,Sleeves,Total,Full Power,National
Standard,90,,,M50-59DT,F,48,Sleeves,S,Full Power,National
Standard,52.5,,,M50-59DT,F,48,Sleeves,B,Full Power,National
Standard,92.5,,,M50-59DT,F,48,Sleeves,D,Full Power,National
Standard,225,,,M50-59DT,F,48,Sleeves,Total,Full Power,National
Standard,92.5,,,M50-59DT,F,52,Sleeves,S,Full Power,National
Standard,52.5,,,M50-59DT,F,52,Sleeves,B,Full Power,National
Standard,97.5,,,M50-59DT,F,52,Sleeves,D,Full Power,National
Standard,232.5,,,M50-59DT,F,52,Sleeves,Total,Full Power,National
Standard,100,,,M50-59DT,F,56,Sleeves,S,Full Power,National
Standard,57.5,,,M50-59DT,F,56,Sleeves,B,Full Power,National
Standard,105,,,M50-59DT,F,56,Sleeves,D,Full Power,National
Standard,255,,,M50-59DT,F,56,Sleeves,Total,Full Power,National
Standard,112.5,,,M50-59DT,F,60,Sleeves,S,Full Power,National
Standard,65,,,M50-59DT,F,60,Sleeves,B,Full Power,National
Louise Wain,142.5,17/05/2026,World Cup UK,M50-59DT,F,60,Sleeves,D,Full Power,National
Louise Wain,300,17/05/2026,World Cup UK,M50-59DT,F,60,Sleeves,Total,Full Power,National
Standard,122.5,,,M50-59DT,F,67.5,Sleeves,S,Full Power,National
Standard,72.5,,,M50-59DT,F,67.5,Sleeves,B,Full Power,National
April Latham,150,15/02/2026,Nottingham,M50-59DT,F,67.5,Sleeves,D,Full Power,National
April Latham,325,15/02/2026,Nottingham,M50-59DT,F,67.5,Sleeves,Total,Full Power,National
Standard,127.5,,,M50-59DT,F,75,Sleeves,S,Full Power,National
Standard,75,,,M50-59DT,F,75,Sleeves,B,Full Power,National
Standard,135,,,M50-59DT,F,75,Sleeves,D,Full Power,National
Standard,325,,,M50-59DT,F,75,Sleeves,Total,Full Power,National
Standard,135,,,M50-59DT,F,82.5,Sleeves,S,Full Power,National
Standard,80,,,M50-59DT,F,82.5,Sleeves,B,Full Power,National
Paulette Boniface,165,07/12/2025,National Championships,M50-59DT,F,82.5,Sleeves,D,Full Power,National
Paulette Boniface,345,07/12/2025,National Championships,M50-59DT,F,82.5,Sleeves,Total,Full Power,National
Sarah Hulin,143,17/05/2026,World Cup UK,M50-59DT,F,90,Sleeves,S,Full Power,National
Sarah Hulin,82.5,29/03/2026,South West,M50-59DT,F,90,Sleeves,B,Full Power,National
Sarah Hulin,160,17/05/2026,World Cup UK,M50-59DT,F,90,Sleeves,D,Full Power,National
Sarah Hulin,383,17/05/2026,World Cup UK,M50-59DT,F,90,Sleeves,Total,Full Power,National
Sarah Hulin,147.5,07/12/2025,National Championships,M50-59DT,F,100,Sleeves,S,Full Power,National
Sarah Hulin,77.5,07/12/2025,National Championships,M50-59DT,F,100,Sleeves,B,Full Power,National
Sarah Hulin,160,07/12/2025,National Championships,M50-59DT,F,100,Sleeves,D,Full Power,National
Sarah Hulin,385,07/12/2025,National Championships,M50-59DT,F,100,Sleeves,Total,Full Power,National
Standard,140,,,M50-59DT,F,110,Sleeves,S,Full Power,National
Standard,75,,,M50-59DT,F,110,Sleeves,B,Full Power,National
Standard,162.5,,,M50-59DT,F,110,Sleeves,D,Full Power,National
Standard,375,,,M50-59DT,F,110,Sleeves,Total,Full Power,National
Standard,142.5,,,M50-59DT,F,110+,Sleeves,S,Full Power,National
Standard,77.5,,,M50-59DT,F,110+,Sleeves,B,Full Power,National
Standard,165,,,M50-59DT,F,110+,Sleeves,D,Full Power,National
Standard,382.5,,,M50-59DT,F,110+,Sleeves,Total,Full Power,National
Standard,70,,,M60-69DT,F,44,Sleeves,S,Full Power,National
Standard,40,,,M60-69DT,F,44,Sleeves,B,Full Power,National
Standard,75,,,M60-69DT,F,44,Sleeves,D,Full Power,National
Standard,177.5,,,M60-69DT,F,44,Sleeves,Total,Full Power,National
Standard,85,,,M60-69DT,F,48,Sleeves,S,Full Power,National
Standard,50,,,M60-69DT,F,48,Sleeves,B,Full Power,National
Standard,90,,,M60-69DT,F,48,Sleeves,D,Full Power,National
Standard,215,,,M60-69DT,F,48,Sleeves,Total,Full Power,National
Standard,87.5,,,M60-69DT,F,52,Sleeves,S,Full Power,National
Standard,52.5,,,M60-69DT,F,52,Sleeves,B,Full Power,National
Standard,92.5,,,M60-69DT,F,52,Sleeves,D,Full Power,National
Standard,222.5,,,M60-69DT,F,52,Sleeves,Total,Full Power,National
Standard,95,,,M60-69DT,F,56,Sleeves,S,Full Power,National
Standard,55,,,M60-69DT,F,56,Sleeves,B,Full Power,National
Standard,100,,,M60-69DT,F,56,Sleeves,D,Full Power,National
Standard,242.5,,,M60-69DT,F,56,Sleeves,Total,Full Power,National
Jo Wright,110,07/12/2025,National Championships,M60-69DT,F,60,Sleeves,S,Full Power,National
Standard,62.5,,,M60-69DT,F,60,Sleeves,B,Full Power,National
Jo Wright,155,07/12/2025,National Championships,M60-69DT,F,60,Sleeves,D,Full Power,National
Jo Wright,322.5,07/12/2025,National Championships,M60-69DT,F,60,Sleeves,Total,Full Power,National
Standard,117.5,,,M60-69DT,F,67.5,Sleeves,S,Full Power,National
Standard,67.5,,,M60-69DT,F,67.5,Sleeves,B,Full Power,National
Standard,122.5,,,M60-69DT,F,67.5,Sleeves,D,Full Power,National
Standard,297.5,,,M60-69DT,F,67.5,Sleeves,Total,Full Power,National
Standard,122.5,,,M60-69DT,F,75,Sleeves,S,Full Power,National
Standard,70,,,M60-69DT,F,75,Sleeves,B,Full Power,National
Standard,127.5,,,M60-69DT,F,75,Sleeves,D,Full Power,National
Standard,310,,,M60-69DT,F,75,Sleeves,Total,Full Power,National
Standard,130,,,M60-69DT,F,82.5,Sleeves,S,Full Power,National
Standard,75,,,M60-69DT,F,82.5,Sleeves,B,Full Power,National
Standard,137.5,,,M60-69DT,F,82.5,Sleeves,D,Full Power,National
Standard,330,,,M60-69DT,F,82.5,Sleeves,Total,Full Power,National
Standard,137.5,,,M60-69DT,F,90,Sleeves,S,Full Power,National
Standard,80,,,M60-69DT,F,90,Sleeves,B,Full Power,National
Standard,142.5,,,M60-69DT,F,90,Sleeves,D,Full Power,National
Standard,347.5,,,M60-69DT,F,90,Sleeves,Total,Full Power,National
Standard,122.5,,,M60-69DT,F,100,Sleeves,S,Full Power,National
Standard,67.5,,,M60-69DT,F,100,Sleeves,B,Full Power,National
Standard,142.5,,,M60-69DT,F,100,Sleeves,D,Full Power,National
Standard,330,,,M60-69DT,F,100,Sleeves,Total,Full Power,National
Standard,125,,,M60-69DT,F,110,Sleeves,S,Full Power,National
Karen Towersey,71.5,12/04/2026,East Midlands,M60-69DT,F,110,Sleeves,B,Full Power,National
Standard,147.5,,,M60-69DT,F,110,Sleeves,D,Full Power,National
Standard,337.5,,,M60-69DT,F,110,Sleeves,Total,Full Power,National
Standard,130,,,M60-69DT,F,110+,Sleeves,S,Full Power,National
Standard,70,,,M60-69DT,F,110+,Sleeves,B,Full Power,National
Standard,150,,,M60-69DT,F,110+,Sleeves,D,Full Power,National
Standard,345,,,M60-69DT,F,110+,Sleeves,Total,Full Power,National
Standard,55,,,M70-79,F,44,Sleeves,S,Full Power,National
Standard,27.5,,,M70-79,F,44,Sleeves,B,Full Power,National
Standard,57.5,,,M70-79,F,44,Sleeves,D,Full Power,National
Standard,135,,,M70-79,F,44,Sleeves,Total,Full Power,National
Standard,67.5,,,M70-79,F,48,Sleeves,S,Full Power,National
Standard,35,,,M70-79,F,48,Sleeves,B,Full Power,National
Standard,67.5,,,M70-79,F,48,Sleeves,D,Full Power,National
Standard,165,,,M70-79,F,48,Sleeves,Total,Full Power,National
Standard,67.5,,,M70-79,F,52,Sleeves,S,Full Power,National
Standard,35,,,M70-79,F,52,Sleeves,B,Full Power,National
Standard,70,,,M70-79,F,52,Sleeves,D,Full Power,National
Standard,170,,,M70-79,F,52,Sleeves,Total,Full Power,National
Standard,75,,,M70-79,F,56,Sleeves,S,Full Power,National
Standard,40,,,M70-79,F,56,Sleeves,B,Full Power,National
Standard,80,,,M70-79,F,56,Sleeves,D,Full Power,National
Standard,187.5,,,M70-79,F,56,Sleeves,Total,Full Power,National
Standard,82.5,,,M70-79,F,60,Sleeves,S,Full Power,National
Standard,45,,,M70-79,F,60,Sleeves,B,Full Power,National
Standard,87.5,,,M70-79,F,60,Sleeves,D,Full Power,National
Standard,205,,,M70-79,F,60,Sleeves,Total,Full Power,National
Standard,90,,,M70-79,F,67.5,Sleeves,S,Full Power,National
Standard,47.5,,,M70-79,F,67.5,Sleeves,B,Full Power,National
Standard,95,,,M70-79,F,67.5,Sleeves,D,Full Power,National
Standard,227.5,,,M70-79,F,67.5,Sleeves,Total,Full Power,National
Standard,92.5,,,M70-79,F,75,Sleeves,S,Full Power,National
Standard,47.5,,,M70-79,F,75,Sleeves,B,Full Power,National
Standard,115,,,M70-79,F,75,Sleeves,D,Full Power,National
Standard,252.5,,,M70-79,F,75,Sleeves,Total,Full Power,National
Standard,100,,,M70-79,F,82.5,Sleeves,S,Full Power,National
Standard,52.5,,,M70-79,F,82.5,Sleeves,B,Full Power,National
Standard,105,,,M70-79,F,82.5,Sleeves,D,Full Power,National
Standard,252.5,,,M70-79,F,82.5,Sleeves,Total,Full Power,National
Standard,107.5,,,M70-79,F,90,Sleeves,S,Full Power,National
Standard,55,,,M70-79,F,90,Sleeves,B,Full Power,National
Standard,112.5,,,M70-79,F,90,Sleeves,D,Full Power,National
Standard,270,,,M70-79,F,90,Sleeves,Total,Full Power,National
Standard,112.5,,,M70-79,F,100,Sleeves,S,Full Power,National
Standard,62.5,,,M70-79,F,100,Sleeves,B,Full Power,National
Standard,132.5,,,M70-79,F,100,Sleeves,D,Full Power,National
Standard,302.5,,,M70-79,F,100,Sleeves,Total,Full Power,National
Standard,117.5,,,M70-79,F,110,Sleeves,S,Full Power,National
Standard,65,,,M70-79,F,110,Sleeves,B,Full Power,National
Standard,135,,,M70-79,F,110,Sleeves,D,Full Power,National
Standard,315,,,M70-79,F,110,Sleeves,Total,Full Power,National
Standard,120,,,M70-79,F,110+,Sleeves,S,Full Power,National
Standard,67.5,,,M70-79,F,110+,Sleeves,B,Full Power,National
Standard,140,,,M70-79,F,110+,Sleeves,D,Full Power,National
Standard,322.5,,,M70-79,F,110+,Sleeves,Total,Full Power,National
Standard,65,,,M70-79DT,F,44,Sleeves,S,Full Power,National
Standard,37.5,,,M70-79DT,F,44,Sleeves,B,Full Power,National
Standard,67.5,,,M70-79DT,F,44,Sleeves,D,Full Power,National
Standard,160,,,M70-79DT,F,44,Sleeves,Total,Full Power,National
Standard,77.5,,,M70-79DT,F,48,Sleeves,S,Full Power,National
Standard,45,,,M70-79DT,F,48,Sleeves,B,Full Power,National
Standard,82.5,,,M70-79DT,F,48,Sleeves,D,Full Power,National
Standard,195,,,M70-79DT,F,48,Sleeves,Total,Full Power,National
Standard,80,,,M70-79DT,F,52,Sleeves,S,Full Power,National
Standard,47.5,,,M70-79DT,F,52,Sleeves,B,Full Power,National
Standard,85,,,M70-79DT,F,52,Sleeves,D,Full Power,National
Standard,202.5,,,M70-79DT,F,52,Sleeves,Total,Full Power,National
Standard,87.5,,,M70-79DT,F,56,Sleeves,S,Full Power,National
Standard,50,,,M70-79DT,F,56,Sleeves,B,Full Power,National
Standard,90,,,M70-79DT,F,56,Sleeves,D,Full Power,National
Standard,220,,,M70-79DT,F,56,Sleeves,Total,Full Power,National
Standard,100,,,M70-79DT,F,60,Sleeves,S,Full Power,National
Standard,57.5,,,M70-79DT,F,60,Sleeves,B,Full Power,National
Standard,140,,,M70-79DT,F,60,Sleeves,D,Full Power,National
Standard,292.5,,,M70-79DT,F,60,Sleeves,Total,Full Power,National
Standard,107.5,,,M70-79DT,F,67.5,Sleeves,S,Full Power,National
Standard,62.5,,,M70-79DT,F,67.5,Sleeves,B,Full Power,National
Standard,112.5,,,M70-79DT,F,67.5,Sleeves,D,Full Power,National
Standard,270,,,M70-79DT,F,67.5,Sleeves,Total,Full Power,National
Standard,112.5,,,M70-79DT,F,75,Sleeves,S,Full Power,National
Standard,65,,,M70-79DT,F,75,Sleeves,B,Full Power,National
Standard,115,,,M70-79DT,F,75,Sleeves,D,Full Power,National
Standard,280,,,M70-79DT,F,75,Sleeves,Total,Full Power,National
Standard,117.5,,,M70-79DT,F,82.5,Sleeves,S,Full Power,National
Standard,67.5,,,M70-79DT,F,82.5,Sleeves,B,Full Power,National
Standard,125,,,M70-79DT,F,82.5,Sleeves,D,Full Power,National
Standard,297.5,,,M70-79DT,F,82.5,Sleeves,Total,Full Power,National
Standard,125,,,M70-79DT,F,90,Sleeves,S,Full Power,National
Standard,72.5,,,M70-79DT,F,90,Sleeves,B,Full Power,National
Standard,130,,,M70-79DT,F,90,Sleeves,D,Full Power,National
Standard,315,,,M70-79DT,F,90,Sleeves,Total,Full Power,National
Standard,112.5,,,M70-79DT,F,100,Sleeves,S,Full Power,National
Standard,62.5,,,M70-79DT,F,100,Sleeves,B,Full Power,National
Standard,130,,,M70-79DT,F,100,Sleeves,D,Full Power,National
Standard,297.5,,,M70-79DT,F,100,Sleeves,Total,Full Power,National
Standard,112.5,,,M70-79DT,F,110,Sleeves,S,Full Power,National
Standard,62.5,,,M70-79DT,F,110,Sleeves,B,Full Power,National
Standard,135,,,M70-79DT,F,110,Sleeves,D,Full Power,National
Standard,305,,,M70-79DT,F,110,Sleeves,Total,Full Power,National
Standard,117.5,,,M70-79DT,F,110+,Sleeves,S,Full Power,National
Standard,65,,,M70-79DT,F,110+,Sleeves,B,Full Power,National
Standard,135,,,M70-79DT,F,110+,Sleeves,D,Full Power,National
Standard,312.5,,,M70-79DT,F,110+,Sleeves,Total,Full Power,National
Standard,157.5,,,Open,M,52,Wraps,S,Full Power,National
Standard,90,,,Open,M,52,Wraps,B,Full Power,National
Standard,165,,,Open,M,52,Wraps,D,Full Power,National
Standard,400,,,Open,M,52,Wraps,Total,Full Power,National
Standard,187.5,,,Open,M,56,Wraps,S,Full Power,National
Standard,107.5,,,Open,M,56,Wraps,B,Full Power,National
Standard,195,,,Open,M,56,Wraps,D,Full Power,National
Standard,475,,,Open,M,56,Wraps,Total,Full Power,National
Standard,215,,,Open,M,60,Wraps,S,Full Power,National
Standard,125,,,Open,M,60,Wraps,B,Full Power,National
Standard,227.5,,,Open,M,60,Wraps,D,Full Power,National
Standard,550,,,Open,M,60,Wraps,Total,Full Power,National
Standard,245,,,Open,M,67.5,Wraps,S,Full Power,National
Standard,142.5,,,Open,M,67.5,Wraps,B,Full Power,National
Standard,257.5,,,Open,M,67.5,Wraps,D,Full Power,National
Standard,625,,,Open,M,67.5,Wraps,Total,Full Power,National
Simon Lewis Williams,310,08/12/2024,Nottingham,Open,M,75,Wraps,S,Full Power,National
Standard,165,,,Open,M,75,Wraps,B,Full Power,National
Simon Lewis Williams,300,08/12/2024,Nottingham,Open,M,75,Wraps,D,Full Power,National
Simon Lewis Williams,725,08/12/2024,Nottingham,Open,M,75,Wraps,Total,Full Power,National
Standard,302.5,,,Open,M,82.5,Wraps,S,Full Power,National
Standard,175,,,Open,M,82.5,Wraps,B,Full Power,National
Standard,320,,,Open,M,82.5,Wraps,D,Full Power,National
Standard,775,,,Open,M,82.5,Wraps,Total,Full Power,National
Standard,312.5,,,Open,M,90,Wraps,S,Full Power,National
Standard,180,,,Open,M,90,Wraps,B,Full Power,National
Standard,330,,,Open,M,90,Wraps,D,Full Power,National
Standard,800,,,Open,M,90,Wraps,Total,Full Power,National
Gabriel Bird,330,04/05/2024,Nottingham,Open,M,100,Wraps,S,Full Power,National
Fen Gallagher,200,17/11/2024,South Midlands,Open,M,100,Wraps,B,Full Power,National
Standard,342.5,,,Open,M,100,Wraps,D,Full Power,National
Standard,830,,,Open,M,100,Wraps,Total,Full Power,National
Standard,345,,,Open,M,110,Wraps,S,Full Power,National
Fen Gallagher,211,28/09/2025,South Midlands,Open,M,110,Wraps,B,Full Power,National
Standard,362.5,,,Open,M,110,Wraps,D,Full Power,National
Standard,880,,,Open,M,110,Wraps,Total,Full Power,National
David Richardson,400,08/12/2024,Nottingham,Open,M,125,Wraps,S,Full Power,National
David Richardson,240,08/12/2024,Nottingham,Open,M,125,Wraps,B,Full Power,National
David Richardson,438,08/12/2024,Nottingham,Open,M,125,Wraps,D,Full Power,National
David Richardson,1078,08/12/2024,Nottingham,Open,M,125,Wraps,Total,Full Power,National
Standard,372.5,,,Open,M,140,Wraps,S,Full Power,National
Sam Pitchford,230,24/05/2026,Raw Strength Open II,Open,M,140,Wraps,B,Full Power,National
Standard,392.5,,,Open,M,140,Wraps,D,Full Power,National
Standard,955,,,Open,M,140,Wraps,Total,Full Power,National
Eamonn Harford,390,08/12/2024,Nottingham,Open,M,140+,Wraps,S,Full Power,National
Standard,220,,,Open,M,140+,Wraps,B,Full Power,National
Standard,400,,,Open,M,140+,Wraps,D,Full Power,National
Standard,975,,,Open,M,140+,Wraps,Total,Full Power,National
Standard,117.5,,,OpenDT,M,52,Wraps,S,Full Power,National
Standard,67.5,,,OpenDT,M,52,Wraps,B,Full Power,National
Standard,125,,,OpenDT,M,52,Wraps,D,Full Power,National
Standard,300,,,OpenDT,M,52,Wraps,Total,Full Power,National
Standard,157.5,,,OpenDT,M,56,Wraps,S,Full Power,National
Standard,90,,,OpenDT,M,56,Wraps,B,Full Power,National
Standard,165,,,OpenDT,M,56,Wraps,D,Full Power,National
Standard,400,,,OpenDT,M,56,Wraps,Total,Full Power,National
Standard,195,,,OpenDT,M,60,Wraps,S,Full Power,National
Standard,112.5,,,OpenDT,M,60,Wraps,B,Full Power,National
Standard,205,,,OpenDT,M,60,Wraps,D,Full Power,National
Standard,500,,,OpenDT,M,60,Wraps,Total,Full Power,National
Standard,235,,,OpenDT,M,67.5,Wraps,S,Full Power,National
Standard,135,,,OpenDT,M,67.5,Wraps,B,Full Power,National
Standard,247.5,,,OpenDT,M,67.5,Wraps,D,Full Power,National
Standard,600,,,OpenDT,M,67.5,Wraps,Total,Full Power,National
Standard,267.5,,,OpenDT,M,75,Wraps,S,Full Power,National
Standard,155,,,OpenDT,M,75,Wraps,B,Full Power,National
Standard,282.5,,,OpenDT,M,75,Wraps,D,Full Power,National
Standard,685,,,OpenDT,M,75,Wraps,Total,Full Power,National
Gal Marsic,290,08/12/2024,Nottingham,OpenDT,M,82.5,Wraps,S,Full Power,National
Ryan King,172.5,08/12/2024,Nottingham,OpenDT,M,82.5,Wraps,B,Full Power,National
Standard,302.5,,,OpenDT,M,82.5,Wraps,D,Full Power,National
Gal Marsic,735,08/12/2024,Nottingham,OpenDT,M,82.5,Wraps,Total,Full Power,National
Standard,287.5,,,OpenDT,M,90,Wraps,S,Full Power,National
Ryan King,180,29/03/2026,South West,OpenDT,M,90,Wraps,B,Full Power,National
Standard,302.5,,,OpenDT,M,90,Wraps,D,Full Power,National
Ryan King,737.5,29/03/2026,South West,OpenDT,M,90,Wraps,Total,Full Power,National
Standard,300,,,OpenDT,M,100,Wraps,S,Full Power,National
Zac Wareing,180,08/12/2024,Nottingham,OpenDT,M,100,Wraps,B,Full Power,National
Zac Wareing,335,24/05/2026,Raw Strength Open II,OpenDT,M,100,Wraps,D,Full Power,National
Zac Wareing,792.5,24/05/2026,Raw Strength Open II,OpenDT,M,100,Wraps,Total,Full Power,National
Stephen Manuel,320,08/12/2024,Nottingham,OpenDT,M,110,Wraps,S,Full Power,National
Stephen Manuel,197.5,08/12/2024,Nottingham,OpenDT,M,110,Wraps,B,Full Power,National
Stephen Manuel,332.5,08/12/2024,Nottingham,OpenDT,M,110,Wraps,D,Full Power,National
Stephen Manuel,850,08/12/2024,Nottingham,OpenDT,M,110,Wraps,Total,Full Power,National
Standard,317.5,,,OpenDT,M,125,Wraps,S,Full Power,National
Standard,182.5,,,OpenDT,M,125,Wraps,B,Full Power,National
Standard,332.5,,,OpenDT,M,125,Wraps,D,Full Power,National
Standard,810,,,OpenDT,M,125,Wraps,Total,Full Power,National
Standard,325,,,OpenDT,M,140,Wraps,S,Full Power,National
Dominic Coman,190,08/12/2024,Nottingham,OpenDT,M,140,Wraps,B,Full Power,National
Standard,342.5,,,OpenDT,M,140,Wraps,D,Full Power,National
Standard,830,,,OpenDT,M,140,Wraps,Total,Full Power,National
Standard,332.5,,,OpenDT,M,140+,Wraps,S,Full Power,National
Standard,192.5,,,OpenDT,M,140+,Wraps,B,Full Power,National
Standard,350,,,OpenDT,M,140+,Wraps,D,Full Power,National
Standard,850,,,OpenDT,M,140+,Wraps,Total,Full Power,National
Standard,85,,,T14-15,M,52,Wraps,S,Full Power,National
Standard,50,,,T14-15,M,52,Wraps,B,Full Power,National
Standard,87.5,,,T14-15,M,52,Wraps,D,Full Power,National
Standard,212.5,,,T14-15,M,52,Wraps,Total,Full Power,National
Standard,100,,,T14-15,M,56,Wraps,S,Full Power,National
Standard,57.5,,,T14-15,M,56,Wraps,B,Full Power,National
Standard,105,,,T14-15,M,56,Wraps,D,Full Power,National
Standard,252.5,,,T14-15,M,56,Wraps,Total,Full Power,National
Standard,115,,,T14-15,M,60,Wraps,S,Full Power,National
Standard,67.5,,,T14-15,M,60,Wraps,B,Full Power,National
Standard,120,,,T14-15,M,60,Wraps,D,Full Power,National
Standard,290,,,T14-15,M,60,Wraps,Total,Full Power,National
Standard,130,,,T14-15,M,67.5,Wraps,S,Full Power,National
Standard,75,,,T14-15,M,67.5,Wraps,B,Full Power,National
Standard,137.5,,,T14-15,M,67.5,Wraps,D,Full Power,National
Standard,330,,,T14-15,M,67.5,Wraps,Total,Full Power,National
Standard,150,,,T14-15,M,75,Wraps,S,Full Power,National
Standard,87.5,,,T14-15,M,75,Wraps,B,Full Power,National
Standard,157.5,,,T14-15,M,75,Wraps,D,Full Power,National
Standard,382.5,,,T14-15,M,75,Wraps,Total,Full Power,National
Standard,157.5,,,T14-15,M,82.5,Wraps,S,Full Power,National
Standard,90,,,T14-15,M,82.5,Wraps,B,Full Power,National
Standard,165,,,T14-15,M,82.5,Wraps,D,Full Power,National
Standard,397.5,,,T14-15,M,82.5,Wraps,Total,Full Power,National
Standard,165,,,T14-15,M,90,Wraps,S,Full Power,National
Standard,97.5,,,T14-15,M,90,Wraps,B,Full Power,National
Standard,175,,,T14-15,M,90,Wraps,D,Full Power,National
Standard,422.5,,,T14-15,M,90,Wraps,Total,Full Power,National
Standard,172.5,,,T14-15,M,100,Wraps,S,Full Power,National
Standard,100,,,T14-15,M,100,Wraps,B,Full Power,National
Standard,180,,,T14-15,M,100,Wraps,D,Full Power,National
Standard,437.5,,,T14-15,M,100,Wraps,Total,Full Power,National
Standard,182.5,,,T14-15,M,110,Wraps,S,Full Power,National
Standard,105,,,T14-15,M,110,Wraps,B,Full Power,National
Standard,190,,,T14-15,M,110,Wraps,D,Full Power,National
Standard,462.5,,,T14-15,M,110,Wraps,Total,Full Power,National
Standard,190,,,T14-15,M,125,Wraps,S,Full Power,National
Standard,110,,,T14-15,M,125,Wraps,B,Full Power,National
Standard,200,,,T14-15,M,125,Wraps,D,Full Power,National
Standard,482.5,,,T14-15,M,125,Wraps,Total,Full Power,National
Standard,197.5,,,T14-15,M,140,Wraps,S,Full Power,National
Standard,115,,,T14-15,M,140,Wraps,B,Full Power,National
Standard,207.5,,,T14-15,M,140,Wraps,D,Full Power,National
Standard,502.5,,,T14-15,M,140,Wraps,Total,Full Power,National
Standard,200,,,T14-15,M,140+,Wraps,S,Full Power,National
Standard,117.5,,,T14-15,M,140+,Wraps,B,Full Power,National
Standard,212.5,,,T14-15,M,140+,Wraps,D,Full Power,National
Standard,512.5,,,T14-15,M,140+,Wraps,Total,Full Power,National
Standard,62.5,,,T14-15DT,M,52,Wraps,S,Full Power,National
Standard,37.5,,,T14-15DT,M,52,Wraps,B,Full Power,National
Standard,65,,,T14-15DT,M,52,Wraps,D,Full Power,National
Standard,157.5,,,T14-15DT,M,52,Wraps,Total,Full Power,National
Standard,85,,,T14-15DT,M,56,Wraps,S,Full Power,National
Standard,50,,,T14-15DT,M,56,Wraps,B,Full Power,National
Standard,87.5,,,T14-15DT,M,56,Wraps,D,Full Power,National
Standard,212.5,,,T14-15DT,M,56,Wraps,Total,Full Power,National
Standard,105,,,T14-15DT,M,60,Wraps,S,Full Power,National
Standard,60,,,T14-15DT,M,60,Wraps,B,Full Power,National
Standard,110,,,T14-15DT,M,60,Wraps,D,Full Power,National
Standard,265,,,T14-15DT,M,60,Wraps,Total,Full Power,National
Standard,125,,,T14-15DT,M,67.5,Wraps,S,Full Power,National
Standard,72.5,,,T14-15DT,M,67.5,Wraps,B,Full Power,National
Standard,130,,,T14-15DT,M,67.5,Wraps,D,Full Power,National
Standard,315,,,T14-15DT,M,67.5,Wraps,Total,Full Power,National
Standard,142.5,,,T14-15DT,M,75,Wraps,S,Full Power,National
Standard,82.5,,,T14-15DT,M,75,Wraps,B,Full Power,National
Standard,150,,,T14-15DT,M,75,Wraps,D,Full Power,National
Standard,362.5,,,T14-15DT,M,75,Wraps,Total,Full Power,National
Standard,152.5,,,T14-15DT,M,82.5,Wraps,S,Full Power,National
Standard,87.5,,,T14-15DT,M,82.5,Wraps,B,Full Power,National
Standard,160,,,T14-15DT,M,82.5,Wraps,D,Full Power,National
Standard,385,,,T14-15DT,M,82.5,Wraps,Total,Full Power,National
Standard,152.5,,,T14-15DT,M,90,Wraps,S,Full Power,National
Standard,87.5,,,T14-15DT,M,90,Wraps,B,Full Power,National
Standard,160,,,T14-15DT,M,90,Wraps,D,Full Power,National
Standard,387.5,,,T14-15DT,M,90,Wraps,Total,Full Power,National
Standard,157.5,,,T14-15DT,M,100,Wraps,S,Full Power,National
Standard,92.5,,,T14-15DT,M,100,Wraps,B,Full Power,National
Standard,167.5,,,T14-15DT,M,100,Wraps,D,Full Power,National
Standard,402.5,,,T14-15DT,M,100,Wraps,Total,Full Power,National
Standard,162.5,,,T14-15DT,M,110,Wraps,S,Full Power,National
Standard,95,,,T14-15DT,M,110,Wraps,B,Full Power,National
Standard,172.5,,,T14-15DT,M,110,Wraps,D,Full Power,National
Standard,415,,,T14-15DT,M,110,Wraps,Total,Full Power,National
Standard,167.5,,,T14-15DT,M,125,Wraps,S,Full Power,National
Standard,97.5,,,T14-15DT,M,125,Wraps,B,Full Power,National
Standard,175,,,T14-15DT,M,125,Wraps,D,Full Power,National
Standard,425,,,T14-15DT,M,125,Wraps,Total,Full Power,National
Standard,172.5,,,T14-15DT,M,140,Wraps,S,Full Power,National
Standard,100,,,T14-15DT,M,140,Wraps,B,Full Power,National
Standard,180,,,T14-15DT,M,140,Wraps,D,Full Power,National
Standard,437.5,,,T14-15DT,M,140,Wraps,Total,Full Power,National
Standard,175,,,T14-15DT,M,140+,Wraps,S,Full Power,National
Standard,102.5,,,T14-15DT,M,140+,Wraps,B,Full Power,National
Standard,185,,,T14-15DT,M,140+,Wraps,D,Full Power,National
Standard,447.5,,,T14-15DT,M,140+,Wraps,Total,Full Power,National
Standard,97.5,,,T16-17,M,52,Wraps,S,Full Power,National
Standard,57.5,,,T16-17,M,52,Wraps,B,Full Power,National
Standard,102.5,,,T16-17,M,52,Wraps,D,Full Power,National
Standard,247.5,,,T16-17,M,52,Wraps,Total,Full Power,National
Standard,117.5,,,T16-17,M,56,Wraps,S,Full Power,National
Standard,67.5,,,T16-17,M,56,Wraps,B,Full Power,National
Standard,122.5,,,T16-17,M,56,Wraps,D,Full Power,National
Standard,295,,,T16-17,M,56,Wraps,Total,Full Power,National
Standard,135,,,T16-17,M,60,Wraps,S,Full Power,National
Standard,77.5,,,T16-17,M,60,Wraps,B,Full Power,National
Standard,140,,,T16-17,M,60,Wraps,D,Full Power,National
Standard,340,,,T16-17,M,60,Wraps,Total,Full Power,National
Standard,152.5,,,T16-17,M,67.5,Wraps,S,Full Power,National
Standard,87.5,,,T16-17,M,67.5,Wraps,B,Full Power,National
Standard,160,,,T16-17,M,67.5,Wraps,D,Full Power,National
Standard,387.5,,,T16-17,M,67.5,Wraps,Total,Full Power,National
Standard,175,,,T16-17,M,75,Wraps,S,Full Power,National
Standard,102.5,,,T16-17,M,75,Wraps,B,Full Power,National
Standard,185,,,T16-17,M,75,Wraps,D,Full Power,National
Standard,447.5,,,T16-17,M,75,Wraps,Total,Full Power,National
Standard,182.5,,,T16-17,M,82.5,Wraps,S,Full Power,National
Standard,105,,,T16-17,M,82.5,Wraps,B,Full Power,National
Standard,192.5,,,T16-17,M,82.5,Wraps,D,Full Power,National
Standard,465,,,T16-17,M,82.5,Wraps,Total,Full Power,National
Standard,195,,,T16-17,M,90,Wraps,S,Full Power,National
Standard,112.5,,,T16-17,M,90,Wraps,B,Full Power,National
Standard,205,,,T16-17,M,90,Wraps,D,Full Power,National
Standard,495,,,T16-17,M,90,Wraps,Total,Full Power,National
Standard,200,,,T16-17,M,100,Wraps,S,Full Power,National
Standard,117.5,,,T16-17,M,100,Wraps,B,Full Power,National
Standard,212.5,,,T16-17,M,100,Wraps,D,Full Power,National
Standard,512.5,,,T16-17,M,100,Wraps,Total,Full Power,National
Standard,212.5,,,T16-17,M,110,Wraps,S,Full Power,National
Standard,122.5,,,T16-17,M,110,Wraps,B,Full Power,National
Standard,222.5,,,T16-17,M,110,Wraps,D,Full Power,National
Standard,542.5,,,T16-17,M,110,Wraps,Total,Full Power,National
Standard,222.5,,,T16-17,M,125,Wraps,S,Full Power,National
Standard,130,,,T16-17,M,125,Wraps,B,Full Power,National
Standard,235,,,T16-17,M,125,Wraps,D,Full Power,National
Standard,567.5,,,T16-17,M,125,Wraps,Total,Full Power,National
Standard,232.5,,,T16-17,M,140,Wraps,S,Full Power,National
Standard,135,,,T16-17,M,140,Wraps,B,Full Power,National
Standard,242.5,,,T16-17,M,140,Wraps,D,Full Power,National
Standard,590,,,T16-17,M,140,Wraps,Total,Full Power,National
Standard,235,,,T16-17,M,140+,Wraps,S,Full Power,National
Standard,137.5,,,T16-17,M,140+,Wraps,B,Full Power,National
Standard,247.5,,,T16-17,M,140+,Wraps,D,Full Power,National
Standard,602.5,,,T16-17,M,140+,Wraps,Total,Full Power,National
Standard,72.5,,,T16-17DT,M,52,Wraps,S,Full Power,National
Standard,42.5,,,T16-17DT,M,52,Wraps,B,Full Power,National
Standard,77.5,,,T16-17DT,M,52,Wraps,D,Full Power,National
Standard,185,,,T16-17DT,M,52,Wraps,Total,Full Power,National
Standard,97.5,,,T16-17DT,M,56,Wraps,S,Full Power,National
Standard,57.5,,,T16-17DT,M,56,Wraps,B,Full Power,National
Standard,102.5,,,T16-17DT,M,56,Wraps,D,Full Power,National
Standard,247.5,,,T16-17DT,M,56,Wraps,Total,Full Power,National
Standard,122.5,,,T16-17DT,M,60,Wraps,S,Full Power,National
Standard,70,,,T16-17DT,M,60,Wraps,B,Full Power,National
Standard,127.5,,,T16-17DT,M,60,Wraps,D,Full Power,National
Standard,310,,,T16-17DT,M,60,Wraps,Total,Full Power,National
Standard,145,,,T16-17DT,M,67.5,Wraps,S,Full Power,National
Standard,85,,,T16-17DT,M,67.5,Wraps,B,Full Power,National
Standard,152.5,,,T16-17DT,M,67.5,Wraps,D,Full Power,National
Standard,370,,,T16-17DT,M,67.5,Wraps,Total,Full Power,National
Standard,167.5,,,T16-17DT,M,75,Wraps,S,Full Power,National
Standard,97.5,,,T16-17DT,M,75,Wraps,B,Full Power,National
Standard,175,,,T16-17DT,M,75,Wraps,D,Full Power,National
Standard,425,,,T16-17DT,M,75,Wraps,Total,Full Power,National
Standard,177.5,,,T16-17DT,M,82.5,Wraps,S,Full Power,National
Standard,102.5,,,T16-17DT,M,82.5,Wraps,B,Full Power,National
Standard,187.5,,,T16-17DT,M,82.5,Wraps,D,Full Power,National
Standard,452.5,,,T16-17DT,M,82.5,Wraps,Total,Full Power,National
Sasha Sutton,200,16/05/2026,World Cup UK,T16-17DT,M,90,Wraps,S,Full Power,National
Sasha Sutton,140,16/05/2026,World Cup UK,T16-17DT,M,90,Wraps,B,Full Power,National
Sasha Sutton,210,16/05/2026,World Cup UK,T16-17DT,M,90,Wraps,D,Full Power,National
Sasha Sutton,550,16/05/2026,World Cup UK,T16-17DT,M,90,Wraps,Total,Full Power,National
George Lee,190,10/08/2025,South West,T16-17DT,M,100,Wraps,S,Full Power,National
George Lee,130,10/08/2025,South West,T16-17DT,M,100,Wraps,B,Full Power,National
George Lee,210,10/08/2025,South West,T16-17DT,M,100,Wraps,D,Full Power,National
George Lee,530,10/08/2025,South West,T16-17DT,M,100,Wraps,Total,Full Power,National
Standard,192.5,,,T16-17DT,M,110,Wraps,S,Full Power,National
Standard,110,,,T16-17DT,M,110,Wraps,B,Full Power,National
Standard,200,,,T16-17DT,M,110,Wraps,D,Full Power,National
Standard,487.5,,,T16-17DT,M,110,Wraps,Total,Full Power,National
Standard,195,,,T16-17DT,M,125,Wraps,S,Full Power,National
Standard,112.5,,,T16-17DT,M,125,Wraps,B,Full Power,National
Standard,205,,,T16-17DT,M,125,Wraps,D,Full Power,National
Standard,500,,,T16-17DT,M,125,Wraps,Total,Full Power,National
Standard,200,,,T16-17DT,M,140,Wraps,S,Full Power,National
Standard,117.5,,,T16-17DT,M,140,Wraps,B,Full Power,National
Standard,212.5,,,T16-17DT,M,140,Wraps,D,Full Power,National
Standard,512.5,,,T16-17DT,M,140,Wraps,Total,Full Power,National
Standard,205,,,T16-17DT,M,140+,Wraps,S,Full Power,National
Standard,120,,,T16-17DT,M,140+,Wraps,B,Full Power,National
Standard,217.5,,,T16-17DT,M,140+,Wraps,D,Full Power,National
Standard,525,,,T16-17DT,M,140+,Wraps,Total,Full Power,National
Standard,115,,,T18-19,M,52,Wraps,S,Full Power,National
Standard,67.5,,,T18-19,M,52,Wraps,B,Full Power,National
Standard,120,,,T18-19,M,52,Wraps,D,Full Power,National
Standard,290,,,T18-19,M,52,Wraps,Total,Full Power,National
Standard,135,,,T18-19,M,56,Wraps,S,Full Power,National
Standard,80,,,T18-19,M,56,Wraps,B,Full Power,National
Standard,142.5,,,T18-19,M,56,Wraps,D,Full Power,National
Standard,345,,,T18-19,M,56,Wraps,Total,Full Power,National
Standard,157.5,,,T18-19,M,60,Wraps,S,Full Power,National
Standard,90,,,T18-19,M,60,Wraps,B,Full Power,National
Standard,165,,,T18-19,M,60,Wraps,D,Full Power,National
Standard,397.5,,,T18-19,M,60,Wraps,Total,Full Power,National
Standard,177.5,,,T18-19,M,67.5,Wraps,S,Full Power,National
Standard,102.5,,,T18-19,M,67.5,Wraps,B,Full Power,National
Standard,187.5,,,T18-19,M,67.5,Wraps,D,Full Power,National
Standard,455,,,T18-19,M,67.5,Wraps,Total,Full Power,National
Standard,205,,,T18-19,M,75,Wraps,S,Full Power,National
Standard,120,,,T18-19,M,75,Wraps,B,Full Power,National
Standard,217.5,,,T18-19,M,75,Wraps,D,Full Power,National
Standard,525,,,T18-19,M,75,Wraps,Total,Full Power,National
Gregory Pearson,319,16/05/2026,World Cup UK,T18-19,M,82.5,Wraps,S,Full Power,National
Gregory Pearson,182.5,16/05/2026,World Cup UK,T18-19,M,82.5,Wraps,B,Full Power,National
Gregory Pearson,330,16/05/2026,World Cup UK,T18-19,M,82.5,Wraps,D,Full Power,National
Gregory Pearson,831.5,16/05/2026,World Cup UK,T18-19,M,82.5,Wraps,Total,Full Power,National
Standard,227.5,,,T18-19,M,90,Wraps,S,Full Power,National
Standard,132.5,,,T18-19,M,90,Wraps,B,Full Power,National
Standard,240,,,T18-19,M,90,Wraps,D,Full Power,National
Standard,580,,,T18-19,M,90,Wraps,Total,Full Power,National
Standard,235,,,T18-19,M,100,Wraps,S,Full Power,National
Standard,137.5,,,T18-19,M,100,Wraps,B,Full Power,National
Standard,247.5,,,T18-19,M,100,Wraps,D,Full Power,National
Standard,602.5,,,T18-19,M,100,Wraps,Total,Full Power,National
Standard,250,,,T18-19,M,110,Wraps,S,Full Power,National
Standard,145,,,T18-19,M,110,Wraps,B,Full Power,National
Standard,262.5,,,T18-19,M,110,Wraps,D,Full Power,National
Standard,637.5,,,T18-19,M,110,Wraps,Total,Full Power,National
Standard,260,,,T18-19,M,125,Wraps,S,Full Power,National
Standard,150,,,T18-19,M,125,Wraps,B,Full Power,National
Standard,275,,,T18-19,M,125,Wraps,D,Full Power,National
Standard,665,,,T18-19,M,125,Wraps,Total,Full Power,National
Standard,272.5,,,T18-19,M,140,Wraps,S,Full Power,National
Standard,157.5,,,T18-19,M,140,Wraps,B,Full Power,National
Standard,285,,,T18-19,M,140,Wraps,D,Full Power,National
Standard,692.5,,,T18-19,M,140,Wraps,Total,Full Power,National
Standard,277.5,,,T18-19,M,140+,Wraps,S,Full Power,National
Standard,160,,,T18-19,M,140+,Wraps,B,Full Power,National
Standard,292.5,,,T18-19,M,140+,Wraps,D,Full Power,National
Standard,707.5,,,T18-19,M,140+,Wraps,Total,Full Power,National
Standard,85,,,T18-19DT,M,52,Wraps,S,Full Power,National
Standard,50,,,T18-19DT,M,52,Wraps,B,Full Power,National
Standard,90,,,T18-19DT,M,52,Wraps,D,Full Power,National
Standard,217.5,,,T18-19DT,M,52,Wraps,Total,Full Power,National
Standard,115,,,T18-19DT,M,56,Wraps,S,Full Power,National
Standard,67.5,,,T18-19DT,M,56,Wraps,B,Full Power,National
Standard,120,,,T18-19DT,M,56,Wraps,D,Full Power,National
Standard,290,,,T18-19DT,M,56,Wraps,Total,Full Power,National
Standard,142.5,,,T18-19DT,M,60,Wraps,S,Full Power,National
Standard,82.5,,,T18-19DT,M,60,Wraps,B,Full Power,National
Standard,150,,,T18-19DT,M,60,Wraps,D,Full Power,National
Standard,362.5,,,T18-19DT,M,60,Wraps,Total,Full Power,National
Standard,170,,,T18-19DT,M,67.5,Wraps,S,Full Power,National
Standard,100,,,T18-19DT,M,67.5,Wraps,B,Full Power,National
Standard,180,,,T18-19DT,M,67.5,Wraps,D,Full Power,National
Standard,435,,,T18-19DT,M,67.5,Wraps,Total,Full Power,National
Standard,195,,,T18-19DT,M,75,Wraps,S,Full Power,National
Standard,112.5,,,T18-19DT,M,75,Wraps,B,Full Power,National
Marinis Lamkai,210,13/04/2025,South Midlands,T18-19DT,M,75,Wraps,D,Full Power,National
Standard,497.5,,,T18-19DT,M,75,Wraps,Total,Full Power,National
Standard,207.5,,,T18-19DT,M,82.5,Wraps,S,Full Power,National
Standard,120,,,T18-19DT,M,82.5,Wraps,B,Full Power,National
Standard,217.5,,,T18-19DT,M,82.5,Wraps,D,Full Power,National
Standard,530,,,T18-19DT,M,82.5,Wraps,Total,Full Power,National
Standard,210,,,T18-19DT,M,90,Wraps,S,Full Power,National
Standard,120,,,T18-19DT,M,90,Wraps,B,Full Power,National
Standard,220,,,T18-19DT,M,90,Wraps,D,Full Power,National
Standard,532.5,,,T18-19DT,M,90,Wraps,Total,Full Power,National
Standard,217.5,,,T18-19DT,M,100,Wraps,S,Full Power,National
Standard,125,,,T18-19DT,M,100,Wraps,B,Full Power,National
Standard,230,,,T18-19DT,M,100,Wraps,D,Full Power,National
Standard,555,,,T18-19DT,M,100,Wraps,Total,Full Power,National
Standard,225,,,T18-19DT,M,110,Wraps,S,Full Power,National
Standard,130,,,T18-19DT,M,110,Wraps,B,Full Power,National
Standard,235,,,T18-19DT,M,110,Wraps,D,Full Power,National
Standard,572.5,,,T18-19DT,M,110,Wraps,Total,Full Power,National
Standard,230,,,T18-19DT,M,125,Wraps,S,Full Power,National
Standard,132.5,,,T18-19DT,M,125,Wraps,B,Full Power,National
Standard,242.5,,,T18-19DT,M,125,Wraps,D,Full Power,National
Standard,587.5,,,T18-19DT,M,125,Wraps,Total,Full Power,National
Standard,235,,,T18-19DT,M,140,Wraps,S,Full Power,National
Standard,137.5,,,T18-19DT,M,140,Wraps,B,Full Power,National
Standard,247.5,,,T18-19DT,M,140,Wraps,D,Full Power,National
Standard,602.5,,,T18-19DT,M,140,Wraps,Total,Full Power,National
Standard,240,,,T18-19DT,M,140+,Wraps,S,Full Power,National
Standard,140,,,T18-19DT,M,140+,Wraps,B,Full Power,National
Standard,252.5,,,T18-19DT,M,140+,Wraps,D,Full Power,National
Standard,615,,,T18-19DT,M,140+,Wraps,Total,Full Power,National
Standard,135,,,Junior,M,52,Wraps,S,Full Power,National
Standard,77.5,,,Junior,M,52,Wraps,B,Full Power,National
Standard,140,,,Junior,M,52,Wraps,D,Full Power,National
Standard,340,,,Junior,M,52,Wraps,Total,Full Power,National
Standard,160,,,Junior,M,56,Wraps,S,Full Power,National
Standard,92.5,,,Junior,M,56,Wraps,B,Full Power,National
Standard,167.5,,,Junior,M,56,Wraps,D,Full Power,National
Standard,405,,,Junior,M,56,Wraps,Total,Full Power,National
Standard,182.5,,,Junior,M,60,Wraps,S,Full Power,National
Standard,107.5,,,Junior,M,60,Wraps,B,Full Power,National
Standard,192.5,,,Junior,M,60,Wraps,D,Full Power,National
Standard,467.5,,,Junior,M,60,Wraps,Total,Full Power,National
Standard,210,,,Junior,M,67.5,Wraps,S,Full Power,National
Standard,120,,,Junior,M,67.5,Wraps,B,Full Power,National
Standard,220,,,Junior,M,67.5,Wraps,D,Full Power,National
Standard,532.5,,,Junior,M,67.5,Wraps,Total,Full Power,National
Standard,242.5,,,Junior,M,75,Wraps,S,Full Power,National
Standard,140,,,Junior,M,75,Wraps,B,Full Power,National
Standard,255,,,Junior,M,75,Wraps,D,Full Power,National
Standard,617.5,,,Junior,M,75,Wraps,Total,Full Power,National
Standard,257.5,,,Junior,M,82.5,Wraps,S,Full Power,National
Standard,150,,,Junior,M,82.5,Wraps,B,Full Power,National
Standard,272.5,,,Junior,M,82.5,Wraps,D,Full Power,National
Standard,660,,,Junior,M,82.5,Wraps,Total,Full Power,National
Standard,267.5,,,Junior,M,90,Wraps,S,Full Power,National
Standard,155,,,Junior,M,90,Wraps,B,Full Power,National
Standard,280,,,Junior,M,90,Wraps,D,Full Power,National
Standard,680,,,Junior,M,90,Wraps,Total,Full Power,National
Standard,277.5,,,Junior,M,100,Wraps,S,Full Power,National
Standard,160,,,Junior,M,100,Wraps,B,Full Power,National
Standard,292.5,,,Junior,M,100,Wraps,D,Full Power,National
Standard,707.5,,,Junior,M,100,Wraps,Total,Full Power,National
Standard,292.5,,,Junior,M,110,Wraps,S,Full Power,National
Standard,170,,,Junior,M,110,Wraps,B,Full Power,National
Standard,307.5,,,Junior,M,110,Wraps,D,Full Power,National
Standard,750,,,Junior,M,110,Wraps,Total,Full Power,National
Standard,305,,,Junior,M,125,Wraps,S,Full Power,National
Standard,177.5,,,Junior,M,125,Wraps,B,Full Power,National
Todor Borisov,345,22/02/2026,West Midlands,Junior,M,125,Wraps,D,Full Power,National
Todor Borisov,790,22/02/2026,West Midlands,Junior,M,125,Wraps,Total,Full Power,National
Standard,317.5,,,Junior,M,140,Wraps,S,Full Power,National
Standard,185,,,Junior,M,140,Wraps,B,Full Power,National
Standard,335,,,Junior,M,140,Wraps,D,Full Power,National
Standard,812.5,,,Junior,M,140,Wraps,Total,Full Power,National
Standard,325,,,Junior,M,140+,Wraps,S,Full Power,National
Standard,187.5,,,Junior,M,140+,Wraps,B,Full Power,National
Standard,342.5,,,Junior,M,140+,Wraps,D,Full Power,National
Standard,830,,,Junior,M,140+,Wraps,Total,Full Power,National
Standard,100,,,JuniorDT,M,52,Wraps,S,Full Power,National
Standard,57.5,,,JuniorDT,M,52,Wraps,B,Full Power,National
Standard,105,,,JuniorDT,M,52,Wraps,D,Full Power,National
Standard,255,,,JuniorDT,M,52,Wraps,Total,Full Power,National
Standard,135,,,JuniorDT,M,56,Wraps,S,Full Power,National
Standard,77.5,,,JuniorDT,M,56,Wraps,B,Full Power,National
Standard,140,,,JuniorDT,M,56,Wraps,D,Full Power,National
Standard,340,,,JuniorDT,M,56,Wraps,Total,Full Power,National
Standard,167.5,,,JuniorDT,M,60,Wraps,S,Full Power,National
Standard,97.5,,,JuniorDT,M,60,Wraps,B,Full Power,National
Standard,175,,,JuniorDT,M,60,Wraps,D,Full Power,National
Standard,425,,,JuniorDT,M,60,Wraps,Total,Full Power,National
Standard,200,,,JuniorDT,M,67.5,Wraps,S,Full Power,National
Standard,115,,,JuniorDT,M,67.5,Wraps,B,Full Power,National
Standard,210,,,JuniorDT,M,67.5,Wraps,D,Full Power,National
Standard,510,,,JuniorDT,M,67.5,Wraps,Total,Full Power,National
Standard,227.5,,,JuniorDT,M,75,Wraps,S,Full Power,National
Standard,132.5,,,JuniorDT,M,75,Wraps,B,Full Power,National
Standard,240,,,JuniorDT,M,75,Wraps,D,Full Power,National
Standard,582.5,,,JuniorDT,M,75,Wraps,Total,Full Power,National
Memphis Lindley,245,06/12/2025,National Championships,JuniorDT,M,82.5,Wraps,S,Full Power,National
Standard,137.5,,,JuniorDT,M,82.5,Wraps,B,Full Power,National
Standard,252.5,,,JuniorDT,M,82.5,Wraps,D,Full Power,National
Memphis Lindley,612.5,06/12/2025,National Championships,JuniorDT,M,82.5,Wraps,Total,Full Power,National
Standard,245,,,JuniorDT,M,90,Wraps,S,Full Power,National
Standard,142.5,,,JuniorDT,M,90,Wraps,B,Full Power,National
Standard,257.5,,,JuniorDT,M,90,Wraps,D,Full Power,National
Standard,625,,,JuniorDT,M,90,Wraps,Total,Full Power,National
Standard,255,,,JuniorDT,M,100,Wraps,S,Full Power,National
Standard,147.5,,,JuniorDT,M,100,Wraps,B,Full Power,National
Standard,270,,,JuniorDT,M,100,Wraps,D,Full Power,National
Standard,652.5,,,JuniorDT,M,100,Wraps,Total,Full Power,National
Standard,262.5,,,JuniorDT,M,110,Wraps,S,Full Power,National
Sam Nottage,175,13/04/2025,South Midlands,JuniorDT,M,110,Wraps,B,Full Power,National
Standard,277.5,,,JuniorDT,M,110,Wraps,D,Full Power,National
Standard,672.5,,,JuniorDT,M,110,Wraps,Total,Full Power,National
Standard,270,,,JuniorDT,M,125,Wraps,S,Full Power,National
Standard,157.5,,,JuniorDT,M,125,Wraps,B,Full Power,National
Standard,285,,,JuniorDT,M,125,Wraps,D,Full Power,National
Standard,690,,,JuniorDT,M,125,Wraps,Total,Full Power,National
Standard,277.5,,,JuniorDT,M,140,Wraps,S,Full Power,National
Standard,160,,,JuniorDT,M,140,Wraps,B,Full Power,National
Standard,292.5,,,JuniorDT,M,140,Wraps,D,Full Power,National
Standard,707.5,,,JuniorDT,M,140,Wraps,Total,Full Power,National
William Mccoll,360,06/12/2025,National Championships,JuniorDT,M,140+,Wraps,S,Full Power,National
William Mccoll,235,06/12/2025,National Championships,JuniorDT,M,140+,Wraps,B,Full Power,National
Standard,297.5,,,JuniorDT,M,140+,Wraps,D,Full Power,National
William Mccoll,860,06/12/2025,National Championships,JuniorDT,M,140+,Wraps,Total,Full Power,National
Standard,137.5,,,M40-49,M,52,Wraps,S,Full Power,National
Standard,80,,,M40-49,M,52,Wraps,B,Full Power,National
Standard,145,,,M40-49,M,52,Wraps,D,Full Power,National
Standard,350,,,M40-49,M,52,Wraps,Total,Full Power,National
Standard,165,,,M40-49,M,56,Wraps,S,Full Power,National
Standard,95,,,M40-49,M,56,Wraps,B,Full Power,National
Standard,172.5,,,M40-49,M,56,Wraps,D,Full Power,National
Standard,417.5,,,M40-49,M,56,Wraps,Total,Full Power,National
Standard,190,,,M40-49,M,60,Wraps,S,Full Power,National
Standard,110,,,M40-49,M,60,Wraps,B,Full Power,National
Standard,200,,,M40-49,M,60,Wraps,D,Full Power,National
Standard,482.5,,,M40-49,M,60,Wraps,Total,Full Power,National
Standard,215,,,M40-49,M,67.5,Wraps,S,Full Power,National
Standard,125,,,M40-49,M,67.5,Wraps,B,Full Power,National
Standard,225,,,M40-49,M,67.5,Wraps,D,Full Power,National
Standard,547.5,,,M40-49,M,67.5,Wraps,Total,Full Power,National
Standard,250,,,M40-49,M,75,Wraps,S,Full Power,National
Standard,145,,,M40-49,M,75,Wraps,B,Full Power,National
Standard,262.5,,,M40-49,M,75,Wraps,D,Full Power,National
Standard,635,,,M40-49,M,75,Wraps,Total,Full Power,National
Standard,267.5,,,M40-49,M,82.5,Wraps,S,Full Power,National
Standard,155,,,M40-49,M,82.5,Wraps,B,Full Power,National
Standard,280,,,M40-49,M,82.5,Wraps,D,Full Power,National
Standard,680,,,M40-49,M,82.5,Wraps,Total,Full Power,National
Standard,275,,,M40-49,M,90,Wraps,S,Full Power,National
Standard,157.5,,,M40-49,M,90,Wraps,B,Full Power,National
Standard,287.5,,,M40-49,M,90,Wraps,D,Full Power,National
Standard,700,,,M40-49,M,90,Wraps,Total,Full Power,National
Standard,285,,,M40-49,M,100,Wraps,S,Full Power,National
Standard,165,,,M40-49,M,100,Wraps,B,Full Power,National
Standard,300,,,M40-49,M,100,Wraps,D,Full Power,National
Standard,727.5,,,M40-49,M,100,Wraps,Total,Full Power,National
Standard,302.5,,,M40-49,M,110,Wraps,S,Full Power,National
Mark Hallam,180,28/09/2025,South Midlands,M40-49,M,110,Wraps,B,Full Power,National
Standard,317.5,,,M40-49,M,110,Wraps,D,Full Power,National
Standard,770,,,M40-49,M,110,Wraps,Total,Full Power,National
Standard,315,,,M40-49,M,125,Wraps,S,Full Power,National
Zoltan Mihalyi,183,30/03/2025,South West,M40-49,M,125,Wraps,B,Full Power,National
Standard,330,,,M40-49,M,125,Wraps,D,Full Power,National
Standard,802.5,,,M40-49,M,125,Wraps,Total,Full Power,National
Standard,327.5,,,M40-49,M,140,Wraps,S,Full Power,National
Standard,190,,,M40-49,M,140,Wraps,B,Full Power,National
Standard,345,,,M40-49,M,140,Wraps,D,Full Power,National
Standard,837.5,,,M40-49,M,140,Wraps,Total,Full Power,National
Standard,335,,,M40-49,M,140+,Wraps,S,Full Power,National
Standard,192.5,,,M40-49,M,140+,Wraps,B,Full Power,National
Standard,352.5,,,M40-49,M,140+,Wraps,D,Full Power,National
Standard,855,,,M40-49,M,140+,Wraps,Total,Full Power,National
Standard,120,,,M50-59,M,52,Wraps,S,Full Power,National
Standard,70,,,M50-59,M,52,Wraps,B,Full Power,National
Standard,127.5,,,M50-59,M,52,Wraps,D,Full Power,National
Standard,307.5,,,M50-59,M,52,Wraps,Total,Full Power,National
Standard,145,,,M50-59,M,56,Wraps,S,Full Power,National
Standard,85,,,M50-59,M,56,Wraps,B,Full Power,National
Standard,152.5,,,M50-59,M,56,Wraps,D,Full Power,National
Standard,367.5,,,M50-59,M,56,Wraps,Total,Full Power,National
Standard,165,,,M50-59,M,60,Wraps,S,Full Power,National
Standard,97.5,,,M50-59,M,60,Wraps,B,Full Power,National
Standard,175,,,M50-59,M,60,Wraps,D,Full Power,National
Standard,422.5,,,M50-59,M,60,Wraps,Total,Full Power,National
Standard,187.5,,,M50-59,M,67.5,Wraps,S,Full Power,National
Standard,110,,,M50-59,M,67.5,Wraps,B,Full Power,National
Standard,197.5,,,M50-59,M,67.5,Wraps,D,Full Power,National
Standard,480,,,M50-59,M,67.5,Wraps,Total,Full Power,National
Standard,250,,,M50-59,M,75,Wraps,S,Full Power,National
Standard,145,,,M50-59,M,75,Wraps,B,Full Power,National
Standard,262.5,,,M50-59,M,75,Wraps,D,Full Power,National
Standard,635,,,M50-59,M,75,Wraps,Total,Full Power,National
Standard,232.5,,,M50-59,M,82.5,Wraps,S,Full Power,National
Standard,135,,,M50-59,M,82.5,Wraps,B,Full Power,National
Standard,245,,,M50-59,M,82.5,Wraps,D,Full Power,National
Standard,595,,,M50-59,M,82.5,Wraps,Total,Full Power,National
Standard,240,,,M50-59,M,90,Wraps,S,Full Power,National
Standard,140,,,M50-59,M,90,Wraps,B,Full Power,National
Standard,252.5,,,M50-59,M,90,Wraps,D,Full Power,National
Standard,612.5,,,M50-59,M,90,Wraps,Total,Full Power,National
Paul Wain,270.5,16/05/2026,World Cup UK,M50-59,M,100,Wraps,S,Full Power,National
Paul Wain,155,05/12/2025,National Championships,M50-59,M,100,Wraps,B,Full Power,National
Paul Wain,305,16/05/2026,World Cup UK,M50-59,M,100,Wraps,D,Full Power,National
Paul Wain,727.5,05/12/2025,National Championships,M50-59,M,100,Wraps,Total,Full Power,National
Standard,265,,,M50-59,M,110,Wraps,S,Full Power,National
Standard,152.5,,,M50-59,M,110,Wraps,B,Full Power,National
Standard,277.5,,,M50-59,M,110,Wraps,D,Full Power,National
Standard,675,,,M50-59,M,110,Wraps,Total,Full Power,National
Standard,315,,,M50-59,M,125,Wraps,S,Full Power,National
Standard,182.5,,,M50-59,M,125,Wraps,B,Full Power,National
Standard,330,,,M50-59,M,125,Wraps,D,Full Power,National
Standard,802.5,,,M50-59,M,125,Wraps,Total,Full Power,National
Standard,287.5,,,M50-59,M,140,Wraps,S,Full Power,National
Standard,167.5,,,M50-59,M,140,Wraps,B,Full Power,National
Standard,302.5,,,M50-59,M,140,Wraps,D,Full Power,National
Standard,735,,,M50-59,M,140,Wraps,Total,Full Power,National
Standard,292.5,,,M50-59,M,140+,Wraps,S,Full Power,National
Standard,170,,,M50-59,M,140+,Wraps,B,Full Power,National
Standard,307.5,,,M50-59,M,140+,Wraps,D,Full Power,National
Standard,750,,,M50-59,M,140+,Wraps,Total,Full Power,National
Standard,107.5,,,M60-69,M,52,Wraps,S,Full Power,National
Standard,62.5,,,M60-69,M,52,Wraps,B,Full Power,National
Standard,112.5,,,M60-69,M,52,Wraps,D,Full Power,National
Standard,270,,,M60-69,M,52,Wraps,Total,Full Power,National
Standard,127.5,,,M60-69,M,56,Wraps,S,Full Power,National
Standard,75,,,M60-69,M,56,Wraps,B,Full Power,National
Standard,132.5,,,M60-69,M,56,Wraps,D,Full Power,National
Standard,322.5,,,M60-69,M,56,Wraps,Total,Full Power,National
Standard,145,,,M60-69,M,60,Wraps,S,Full Power,National
Standard,85,,,M60-69,M,60,Wraps,B,Full Power,National
Standard,152.5,,,M60-69,M,60,Wraps,D,Full Power,National
Standard,370,,,M60-69,M,60,Wraps,Total,Full Power,National
Standard,165,,,M60-69,M,67.5,Wraps,S,Full Power,National
Standard,95,,,M60-69,M,67.5,Wraps,B,Full Power,National
Standard,172.5,,,M60-69,M,67.5,Wraps,D,Full Power,National
Standard,420,,,M60-69,M,67.5,Wraps,Total,Full Power,National
Standard,250,,,M60-69,M,75,Wraps,S,Full Power,National
Standard,145,,,M60-69,M,75,Wraps,B,Full Power,National
Standard,262.5,,,M60-69,M,75,Wraps,D,Full Power,National
Standard,635,,,M60-69,M,75,Wraps,Total,Full Power,National
Standard,205,,,M60-69,M,82.5,Wraps,S,Full Power,National
Standard,120,,,M60-69,M,82.5,Wraps,B,Full Power,National
Standard,215,,,M60-69,M,82.5,Wraps,D,Full Power,National
Standard,522.5,,,M60-69,M,82.5,Wraps,Total,Full Power,National
Standard,210,,,M60-69,M,90,Wraps,S,Full Power,National
Standard,122.5,,,M60-69,M,90,Wraps,B,Full Power,National
Standard,222.5,,,M60-69,M,90,Wraps,D,Full Power,National
Standard,537.5,,,M60-69,M,90,Wraps,Total,Full Power,National
Standard,220,,,M60-69,M,100,Wraps,S,Full Power,National
Standard,127.5,,,M60-69,M,100,Wraps,B,Full Power,National
Standard,230,,,M60-69,M,100,Wraps,D,Full Power,National
Standard,560,,,M60-69,M,100,Wraps,Total,Full Power,National
Standard,232.5,,,M60-69,M,110,Wraps,S,Full Power,National
Standard,135,,,M60-69,M,110,Wraps,B,Full Power,National
Standard,245,,,M60-69,M,110,Wraps,D,Full Power,National
Standard,592.5,,,M60-69,M,110,Wraps,Total,Full Power,National
Standard,315,,,M60-69,M,125,Wraps,S,Full Power,National
Standard,182.5,,,M60-69,M,125,Wraps,B,Full Power,National
Standard,330,,,M60-69,M,125,Wraps,D,Full Power,National
Standard,802.5,,,M60-69,M,125,Wraps,Total,Full Power,National
Standard,252.5,,,M60-69,M,140,Wraps,S,Full Power,National
Standard,147.5,,,M60-69,M,140,Wraps,B,Full Power,National
Standard,265,,,M60-69,M,140,Wraps,D,Full Power,National
Standard,645,,,M60-69,M,140,Wraps,Total,Full Power,National
Standard,257.5,,,M60-69,M,140+,Wraps,S,Full Power,National
Standard,150,,,M60-69,M,140+,Wraps,B,Full Power,National
Standard,270,,,M60-69,M,140+,Wraps,D,Full Power,National
Standard,657.5,,,M60-69,M,140+,Wraps,Total,Full Power,National
Standard,102.5,,,M40-49DT,M,52,Wraps,S,Full Power,National
Standard,60,,,M40-49DT,M,52,Wraps,B,Full Power,National
Standard,110,,,M40-49DT,M,52,Wraps,D,Full Power,National
Standard,262.5,,,M40-49DT,M,52,Wraps,Total,Full Power,National
Standard,137.5,,,M40-49DT,M,56,Wraps,S,Full Power,National
Standard,80,,,M40-49DT,M,56,Wraps,B,Full Power,National
Standard,145,,,M40-49DT,M,56,Wraps,D,Full Power,National
Standard,350,,,M40-49DT,M,56,Wraps,Total,Full Power,National
Standard,172.5,,,M40-49DT,M,60,Wraps,S,Full Power,National
Standard,100,,,M40-49DT,M,60,Wraps,B,Full Power,National
Standard,180,,,M40-49DT,M,60,Wraps,D,Full Power,National
Standard,437.5,,,M40-49DT,M,60,Wraps,Total,Full Power,National
Standard,205,,,M40-49DT,M,67.5,Wraps,S,Full Power,National
Standard,120,,,M40-49DT,M,67.5,Wraps,B,Full Power,National
Standard,217.5,,,M40-49DT,M,67.5,Wraps,D,Full Power,National
Standard,525,,,M40-49DT,M,67.5,Wraps,Total,Full Power,National
Standard,235,,,M40-49DT,M,75,Wraps,S,Full Power,National
Standard,135,,,M40-49DT,M,75,Wraps,B,Full Power,National
Standard,247.5,,,M40-49DT,M,75,Wraps,D,Full Power,National
Standard,600,,,M40-49DT,M,75,Wraps,Total,Full Power,National
Standard,252.5,,,M40-49DT,M,82.5,Wraps,S,Full Power,National
Standard,147.5,,,M40-49DT,M,82.5,Wraps,B,Full Power,National
Standard,265,,,M40-49DT,M,82.5,Wraps,D,Full Power,National
Standard,645,,,M40-49DT,M,82.5,Wraps,Total,Full Power,National
Standard,252.5,,,M40-49DT,M,90,Wraps,S,Full Power,National
Standard,147.5,,,M40-49DT,M,90,Wraps,B,Full Power,National
Standard,265,,,M40-49DT,M,90,Wraps,D,Full Power,National
Standard,645,,,M40-49DT,M,90,Wraps,Total,Full Power,National
Standard,267.5,,,M40-49DT,M,100,Wraps,S,Full Power,National
Adrian Golding,155,29/03/2026,South West,M40-49DT,M,100,Wraps,B,Full Power,National
Standard,280,,,M40-49DT,M,100,Wraps,D,Full Power,National
Standard,680,,,M40-49DT,M,100,Wraps,Total,Full Power,National
Chris Brown,273,08/12/2024,Nottingham,M40-49DT,M,110,Wraps,S,Full Power,National
Chris Brown,177.5,08/12/2024,Nottingham,M40-49DT,M,110,Wraps,B,Full Power,National
Chris Brown,300,08/12/2024,Nottingham,M40-49DT,M,110,Wraps,D,Full Power,National
Chris Brown,750.5,08/12/2024,Nottingham,M40-49DT,M,110,Wraps,Total,Full Power,National
Standard,277.5,,,M40-49DT,M,125,Wraps,S,Full Power,National
Standard,160,,,M40-49DT,M,125,Wraps,B,Full Power,National
Standard,292.5,,,M40-49DT,M,125,Wraps,D,Full Power,National
Standard,710,,,M40-49DT,M,125,Wraps,Total,Full Power,National
Standard,285,,,M40-49DT,M,140,Wraps,S,Full Power,National
Standard,165,,,M40-49DT,M,140,Wraps,B,Full Power,National
Standard,300,,,M40-49DT,M,140,Wraps,D,Full Power,National
Standard,727.5,,,M40-49DT,M,140,Wraps,Total,Full Power,National
Standard,292.5,,,M40-49DT,M,140+,Wraps,S,Full Power,National
Standard,170,,,M40-49DT,M,140+,Wraps,B,Full Power,National
Standard,307.5,,,M40-49DT,M,140+,Wraps,D,Full Power,National
Standard,745,,,M40-49DT,M,140+,Wraps,Total,Full Power,National
Standard,97.5,,,M50-59DT,M,52,Wraps,S,Full Power,National
Standard,57.5,,,M50-59DT,M,52,Wraps,B,Full Power,National
Standard,102.5,,,M50-59DT,M,52,Wraps,D,Full Power,National
Standard,250,,,M50-59DT,M,52,Wraps,Total,Full Power,National
Standard,130,,,M50-59DT,M,56,Wraps,S,Full Power,National
Standard,75,,,M50-59DT,M,56,Wraps,B,Full Power,National
Standard,137.5,,,M50-59DT,M,56,Wraps,D,Full Power,National
Standard,332.5,,,M50-59DT,M,56,Wraps,Total,Full Power,National
Standard,165,,,M50-59DT,M,60,Wraps,S,Full Power,National
Standard,95,,,M50-59DT,M,60,Wraps,B,Full Power,National
Standard,172.5,,,M50-59DT,M,60,Wraps,D,Full Power,National
Standard,417.5,,,M50-59DT,M,60,Wraps,Total,Full Power,National
Standard,195,,,M50-59DT,M,67.5,Wraps,S,Full Power,National
Standard,112.5,,,M50-59DT,M,67.5,Wraps,B,Full Power,National
Standard,205,,,M50-59DT,M,67.5,Wraps,D,Full Power,National
Standard,500,,,M50-59DT,M,67.5,Wraps,Total,Full Power,National
Standard,222.5,,,M50-59DT,M,75,Wraps,S,Full Power,National
Standard,130,,,M50-59DT,M,75,Wraps,B,Full Power,National
Standard,235,,,M50-59DT,M,75,Wraps,D,Full Power,National
Standard,570,,,M50-59DT,M,75,Wraps,Total,Full Power,National
Standard,240,,,M50-59DT,M,82.5,Wraps,S,Full Power,National
Standard,140,,,M50-59DT,M,82.5,Wraps,B,Full Power,National
Standard,252.5,,,M50-59DT,M,82.5,Wraps,D,Full Power,National
Standard,615,,,M50-59DT,M,82.5,Wraps,Total,Full Power,National
Standard,240,,,M50-59DT,M,90,Wraps,S,Full Power,National
Standard,140,,,M50-59DT,M,90,Wraps,B,Full Power,National
Standard,252.5,,,M50-59DT,M,90,Wraps,D,Full Power,National
Standard,615,,,M50-59DT,M,90,Wraps,Total,Full Power,National
Standard,255,,,M50-59DT,M,100,Wraps,S,Full Power,National
Standard,147.5,,,M50-59DT,M,100,Wraps,B,Full Power,National
Standard,267.5,,,M50-59DT,M,100,Wraps,D,Full Power,National
Standard,647.5,,,M50-59DT,M,100,Wraps,Total,Full Power,National
Standard,260,,,M50-59DT,M,110,Wraps,S,Full Power,National
Standard,150,,,M50-59DT,M,110,Wraps,B,Full Power,National
Standard,275,,,M50-59DT,M,110,Wraps,D,Full Power,National
Standard,665,,,M50-59DT,M,110,Wraps,Total,Full Power,National
Standard,265,,,M50-59DT,M,125,Wraps,S,Full Power,National
Standard,152.5,,,M50-59DT,M,125,Wraps,B,Full Power,National
Standard,277.5,,,M50-59DT,M,125,Wraps,D,Full Power,National
Standard,675,,,M50-59DT,M,125,Wraps,Total,Full Power,National
Standard,272.5,,,M50-59DT,M,140,Wraps,S,Full Power,National
Standard,157.5,,,M50-59DT,M,140,Wraps,B,Full Power,National
Standard,285,,,M50-59DT,M,140,Wraps,D,Full Power,National
Standard,692.5,,,M50-59DT,M,140,Wraps,Total,Full Power,National
Standard,277.5,,,M50-59DT,M,140+,Wraps,S,Full Power,National
Standard,160,,,M50-59DT,M,140+,Wraps,B,Full Power,National
Standard,292.5,,,M50-59DT,M,140+,Wraps,D,Full Power,National
Standard,710,,,M50-59DT,M,140+,Wraps,Total,Full Power,National
Standard,95,,,M60-69DT,M,52,Wraps,S,Full Power,National
Standard,55,,,M60-69DT,M,52,Wraps,B,Full Power,National
Standard,97.5,,,M60-69DT,M,52,Wraps,D,Full Power,National
Standard,237.5,,,M60-69DT,M,52,Wraps,Total,Full Power,National
Standard,125,,,M60-69DT,M,56,Wraps,S,Full Power,National
Standard,72.5,,,M60-69DT,M,56,Wraps,B,Full Power,National
Standard,132.5,,,M60-69DT,M,56,Wraps,D,Full Power,National
Standard,317.5,,,M60-69DT,M,56,Wraps,Total,Full Power,National
Standard,157.5,,,M60-69DT,M,60,Wraps,S,Full Power,National
Standard,90,,,M60-69DT,M,60,Wraps,B,Full Power,National
Standard,165,,,M60-69DT,M,60,Wraps,D,Full Power,National
Standard,397.5,,,M60-69DT,M,60,Wraps,Total,Full Power,National
Standard,187.5,,,M60-69DT,M,67.5,Wraps,S,Full Power,National
Standard,107.5,,,M60-69DT,M,67.5,Wraps,B,Full Power,National
Standard,195,,,M60-69DT,M,67.5,Wraps,D,Full Power,National
Standard,475,,,M60-69DT,M,67.5,Wraps,Total,Full Power,National
Standard,212.5,,,M60-69DT,M,75,Wraps,S,Full Power,National
Standard,122.5,,,M60-69DT,M,75,Wraps,B,Full Power,National
Standard,222.5,,,M60-69DT,M,75,Wraps,D,Full Power,National
Standard,542.5,,,M60-69DT,M,75,Wraps,Total,Full Power,National
Standard,230,,,M60-69DT,M,82.5,Wraps,S,Full Power,National
Standard,132.5,,,M60-69DT,M,82.5,Wraps,B,Full Power,National
Standard,240,,,M60-69DT,M,82.5,Wraps,D,Full Power,National
Standard,585,,,M60-69DT,M,82.5,Wraps,Total,Full Power,National
Standard,230,,,M60-69DT,M,90,Wraps,S,Full Power,National
Kevin Barrs,135,24/05/2026,Raw Strength Open II,M60-69DT,M,90,Wraps,B,Full Power,National
Standard,240,,,M60-69DT,M,90,Wraps,D,Full Power,National
Standard,585,,,M60-69DT,M,90,Wraps,Total,Full Power,National
Standard,242.5,,,M60-69DT,M,100,Wraps,S,Full Power,National
Standard,140,,,M60-69DT,M,100,Wraps,B,Full Power,National
Standard,255,,,M60-69DT,M,100,Wraps,D,Full Power,National
Standard,617.5,,,M60-69DT,M,100,Wraps,Total,Full Power,National
Standard,247.5,,,M60-69DT,M,110,Wraps,S,Full Power,National
Standard,142.5,,,M60-69DT,M,110,Wraps,B,Full Power,National
Standard,260,,,M60-69DT,M,110,Wraps,D,Full Power,National
Standard,632.5,,,M60-69DT,M,110,Wraps,Total,Full Power,National
Standard,252.5,,,M60-69DT,M,125,Wraps,S,Full Power,National
Standard,145,,,M60-69DT,M,125,Wraps,B,Full Power,National
Standard,265,,,M60-69DT,M,125,Wraps,D,Full Power,National
Standard,642.5,,,M60-69DT,M,125,Wraps,Total,Full Power,National
Standard,257.5,,,M60-69DT,M,140,Wraps,S,Full Power,National
Standard,150,,,M60-69DT,M,140,Wraps,B,Full Power,National
Standard,272.5,,,M60-69DT,M,140,Wraps,D,Full Power,National
Standard,660,,,M60-69DT,M,140,Wraps,Total,Full Power,National
Standard,265,,,M60-69DT,M,140+,Wraps,S,Full Power,National
Standard,152.5,,,M60-69DT,M,140+,Wraps,B,Full Power,National
Standard,277.5,,,M60-69DT,M,140+,Wraps,D,Full Power,National
Standard,675,,,M60-69DT,M,140+,Wraps,Total,Full Power,National
Standard,97.5,,,M70-79,M,52,Wraps,S,Full Power,National
Standard,57.5,,,M70-79,M,52,Wraps,B,Full Power,National
Standard,102.5,,,M70-79,M,52,Wraps,D,Full Power,National
Standard,245,,,M70-79,M,52,Wraps,Total,Full Power,National
Standard,115,,,M70-79,M,56,Wraps,S,Full Power,National
Standard,67.5,,,M70-79,M,56,Wraps,B,Full Power,National
Standard,120,,,M70-79,M,56,Wraps,D,Full Power,National
Standard,292.5,,,M70-79,M,56,Wraps,Total,Full Power,National
Standard,132.5,,,M70-79,M,60,Wraps,S,Full Power,National
Standard,77.5,,,M70-79,M,60,Wraps,B,Full Power,National
Standard,137.5,,,M70-79,M,60,Wraps,D,Full Power,National
Standard,335,,,M70-79,M,60,Wraps,Total,Full Power,National
Standard,150,,,M70-79,M,67.5,Wraps,S,Full Power,National
Standard,87.5,,,M70-79,M,67.5,Wraps,B,Full Power,National
Standard,157.5,,,M70-79,M,67.5,Wraps,D,Full Power,National
Standard,380,,,M70-79,M,67.5,Wraps,Total,Full Power,National
Standard,225,,,M70-79,M,75,Wraps,S,Full Power,National
Standard,132.5,,,M70-79,M,75,Wraps,B,Full Power,National
Standard,237.5,,,M70-79,M,75,Wraps,D,Full Power,National
Standard,572.5,,,M70-79,M,75,Wraps,Total,Full Power,National
Standard,185,,,M70-79,M,82.5,Wraps,S,Full Power,National
Standard,110,,,M70-79,M,82.5,Wraps,B,Full Power,National
Standard,195,,,M70-79,M,82.5,Wraps,D,Full Power,National
Standard,472.5,,,M70-79,M,82.5,Wraps,Total,Full Power,National
Standard,190,,,M70-79,M,90,Wraps,S,Full Power,National
Standard,112.5,,,M70-79,M,90,Wraps,B,Full Power,National
Standard,202.5,,,M70-79,M,90,Wraps,D,Full Power,National
Standard,485,,,M70-79,M,90,Wraps,Total,Full Power,National
Standard,200,,,M70-79,M,100,Wraps,S,Full Power,National
Standard,115,,,M70-79,M,100,Wraps,B,Full Power,National
Standard,207.5,,,M70-79,M,100,Wraps,D,Full Power,National
Standard,505,,,M70-79,M,100,Wraps,Total,Full Power,National
Standard,210,,,M70-79,M,110,Wraps,S,Full Power,National
Standard,122.5,,,M70-79,M,110,Wraps,B,Full Power,National
Standard,222.5,,,M70-79,M,110,Wraps,D,Full Power,National
Standard,535,,,M70-79,M,110,Wraps,Total,Full Power,National
Standard,285,,,M70-79,M,125,Wraps,S,Full Power,National
Standard,165,,,M70-79,M,125,Wraps,B,Full Power,National
Standard,297.5,,,M70-79,M,125,Wraps,D,Full Power,National
Standard,722.5,,,M70-79,M,125,Wraps,Total,Full Power,National
Standard,227.5,,,M70-79,M,140,Wraps,S,Full Power,National
Standard,135,,,M70-79,M,140,Wraps,B,Full Power,National
Standard,240,,,M70-79,M,140,Wraps,D,Full Power,National
Standard,582.5,,,M70-79,M,140,Wraps,Total,Full Power,National
Standard,232.5,,,M70-79,M,140+,Wraps,S,Full Power,National
Standard,135,,,M70-79,M,140+,Wraps,B,Full Power,National
Standard,245,,,M70-79,M,140+,Wraps,D,Full Power,National
Standard,592.5,,,M70-79,M,140+,Wraps,Total,Full Power,National
Standard,87.5,,,M70-79DT,M,52,Wraps,S,Full Power,National
Standard,50,,,M70-79DT,M,52,Wraps,B,Full Power,National
Standard,90,,,M70-79DT,M,52,Wraps,D,Full Power,National
Standard,215,,,M70-79DT,M,52,Wraps,Total,Full Power,National
Standard,112.5,,,M70-79DT,M,56,Wraps,S,Full Power,National
Standard,67.5,,,M70-79DT,M,56,Wraps,B,Full Power,National
Standard,120,,,M70-79DT,M,56,Wraps,D,Full Power,National
Standard,287.5,,,M70-79DT,M,56,Wraps,Total,Full Power,National
Standard,142.5,,,M70-79DT,M,60,Wraps,S,Full Power,National
Standard,82.5,,,M70-79DT,M,60,Wraps,B,Full Power,National
Standard,150,,,M70-79DT,M,60,Wraps,D,Full Power,National
Standard,360,,,M70-79DT,M,60,Wraps,Total,Full Power,National
Standard,170,,,M70-79DT,M,67.5,Wraps,S,Full Power,National
Standard,97.5,,,M70-79DT,M,67.5,Wraps,B,Full Power,National
Standard,177.5,,,M70-79DT,M,67.5,Wraps,D,Full Power,National
Standard,427.5,,,M70-79DT,M,67.5,Wraps,Total,Full Power,National
Standard,192.5,,,M70-79DT,M,75,Wraps,S,Full Power,National
Standard,112.5,,,M70-79DT,M,75,Wraps,B,Full Power,National
Standard,202.5,,,M70-79DT,M,75,Wraps,D,Full Power,National
Standard,490,,,M70-79DT,M,75,Wraps,Total,Full Power,National
Standard,207.5,,,M70-79DT,M,82.5,Wraps,S,Full Power,National
Standard,120,,,M70-79DT,M,82.5,Wraps,B,Full Power,National
Standard,217.5,,,M70-79DT,M,82.5,Wraps,D,Full Power,National
Standard,527.5,,,M70-79DT,M,82.5,Wraps,Total,Full Power,National
Standard,207.5,,,M70-79DT,M,90,Wraps,S,Full Power,National
Standard,120,,,M70-79DT,M,90,Wraps,B,Full Power,National
Standard,217.5,,,M70-79DT,M,90,Wraps,D,Full Power,National
Standard,527.5,,,M70-79DT,M,90,Wraps,Total,Full Power,National
Standard,220,,,M70-79DT,M,100,Wraps,S,Full Power,National
Standard,127.5,,,M70-79DT,M,100,Wraps,B,Full Power,National
Standard,230,,,M70-79DT,M,100,Wraps,D,Full Power,National
Standard,557.5,,,M70-79DT,M,100,Wraps,Total,Full Power,National
Standard,225,,,M70-79DT,M,110,Wraps,S,Full Power,National
Standard,130,,,M70-79DT,M,110,Wraps,B,Full Power,National
Standard,235,,,M70-79DT,M,110,Wraps,D,Full Power,National
Standard,570,,,M70-79DT,M,110,Wraps,Total,Full Power,National
Standard,227.5,,,M70-79DT,M,125,Wraps,S,Full Power,National
Standard,132.5,,,M70-79DT,M,125,Wraps,B,Full Power,National
Standard,240,,,M70-79DT,M,125,Wraps,D,Full Power,National
Standard,580,,,M70-79DT,M,125,Wraps,Total,Full Power,National
Standard,232.5,,,M70-79DT,M,140,Wraps,S,Full Power,National
Standard,135,,,M70-79DT,M,140,Wraps,B,Full Power,National
Standard,247.5,,,M70-79DT,M,140,Wraps,D,Full Power,National
Standard,595,,,M70-79DT,M,140,Wraps,Total,Full Power,National
Standard,240,,,M70-79DT,M,140+,Wraps,S,Full Power,National
Standard,137.5,,,M70-79DT,M,140+,Wraps,B,Full Power,National
Standard,250,,,M70-79DT,M,140+,Wraps,D,Full Power,National
Standard,607.5,,,M70-79DT,M,140+,Wraps,Total,Full Power,National
Standard,107.5,,,Open,F,44,Wraps,S,Full Power,National
Standard,62.5,,,Open,F,44,Wraps,B,Full Power,National
Standard,115,,,Open,F,44,Wraps,D,Full Power,National
Standard,275,,,Open,F,44,Wraps,Total,Full Power,National
Standard,117.5,,,Open,F,48,Wraps,S,Full Power,National
Standard,67.5,,,Open,F,48,Wraps,B,Full Power,National
Standard,125,,,Open,F,48,Wraps,D,Full Power,National
Standard,300,,,Open,F,48,Wraps,Total,Full Power,National
Standard,135,,,Open,F,52,Wraps,S,Full Power,National
Standard,80,,,Open,F,52,Wraps,B,Full Power,National
Standard,142.5,,,Open,F,52,Wraps,D,Full Power,National
Standard,345,,,Open,F,52,Wraps,Total,Full Power,National
Standard,157.5,,,Open,F,56,Wraps,S,Full Power,National
Standard,90,,,Open,F,56,Wraps,B,Full Power,National
Standard,165,,,Open,F,56,Wraps,D,Full Power,National
Standard,400,,,Open,F,56,Wraps,Total,Full Power,National
Karley Emery,185,08/12/2024,Nottingham,Open,F,60,Wraps,S,Full Power,National
Standard,100,,,Open,F,60,Wraps,B,Full Power,National
Karley Emery,185,08/12/2024,Nottingham,Open,F,60,Wraps,D,Full Power,National
Karley Emery,447.5,08/12/2024,Nottingham,Open,F,60,Wraps,Total,Full Power,National
Sharon Eggleton,227.5,08/12/2024,Nottingham,Open,F,67.5,Wraps,S,Full Power,National
Sharon Eggleton,130,05/05/2024,Nottingham,Open,F,67.5,Wraps,B,Full Power,National
Sharon Eggleton,245,08/12/2024,Nottingham,Open,F,67.5,Wraps,D,Full Power,National
Sharon Eggleton,600,08/12/2024,Nottingham,Open,F,67.5,Wraps,Total,Full Power,National
Standard,190,,,Open,F,75,Wraps,S,Full Power,National
Standard,110,,,Open,F,75,Wraps,B,Full Power,National
Adele Fleetwood,200,17/08/2025,North West,Open,F,75,Wraps,D,Full Power,National
Adele Fleetwood,490,17/08/2025,North West,Open,F,75,Wraps,Total,Full Power,National
Laura Vogelsang,232.5,08/12/2024,Nottingham,Open,F,82.5,Wraps,S,Full Power,National
Laura Vogelsang,135,08/12/2024,Nottingham,Open,F,82.5,Wraps,B,Full Power,National
Laura Vogelsang,240,08/12/2024,Nottingham,Open,F,82.5,Wraps,D,Full Power,National
Laura Vogelsang,607.5,08/12/2024,Nottingham,Open,F,82.5,Wraps,Total,Full Power,National
Standard,202.5,,,Open,F,90,Wraps,S,Full Power,National
Standard,117.5,,,Open,F,90,Wraps,B,Full Power,National
Standard,212.5,,,Open,F,90,Wraps,D,Full Power,National
Standard,515,,,Open,F,90,Wraps,Total,Full Power,National
Standard,185,,,Open,F,100,Wraps,S,Full Power,National
Standard,100,,,Open,F,100,Wraps,B,Full Power,National
Standard,215,,,Open,F,100,Wraps,D,Full Power,National
Standard,495,,,Open,F,100,Wraps,Total,Full Power,National
Standard,190,,,Open,F,110,Wraps,S,Full Power,National
Standard,102.5,,,Open,F,110,Wraps,B,Full Power,National
Standard,220,,,Open,F,110,Wraps,D,Full Power,National
Standard,507.5,,,Open,F,110,Wraps,Total,Full Power,National
Standard,190,,,Open,F,110+,Wraps,S,Full Power,National
Standard,102.5,,,Open,F,110+,Wraps,B,Full Power,National
Standard,222.5,,,Open,F,110+,Wraps,D,Full Power,National
Standard,512.5,,,Open,F,110+,Wraps,Total,Full Power,National
Standard,92.5,,,OpenDT,F,44,Wraps,S,Full Power,National
Standard,47.5,,,OpenDT,F,44,Wraps,B,Full Power,National
Standard,97.5,,,OpenDT,F,44,Wraps,D,Full Power,National
Standard,230,,,OpenDT,F,44,Wraps,Total,Full Power,National
Standard,130,,,OpenDT,F,48,Wraps,S,Full Power,National
Standard,65,,,OpenDT,F,48,Wraps,B,Full Power,National
Standard,137.5,,,OpenDT,F,48,Wraps,D,Full Power,National
Standard,325,,,OpenDT,F,48,Wraps,Total,Full Power,National
Standard,147.5,,,OpenDT,F,52,Wraps,S,Full Power,National
Standard,75,,,OpenDT,F,52,Wraps,B,Full Power,National
Standard,155,,,OpenDT,F,52,Wraps,D,Full Power,National
Standard,365,,,OpenDT,F,52,Wraps,Total,Full Power,National
Charlotte Viccars,155,08/12/2024,Nottingham,OpenDT,F,56,Wraps,S,Full Power,National
Charlotte Viccars,90,08/12/2024,Nottingham,OpenDT,F,56,Wraps,B,Full Power,National
Standard,162.5,,,OpenDT,F,56,Wraps,D,Full Power,National
Charlotte Viccars,405,08/12/2024,Nottingham,OpenDT,F,56,Wraps,Total,Full Power,National
Standard,162.5,,,OpenDT,F,60,Wraps,S,Full Power,National
Standard,82.5,,,OpenDT,F,60,Wraps,B,Full Power,National
Standard,172.5,,,OpenDT,F,60,Wraps,D,Full Power,National
Standard,405,,,OpenDT,F,60,Wraps,Total,Full Power,National
Katie Rourke,177.5,08/12/2024,Nottingham,OpenDT,F,67.5,Wraps,S,Full Power,National
Standard,85,,,OpenDT,F,67.5,Wraps,B,Full Power,National
Rachel Hookway,180.5,24/05/2026,Raw Strength Open II,OpenDT,F,67.5,Wraps,D,Full Power,National
Standard,425,,,OpenDT,F,67.5,Wraps,Total,Full Power,National
Standard,180,,,OpenDT,F,75,Wraps,S,Full Power,National
Standard,90,,,OpenDT,F,75,Wraps,B,Full Power,National
Standard,187.5,,,OpenDT,F,75,Wraps,D,Full Power,National
Standard,445,,,OpenDT,F,75,Wraps,Total,Full Power,National
Standard,187.5,,,OpenDT,F,82.5,Wraps,S,Full Power,National
Standard,95,,,OpenDT,F,82.5,Wraps,B,Full Power,National
Standard,197.5,,,OpenDT,F,82.5,Wraps,D,Full Power,National
Standard,465,,,OpenDT,F,82.5,Wraps,Total,Full Power,National
Karolina Piwonska,200,05/05/2024,Nottingham,OpenDT,F,90,Wraps,S,Full Power,National
Karolina Piwonska,102.5,05/05/2024,Nottingham,OpenDT,F,90,Wraps,B,Full Power,National
Standard,202.5,,,OpenDT,F,90,Wraps,D,Full Power,National
Karolina Piwonska,502.5,05/05/2024,Nottingham,OpenDT,F,90,Wraps,Total,Full Power,National
Standard,200,,,OpenDT,F,100,Wraps,S,Full Power,National
Standard,100,,,OpenDT,F,100,Wraps,B,Full Power,National
Standard,210,,,OpenDT,F,100,Wraps,D,Full Power,National
Standard,500,,,OpenDT,F,100,Wraps,Total,Full Power,National
Standard,205,,,OpenDT,F,110,Wraps,S,Full Power,National
Standard,102.5,,,OpenDT,F,110,Wraps,B,Full Power,National
Standard,215,,,OpenDT,F,110,Wraps,D,Full Power,National
Standard,510,,,OpenDT,F,110,Wraps,Total,Full Power,National
Standard,207.5,,,OpenDT,F,110+,Wraps,S,Full Power,National
Standard,105,,,OpenDT,F,110+,Wraps,B,Full Power,National
Standard,217.5,,,OpenDT,F,110+,Wraps,D,Full Power,National
Standard,515,,,OpenDT,F,110+,Wraps,Total,Full Power,National
Standard,57.5,,,T14-15,F,44,Wraps,S,Full Power,National
Standard,35,,,T14-15,F,44,Wraps,B,Full Power,National
Standard,60,,,T14-15,F,44,Wraps,D,Full Power,National
Standard,145,,,T14-15,F,44,Wraps,Total,Full Power,National
Standard,62.5,,,T14-15,F,48,Wraps,S,Full Power,National
Standard,37.5,,,T14-15,F,48,Wraps,B,Full Power,National
Standard,65,,,T14-15,F,48,Wraps,D,Full Power,National
Standard,157.5,,,T14-15,F,48,Wraps,Total,Full Power,National
Standard,72.5,,,T14-15,F,52,Wraps,S,Full Power,National
Standard,42.5,,,T14-15,F,52,Wraps,B,Full Power,National
Standard,77.5,,,T14-15,F,52,Wraps,D,Full Power,National
Standard,185,,,T14-15,F,52,Wraps,Total,Full Power,National
Standard,85,,,T14-15,F,56,Wraps,S,Full Power,National
Standard,50,,,T14-15,F,56,Wraps,B,Full Power,National
Standard,87.5,,,T14-15,F,56,Wraps,D,Full Power,National
Standard,212.5,,,T14-15,F,56,Wraps,Total,Full Power,National
Standard,90,,,T14-15,F,60,Wraps,S,Full Power,National
Standard,52.5,,,T14-15,F,60,Wraps,B,Full Power,National
Standard,95,,,T14-15,F,60,Wraps,D,Full Power,National
Standard,230,,,T14-15,F,60,Wraps,Total,Full Power,National
Standard,130,,,T14-15,F,67.5,Wraps,S,Full Power,National
Standard,75,,,T14-15,F,67.5,Wraps,B,Full Power,National
Standard,137.5,,,T14-15,F,67.5,Wraps,D,Full Power,National
Standard,330,,,T14-15,F,67.5,Wraps,Total,Full Power,National
Standard,100,,,T14-15,F,75,Wraps,S,Full Power,National
Standard,57.5,,,T14-15,F,75,Wraps,B,Full Power,National
Standard,105,,,T14-15,F,75,Wraps,D,Full Power,National
Standard,255,,,T14-15,F,75,Wraps,Total,Full Power,National
Standard,105,,,T14-15,F,82.5,Wraps,S,Full Power,National
Standard,60,,,T14-15,F,82.5,Wraps,B,Full Power,National
Standard,110,,,T14-15,F,82.5,Wraps,D,Full Power,National
Standard,265,,,T14-15,F,82.5,Wraps,Total,Full Power,National
Standard,107.5,,,T14-15,F,90,Wraps,S,Full Power,National
Standard,62.5,,,T14-15,F,90,Wraps,B,Full Power,National
Standard,112.5,,,T14-15,F,90,Wraps,D,Full Power,National
Standard,272.5,,,T14-15,F,90,Wraps,Total,Full Power,National
Standard,122.5,,,T14-15,F,100,Wraps,S,Full Power,National
Standard,67.5,,,T14-15,F,100,Wraps,B,Full Power,National
Standard,142.5,,,T14-15,F,100,Wraps,D,Full Power,National
Standard,330,,,T14-15,F,100,Wraps,Total,Full Power,National
Standard,125,,,T14-15,F,110,Wraps,S,Full Power,National
Standard,67.5,,,T14-15,F,110,Wraps,B,Full Power,National
Standard,147.5,,,T14-15,F,110,Wraps,D,Full Power,National
Standard,337.5,,,T14-15,F,110,Wraps,Total,Full Power,National
Standard,50,,,T14-15DT,F,44,Wraps,S,Full Power,National
Standard,30,,,T14-15DT,F,44,Wraps,B,Full Power,National
Standard,52.5,,,T14-15DT,F,44,Wraps,D,Full Power,National
Standard,125,,,T14-15DT,F,44,Wraps,Total,Full Power,National
Standard,67.5,,,T14-15DT,F,48,Wraps,S,Full Power,National
Standard,40,,,T14-15DT,F,48,Wraps,B,Full Power,National
Standard,72.5,,,T14-15DT,F,48,Wraps,D,Full Power,National
Standard,172.5,,,T14-15DT,F,48,Wraps,Total,Full Power,National
Standard,77.5,,,T14-15DT,F,52,Wraps,S,Full Power,National
Standard,45,,,T14-15DT,F,52,Wraps,B,Full Power,National
Standard,80,,,T14-15DT,F,52,Wraps,D,Full Power,National
Standard,195,,,T14-15DT,F,52,Wraps,Total,Full Power,National
Standard,80,,,T14-15DT,F,56,Wraps,S,Full Power,National
Standard,47.5,,,T14-15DT,F,56,Wraps,B,Full Power,National
Standard,85,,,T14-15DT,F,56,Wraps,D,Full Power,National
Standard,205,,,T14-15DT,F,56,Wraps,Total,Full Power,National
Standard,85,,,T14-15DT,F,60,Wraps,S,Full Power,National
Standard,50,,,T14-15DT,F,60,Wraps,B,Full Power,National
Standard,90,,,T14-15DT,F,60,Wraps,D,Full Power,National
Standard,215,,,T14-15DT,F,60,Wraps,Total,Full Power,National
Standard,90,,,T14-15DT,F,67.5,Wraps,S,Full Power,National
Standard,52.5,,,T14-15DT,F,67.5,Wraps,B,Full Power,National
Standard,95,,,T14-15DT,F,67.5,Wraps,D,Full Power,National
Standard,227.5,,,T14-15DT,F,67.5,Wraps,Total,Full Power,National
Standard,95,,,T14-15DT,F,75,Wraps,S,Full Power,National
Standard,55,,,T14-15DT,F,75,Wraps,B,Full Power,National
Standard,97.5,,,T14-15DT,F,75,Wraps,D,Full Power,National
Standard,237.5,,,T14-15DT,F,75,Wraps,Total,Full Power,National
Standard,97.5,,,T14-15DT,F,82.5,Wraps,S,Full Power,National
Standard,57.5,,,T14-15DT,F,82.5,Wraps,B,Full Power,National
Standard,102.5,,,T14-15DT,F,82.5,Wraps,D,Full Power,National
Standard,247.5,,,T14-15DT,F,82.5,Wraps,Total,Full Power,National
Standard,100,,,T14-15DT,F,90,Wraps,S,Full Power,National
Sasha Sutton,130,22/02/2026,West Midlands,T14-15DT,F,90,Wraps,B,Full Power,National
Sasha Sutton,200,22/02/2026,West Midlands,T14-15DT,F,90,Wraps,D,Full Power,National
Sasha Sutton,530,22/02/2026,West Midlands,T14-15DT,F,90,Wraps,Total,Full Power,National
Standard,105,,,T14-15DT,F,100,Wraps,S,Full Power,National
Standard,60,,,T14-15DT,F,100,Wraps,B,Full Power,National
Standard,110,,,T14-15DT,F,100,Wraps,D,Full Power,National
Standard,265,,,T14-15DT,F,100,Wraps,Total,Full Power,National
Standard,107.5,,,T14-15DT,F,110,Wraps,S,Full Power,National
Standard,62.5,,,T14-15DT,F,110,Wraps,B,Full Power,National
Standard,112.5,,,T14-15DT,F,110,Wraps,D,Full Power,National
Standard,270,,,T14-15DT,F,110,Wraps,Total,Full Power,National
Standard,67.5,,,T16-17,F,44,Wraps,S,Full Power,National
Standard,40,,,T16-17,F,44,Wraps,B,Full Power,National
Standard,70,,,T16-17,F,44,Wraps,D,Full Power,National
Standard,170,,,T16-17,F,44,Wraps,Total,Full Power,National
Standard,72.5,,,T16-17,F,48,Wraps,S,Full Power,National
Standard,42.5,,,T16-17,F,48,Wraps,B,Full Power,National
Standard,77.5,,,T16-17,F,48,Wraps,D,Full Power,National
Standard,185,,,T16-17,F,48,Wraps,Total,Full Power,National
Standard,85,,,T16-17,F,52,Wraps,S,Full Power,National
Standard,50,,,T16-17,F,52,Wraps,B,Full Power,National
Standard,90,,,T16-17,F,52,Wraps,D,Full Power,National
Standard,215,,,T16-17,F,52,Wraps,Total,Full Power,National
Standard,97.5,,,T16-17,F,56,Wraps,S,Full Power,National
Standard,57.5,,,T16-17,F,56,Wraps,B,Full Power,National
Standard,102.5,,,T16-17,F,56,Wraps,D,Full Power,National
Standard,247.5,,,T16-17,F,56,Wraps,Total,Full Power,National
Standard,107.5,,,T16-17,F,60,Wraps,S,Full Power,National
Standard,62.5,,,T16-17,F,60,Wraps,B,Full Power,National
Standard,112.5,,,T16-17,F,60,Wraps,D,Full Power,National
Standard,270,,,T16-17,F,60,Wraps,Total,Full Power,National
Standard,130,,,T16-17,F,67.5,Wraps,S,Full Power,National
Standard,75,,,T16-17,F,67.5,Wraps,B,Full Power,National
Standard,137.5,,,T16-17,F,67.5,Wraps,D,Full Power,National
Standard,330,,,T16-17,F,67.5,Wraps,Total,Full Power,National
Standard,117.5,,,T16-17,F,75,Wraps,S,Full Power,National
Standard,67.5,,,T16-17,F,75,Wraps,B,Full Power,National
Standard,125,,,T16-17,F,75,Wraps,D,Full Power,National
Standard,300,,,T16-17,F,75,Wraps,Total,Full Power,National
Standard,122.5,,,T16-17,F,82.5,Wraps,S,Full Power,National
Standard,70,,,T16-17,F,82.5,Wraps,B,Full Power,National
Standard,127.5,,,T16-17,F,82.5,Wraps,D,Full Power,National
Standard,310,,,T16-17,F,82.5,Wraps,Total,Full Power,National
Standard,125,,,T16-17,F,90,Wraps,S,Full Power,National
Standard,72.5,,,T16-17,F,90,Wraps,B,Full Power,National
Standard,132.5,,,T16-17,F,90,Wraps,D,Full Power,National
Standard,320,,,T16-17,F,90,Wraps,Total,Full Power,National
Standard,137.5,,,T16-17,F,100,Wraps,S,Full Power,National
Standard,75,,,T16-17,F,100,Wraps,B,Full Power,National
Standard,157.5,,,T16-17,F,100,Wraps,D,Full Power,National
Standard,365,,,T16-17,F,100,Wraps,Total,Full Power,National
Standard,140,,,T16-17,F,110,Wraps,S,Full Power,National
Standard,75,,,T16-17,F,110,Wraps,B,Full Power,National
Standard,162.5,,,T16-17,F,110,Wraps,D,Full Power,National
Standard,372.5,,,T16-17,F,110,Wraps,Total,Full Power,National
Standard,140,,,T16-17,F,110+,Wraps,S,Full Power,National
Standard,77.5,,,T16-17,F,110+,Wraps,B,Full Power,National
Standard,162.5,,,T16-17,F,110+,Wraps,D,Full Power,National
Standard,377.5,,,T16-17,F,110+,Wraps,Total,Full Power,National
Standard,57.5,,,T16-17DT,F,44,Wraps,S,Full Power,National
Standard,35,,,T16-17DT,F,44,Wraps,B,Full Power,National
Standard,60,,,T16-17DT,F,44,Wraps,D,Full Power,National
Standard,145,,,T16-17DT,F,44,Wraps,Total,Full Power,National
Standard,80,,,T16-17DT,F,48,Wraps,S,Full Power,National
Standard,47.5,,,T16-17DT,F,48,Wraps,B,Full Power,National
Standard,85,,,T16-17DT,F,48,Wraps,D,Full Power,National
Standard,202.5,,,T16-17DT,F,48,Wraps,Total,Full Power,National
Standard,90,,,T16-17DT,F,52,Wraps,S,Full Power,National
Standard,52.5,,,T16-17DT,F,52,Wraps,B,Full Power,National
Standard,95,,,T16-17DT,F,52,Wraps,D,Full Power,National
Standard,227.5,,,T16-17DT,F,52,Wraps,Total,Full Power,National
Standard,95,,,T16-17DT,F,56,Wraps,S,Full Power,National
Standard,55,,,T16-17DT,F,56,Wraps,B,Full Power,National
Standard,100,,,T16-17DT,F,56,Wraps,D,Full Power,National
Standard,240,,,T16-17DT,F,56,Wraps,Total,Full Power,National
Standard,100,,,T16-17DT,F,60,Wraps,S,Full Power,National
Standard,57.5,,,T16-17DT,F,60,Wraps,B,Full Power,National
Standard,105,,,T16-17DT,F,60,Wraps,D,Full Power,National
Standard,252.5,,,T16-17DT,F,60,Wraps,Total,Full Power,National
Standard,105,,,T16-17DT,F,67.5,Wraps,S,Full Power,National
Standard,60,,,T16-17DT,F,67.5,Wraps,B,Full Power,National
Standard,110,,,T16-17DT,F,67.5,Wraps,D,Full Power,National
Standard,265,,,T16-17DT,F,67.5,Wraps,Total,Full Power,National
Standard,110,,,T16-17DT,F,75,Wraps,S,Full Power,National
Standard,62.5,,,T16-17DT,F,75,Wraps,B,Full Power,National
Standard,115,,,T16-17DT,F,75,Wraps,D,Full Power,National
Standard,277.5,,,T16-17DT,F,75,Wraps,Total,Full Power,National
Standard,115,,,T16-17DT,F,82.5,Wraps,S,Full Power,National
Standard,67.5,,,T16-17DT,F,82.5,Wraps,B,Full Power,National
Standard,120,,,T16-17DT,F,82.5,Wraps,D,Full Power,National
Standard,290,,,T16-17DT,F,82.5,Wraps,Total,Full Power,National
Standard,117.5,,,T16-17DT,F,90,Wraps,S,Full Power,National
Standard,67.5,,,T16-17DT,F,90,Wraps,B,Full Power,National
Standard,122.5,,,T16-17DT,F,90,Wraps,D,Full Power,National
Standard,297.5,,,T16-17DT,F,90,Wraps,Total,Full Power,National
Standard,122.5,,,T16-17DT,F,100,Wraps,S,Full Power,National
Standard,70,,,T16-17DT,F,100,Wraps,B,Full Power,National
Standard,127.5,,,T16-17DT,F,100,Wraps,D,Full Power,National
Standard,310,,,T16-17DT,F,100,Wraps,Total,Full Power,National
Standard,125,,,T16-17DT,F,110,Wraps,S,Full Power,National
Standard,72.5,,,T16-17DT,F,110,Wraps,B,Full Power,National
Standard,130,,,T16-17DT,F,110,Wraps,D,Full Power,National
Standard,315,,,T16-17DT,F,110,Wraps,Total,Full Power,National
Standard,125,,,T16-17DT,F,110+,Wraps,S,Full Power,National
Standard,72.5,,,T16-17DT,F,110+,Wraps,B,Full Power,National
Standard,132.5,,,T16-17DT,F,110+,Wraps,D,Full Power,National
Standard,320,,,T16-17DT,F,110+,Wraps,Total,Full Power,National
Standard,80,,,T18-19,F,44,Wraps,S,Full Power,National
Standard,45,,,T18-19,F,44,Wraps,B,Full Power,National
Standard,82.5,,,T18-19,F,44,Wraps,D,Full Power,National
Standard,200,,,T18-19,F,44,Wraps,Total,Full Power,National
Standard,85,,,T18-19,F,48,Wraps,S,Full Power,National
Standard,50,,,T18-19,F,48,Wraps,B,Full Power,National
Standard,90,,,T18-19,F,48,Wraps,D,Full Power,National
Standard,217.5,,,T18-19,F,48,Wraps,Total,Full Power,National
Standard,100,,,T18-19,F,52,Wraps,S,Full Power,National
Standard,57.5,,,T18-19,F,52,Wraps,B,Full Power,National
Standard,105,,,T18-19,F,52,Wraps,D,Full Power,National
Standard,252.5,,,T18-19,F,52,Wraps,Total,Full Power,National
Standard,115,,,T18-19,F,56,Wraps,S,Full Power,National
Standard,67.5,,,T18-19,F,56,Wraps,B,Full Power,National
Standard,120,,,T18-19,F,56,Wraps,D,Full Power,National
Standard,290,,,T18-19,F,56,Wraps,Total,Full Power,National
Nikola Bergane,172.5,17/05/2026,World Cup UK,T18-19,F,60,Wraps,S,Full Power,National
Standard,72.5,,,T18-19,F,60,Wraps,B,Full Power,National
Nikola Bergane,162.5,17/05/2026,World Cup UK,T18-19,F,60,Wraps,D,Full Power,National
Nikola Bergane,400,17/05/2026,World Cup UK,T18-19,F,60,Wraps,Total,Full Power,National
Standard,130,,,T18-19,F,67.5,Wraps,S,Full Power,National
Standard,75,,,T18-19,F,67.5,Wraps,B,Full Power,National
Standard,137.5,,,T18-19,F,67.5,Wraps,D,Full Power,National
Standard,330,,,T18-19,F,67.5,Wraps,Total,Full Power,National
Standard,137.5,,,T18-19,F,75,Wraps,S,Full Power,National
Standard,80,,,T18-19,F,75,Wraps,B,Full Power,National
Standard,145,,,T18-19,F,75,Wraps,D,Full Power,National
Standard,352.5,,,T18-19,F,75,Wraps,Total,Full Power,National
Standard,142.5,,,T18-19,F,82.5,Wraps,S,Full Power,National
Standard,82.5,,,T18-19,F,82.5,Wraps,B,Full Power,National
Standard,150,,,T18-19,F,82.5,Wraps,D,Full Power,National
Standard,362.5,,,T18-19,F,82.5,Wraps,Total,Full Power,National
Standard,147.5,,,T18-19,F,90,Wraps,S,Full Power,National
Standard,85,,,T18-19,F,90,Wraps,B,Full Power,National
Standard,155,,,T18-19,F,90,Wraps,D,Full Power,National
Standard,375,,,T18-19,F,90,Wraps,Total,Full Power,National
Standard,150,,,T18-19,F,100,Wraps,S,Full Power,National
Standard,82.5,,,T18-19,F,100,Wraps,B,Full Power,National
Standard,175,,,T18-19,F,100,Wraps,D,Full Power,National
Standard,405,,,T18-19,F,100,Wraps,Total,Full Power,National
Standard,155,,,T18-19,F,110,Wraps,S,Full Power,National
Standard,82.5,,,T18-19,F,110,Wraps,B,Full Power,National
Standard,177.5,,,T18-19,F,110,Wraps,D,Full Power,National
Standard,412.5,,,T18-19,F,110,Wraps,Total,Full Power,National
Standard,155,,,T18-19,F,110+,Wraps,S,Full Power,National
Standard,85,,,T18-19,F,110+,Wraps,B,Full Power,National
Standard,180,,,T18-19,F,110+,Wraps,D,Full Power,National
Standard,417.5,,,T18-19,F,110+,Wraps,Total,Full Power,National
Standard,70,,,T18-19DT,F,44,Wraps,S,Full Power,National
Standard,35,,,T18-19DT,F,44,Wraps,B,Full Power,National
Standard,72.5,,,T18-19DT,F,44,Wraps,D,Full Power,National
Standard,170,,,T18-19DT,F,44,Wraps,Total,Full Power,National
Standard,95,,,T18-19DT,F,48,Wraps,S,Full Power,National
Standard,47.5,,,T18-19DT,F,48,Wraps,B,Full Power,National
Standard,100,,,T18-19DT,F,48,Wraps,D,Full Power,National
Standard,237.5,,,T18-19DT,F,48,Wraps,Total,Full Power,National
Standard,107.5,,,T18-19DT,F,52,Wraps,S,Full Power,National
Standard,55,,,T18-19DT,F,52,Wraps,B,Full Power,National
Standard,112.5,,,T18-19DT,F,52,Wraps,D,Full Power,National
Standard,267.5,,,T18-19DT,F,52,Wraps,Total,Full Power,National
Standard,112.5,,,T18-19DT,F,56,Wraps,S,Full Power,National
Standard,57.5,,,T18-19DT,F,56,Wraps,B,Full Power,National
Standard,120,,,T18-19DT,F,56,Wraps,D,Full Power,National
Standard,280,,,T18-19DT,F,56,Wraps,Total,Full Power,National
Standard,120,,,T18-19DT,F,60,Wraps,S,Full Power,National
Standard,60,,,T18-19DT,F,60,Wraps,B,Full Power,National
Standard,125,,,T18-19DT,F,60,Wraps,D,Full Power,National
Standard,295,,,T18-19DT,F,60,Wraps,Total,Full Power,National
Standard,125,,,T18-19DT,F,67.5,Wraps,S,Full Power,National
Standard,62.5,,,T18-19DT,F,67.5,Wraps,B,Full Power,National
Standard,132.5,,,T18-19DT,F,67.5,Wraps,D,Full Power,National
Standard,310,,,T18-19DT,F,67.5,Wraps,Total,Full Power,National
Standard,130,,,T18-19DT,F,75,Wraps,S,Full Power,National
Standard,65,,,T18-19DT,F,75,Wraps,B,Full Power,National
Standard,137.5,,,T18-19DT,F,75,Wraps,D,Full Power,National
Standard,325,,,T18-19DT,F,75,Wraps,Total,Full Power,National
Standard,137.5,,,T18-19DT,F,82.5,Wraps,S,Full Power,National
Standard,70,,,T18-19DT,F,82.5,Wraps,B,Full Power,National
Standard,145,,,T18-19DT,F,82.5,Wraps,D,Full Power,National
Standard,340,,,T18-19DT,F,82.5,Wraps,Total,Full Power,National
Standard,140,,,T18-19DT,F,90,Wraps,S,Full Power,National
Standard,70,,,T18-19DT,F,90,Wraps,B,Full Power,National
Standard,147.5,,,T18-19DT,F,90,Wraps,D,Full Power,National
Standard,350,,,T18-19DT,F,90,Wraps,Total,Full Power,National
Standard,145,,,T18-19DT,F,100,Wraps,S,Full Power,National
Standard,72.5,,,T18-19DT,F,100,Wraps,B,Full Power,National
Standard,152.5,,,T18-19DT,F,100,Wraps,D,Full Power,National
Standard,362.5,,,T18-19DT,F,100,Wraps,Total,Full Power,National
Standard,150,,,T18-19DT,F,110,Wraps,S,Full Power,National
Standard,75,,,T18-19DT,F,110,Wraps,B,Full Power,National
Standard,157.5,,,T18-19DT,F,110,Wraps,D,Full Power,National
Standard,370,,,T18-19DT,F,110,Wraps,Total,Full Power,National
Standard,150,,,T18-19DT,F,110+,Wraps,S,Full Power,National
Standard,75,,,T18-19DT,F,110+,Wraps,B,Full Power,National
Standard,157.5,,,T18-19DT,F,110+,Wraps,D,Full Power,National
Standard,375,,,T18-19DT,F,110+,Wraps,Total,Full Power,National
Standard,92.5,,,Junior,F,44,Wraps,S,Full Power,National
Standard,55,,,Junior,F,44,Wraps,B,Full Power,National
Standard,97.5,,,Junior,F,44,Wraps,D,Full Power,National
Standard,235,,,Junior,F,44,Wraps,Total,Full Power,National
Standard,100,,,Junior,F,48,Wraps,S,Full Power,National
Standard,57.5,,,Junior,F,48,Wraps,B,Full Power,National
Standard,105,,,Junior,F,48,Wraps,D,Full Power,National
Standard,255,,,Junior,F,48,Wraps,Total,Full Power,National
Standard,117.5,,,Junior,F,52,Wraps,S,Full Power,National
Standard,67.5,,,Junior,F,52,Wraps,B,Full Power,National
Standard,122.5,,,Junior,F,52,Wraps,D,Full Power,National
Standard,295,,,Junior,F,52,Wraps,Total,Full Power,National
Standard,135,,,Junior,F,56,Wraps,S,Full Power,National
Standard,77.5,,,Junior,F,56,Wraps,B,Full Power,National
Standard,140,,,Junior,F,56,Wraps,D,Full Power,National
Standard,340,,,Junior,F,56,Wraps,Total,Full Power,National
Standard,145,,,Junior,F,60,Wraps,S,Full Power,National
Standard,85,,,Junior,F,60,Wraps,B,Full Power,National
Standard,152.5,,,Junior,F,60,Wraps,D,Full Power,National
Standard,370,,,Junior,F,60,Wraps,Total,Full Power,National
Nyah Aughton-Rimmer,160,05/12/2025,National Championships,Junior,F,67.5,Wraps,S,Full Power,National
Standard,87.5,,,Junior,F,67.5,Wraps,B,Full Power,National
Standard,160,,,Junior,F,67.5,Wraps,D,Full Power,National
Nyah Aughton-Rimmer,387.5,05/12/2025,National Championships,Junior,F,67.5,Wraps,Total,Full Power,National
Standard,162.5,,,Junior,F,75,Wraps,S,Full Power,National
Standard,95,,,Junior,F,75,Wraps,B,Full Power,National
Standard,170,,,Junior,F,75,Wraps,D,Full Power,National
Standard,412.5,,,Junior,F,75,Wraps,Total,Full Power,National
Standard,167.5,,,Junior,F,82.5,Wraps,S,Full Power,National
Standard,97.5,,,Junior,F,82.5,Wraps,B,Full Power,National
Standard,175,,,Junior,F,82.5,Wraps,D,Full Power,National
Standard,425,,,Junior,F,82.5,Wraps,Total,Full Power,National
Standard,172.5,,,Junior,F,90,Wraps,S,Full Power,National
Standard,100,,,Junior,F,90,Wraps,B,Full Power,National
Standard,182.5,,,Junior,F,90,Wraps,D,Full Power,National
Standard,440,,,Junior,F,90,Wraps,Total,Full Power,National
Standard,167.5,,,Junior,F,100,Wraps,S,Full Power,National
Standard,90,,,Junior,F,100,Wraps,B,Full Power,National
Standard,192.5,,,Junior,F,100,Wraps,D,Full Power,National
Standard,447.5,,,Junior,F,100,Wraps,Total,Full Power,National
Standard,170,,,Junior,F,110,Wraps,S,Full Power,National
Standard,92.5,,,Junior,F,110,Wraps,B,Full Power,National
Standard,197.5,,,Junior,F,110,Wraps,D,Full Power,National
Standard,457.5,,,Junior,F,110,Wraps,Total,Full Power,National
Standard,172.5,,,Junior,F,110+,Wraps,S,Full Power,National
Standard,92.5,,,Junior,F,110+,Wraps,B,Full Power,National
Standard,200,,,Junior,F,110+,Wraps,D,Full Power,National
Standard,462.5,,,Junior,F,110+,Wraps,Total,Full Power,National
Standard,80,,,JuniorDT,F,44,Wraps,S,Full Power,National
Standard,40,,,JuniorDT,F,44,Wraps,B,Full Power,National
Standard,85,,,JuniorDT,F,44,Wraps,D,Full Power,National
Standard,197.5,,,JuniorDT,F,44,Wraps,Total,Full Power,National
Standard,112.5,,,JuniorDT,F,48,Wraps,S,Full Power,National
Standard,57.5,,,JuniorDT,F,48,Wraps,B,Full Power,National
Standard,117.5,,,JuniorDT,F,48,Wraps,D,Full Power,National
Standard,277.5,,,JuniorDT,F,48,Wraps,Total,Full Power,National
Standard,125,,,JuniorDT,F,52,Wraps,S,Full Power,National
Standard,62.5,,,JuniorDT,F,52,Wraps,B,Full Power,National
Standard,132.5,,,JuniorDT,F,52,Wraps,D,Full Power,National
Standard,312.5,,,JuniorDT,F,52,Wraps,Total,Full Power,National
Standard,132.5,,,JuniorDT,F,56,Wraps,S,Full Power,National
Standard,67.5,,,JuniorDT,F,56,Wraps,B,Full Power,National
Standard,140,,,JuniorDT,F,56,Wraps,D,Full Power,National
Standard,327.5,,,JuniorDT,F,56,Wraps,Total,Full Power,National
Standard,140,,,JuniorDT,F,60,Wraps,S,Full Power,National
Standard,70,,,JuniorDT,F,60,Wraps,B,Full Power,National
Standard,145,,,JuniorDT,F,60,Wraps,D,Full Power,National
Standard,345,,,JuniorDT,F,60,Wraps,Total,Full Power,National
Standard,145,,,JuniorDT,F,67.5,Wraps,S,Full Power,National
Standard,72.5,,,JuniorDT,F,67.5,Wraps,B,Full Power,National
Standard,152.5,,,JuniorDT,F,67.5,Wraps,D,Full Power,National
Standard,362.5,,,JuniorDT,F,67.5,Wraps,Total,Full Power,National
Standard,152.5,,,JuniorDT,F,75,Wraps,S,Full Power,National
Standard,77.5,,,JuniorDT,F,75,Wraps,B,Full Power,National
Standard,160,,,JuniorDT,F,75,Wraps,D,Full Power,National
Standard,380,,,JuniorDT,F,75,Wraps,Total,Full Power,National
Standard,160,,,JuniorDT,F,82.5,Wraps,S,Full Power,National
Standard,80,,,JuniorDT,F,82.5,Wraps,B,Full Power,National
Standard,167.5,,,JuniorDT,F,82.5,Wraps,D,Full Power,National
Standard,397.5,,,JuniorDT,F,82.5,Wraps,Total,Full Power,National
Standard,165,,,JuniorDT,F,90,Wraps,S,Full Power,National
Standard,82.5,,,JuniorDT,F,90,Wraps,B,Full Power,National
Standard,172.5,,,JuniorDT,F,90,Wraps,D,Full Power,National
Standard,410,,,JuniorDT,F,90,Wraps,Total,Full Power,National
Standard,170,,,JuniorDT,F,100,Wraps,S,Full Power,National
Standard,85,,,JuniorDT,F,100,Wraps,B,Full Power,National
Standard,180,,,JuniorDT,F,100,Wraps,D,Full Power,National
Standard,425,,,JuniorDT,F,100,Wraps,Total,Full Power,National
Standard,175,,,JuniorDT,F,110,Wraps,S,Full Power,National
Standard,87.5,,,JuniorDT,F,110,Wraps,B,Full Power,National
Standard,185,,,JuniorDT,F,110,Wraps,D,Full Power,National
Standard,435,,,JuniorDT,F,110,Wraps,Total,Full Power,National
Standard,177.5,,,JuniorDT,F,110+,Wraps,S,Full Power,National
Standard,90,,,JuniorDT,F,110+,Wraps,B,Full Power,National
Standard,185,,,JuniorDT,F,110+,Wraps,D,Full Power,National
Standard,440,,,JuniorDT,F,110+,Wraps,Total,Full Power,National
Standard,95,,,M40-49,F,44,Wraps,S,Full Power,National
Standard,55,,,M40-49,F,44,Wraps,B,Full Power,National
Standard,100,,,M40-49,F,44,Wraps,D,Full Power,National
Standard,242.5,,,M40-49,F,44,Wraps,Total,Full Power,National
Standard,102.5,,,M40-49,F,48,Wraps,S,Full Power,National
Standard,60,,,M40-49,F,48,Wraps,B,Full Power,National
Standard,110,,,M40-49,F,48,Wraps,D,Full Power,National
Standard,262.5,,,M40-49,F,48,Wraps,Total,Full Power,National
Standard,120,,,M40-49,F,52,Wraps,S,Full Power,National
Standard,70,,,M40-49,F,52,Wraps,B,Full Power,National
Standard,125,,,M40-49,F,52,Wraps,D,Full Power,National
Standard,302.5,,,M40-49,F,52,Wraps,Total,Full Power,National
Standard,137.5,,,M40-49,F,56,Wraps,S,Full Power,National
Standard,80,,,M40-49,F,56,Wraps,B,Full Power,National
Standard,145,,,M40-49,F,56,Wraps,D,Full Power,National
Standard,350,,,M40-49,F,56,Wraps,Total,Full Power,National
Standard,150,,,M40-49,F,60,Wraps,S,Full Power,National
Standard,87.5,,,M40-49,F,60,Wraps,B,Full Power,National
Standard,157.5,,,M40-49,F,60,Wraps,D,Full Power,National
Standard,382.5,,,M40-49,F,60,Wraps,Total,Full Power,National
Sharon Eggleton,227.5,08/12/2024,Nottingham,M40-49,F,67.5,Wraps,S,Full Power,National
Sharon Eggleton,130,05/05/2024,Nottingham,M40-49,F,67.5,Wraps,B,Full Power,National
Sharon Eggleton,245,08/12/2024,Nottingham,M40-49,F,67.5,Wraps,D,Full Power,National
Sharon Eggleton,600,08/12/2024,Nottingham,M40-49,F,67.5,Wraps,Total,Full Power,National
Emma Pearson,180,08/12/2024,Nottingham,M40-49,F,75,Wraps,S,Full Power,National
Emma Pearson,100,08/12/2024,Nottingham,M40-49,F,75,Wraps,B,Full Power,National
Emma Pearson,180,08/12/2024,Nottingham,M40-49,F,75,Wraps,D,Full Power,National
Emma Pearson,460,08/12/2024,Nottingham,M40-49,F,75,Wraps,Total,Full Power,National
Standard,172.5,,,M40-49,F,82.5,Wraps,S,Full Power,National
Standard,100,,,M40-49,F,82.5,Wraps,B,Full Power,National
Standard,180,,,M40-49,F,82.5,Wraps,D,Full Power,National
Standard,437.5,,,M40-49,F,82.5,Wraps,Total,Full Power,National
Standard,177.5,,,M40-49,F,90,Wraps,S,Full Power,National
Standard,102.5,,,M40-49,F,90,Wraps,B,Full Power,National
Standard,187.5,,,M40-49,F,90,Wraps,D,Full Power,National
Standard,452.5,,,M40-49,F,90,Wraps,Total,Full Power,National
Standard,167.5,,,M40-49,F,100,Wraps,S,Full Power,National
Standard,90,,,M40-49,F,100,Wraps,B,Full Power,National
Standard,192.5,,,M40-49,F,100,Wraps,D,Full Power,National
Standard,447.5,,,M40-49,F,100,Wraps,Total,Full Power,National
Standard,170,,,M40-49,F,110,Wraps,S,Full Power,National
Standard,92.5,,,M40-49,F,110,Wraps,B,Full Power,National
Standard,197.5,,,M40-49,F,110,Wraps,D,Full Power,National
Standard,457.5,,,M40-49,F,110,Wraps,Total,Full Power,National
Standard,172.5,,,M40-49,F,110+,Wraps,S,Full Power,National
Standard,92.5,,,M40-49,F,110+,Wraps,B,Full Power,National
Standard,200,,,M40-49,F,110+,Wraps,D,Full Power,National
Standard,462.5,,,M40-49,F,110+,Wraps,Total,Full Power,National
Standard,85,,,M50-59,F,44,Wraps,S,Full Power,National
Standard,50,,,M50-59,F,44,Wraps,B,Full Power,National
Standard,87.5,,,M50-59,F,44,Wraps,D,Full Power,National
Standard,212.5,,,M50-59,F,44,Wraps,Total,Full Power,National
Standard,90,,,M50-59,F,48,Wraps,S,Full Power,National
Standard,52.5,,,M50-59,F,48,Wraps,B,Full Power,National
Standard,95,,,M50-59,F,48,Wraps,D,Full Power,National
Standard,230,,,M50-59,F,48,Wraps,Total,Full Power,National
Standard,105,,,M50-59,F,52,Wraps,S,Full Power,National
Standard,60,,,M50-59,F,52,Wraps,B,Full Power,National
Standard,110,,,M50-59,F,52,Wraps,D,Full Power,National
Standard,265,,,M50-59,F,52,Wraps,Total,Full Power,National
Standard,120,,,M50-59,F,56,Wraps,S,Full Power,National
Standard,70,,,M50-59,F,56,Wraps,B,Full Power,National
Standard,127.5,,,M50-59,F,56,Wraps,D,Full Power,National
Standard,307.5,,,M50-59,F,56,Wraps,Total,Full Power,National
Standard,132.5,,,M50-59,F,60,Wraps,S,Full Power,National
Standard,77.5,,,M50-59,F,60,Wraps,B,Full Power,National
Standard,137.5,,,M50-59,F,60,Wraps,D,Full Power,National
Standard,335,,,M50-59,F,60,Wraps,Total,Full Power,National
Standard,137.5,,,M50-59,F,67.5,Wraps,S,Full Power,National
Standard,80,,,M50-59,F,67.5,Wraps,B,Full Power,National
Standard,145,,,M50-59,F,67.5,Wraps,D,Full Power,National
Standard,350,,,M50-59,F,67.5,Wraps,Total,Full Power,National
Standard,180,,,M50-59,F,75,Wraps,S,Full Power,National
Standard,100,,,M50-59,F,75,Wraps,B,Full Power,National
Standard,180,,,M50-59,F,75,Wraps,D,Full Power,National
Standard,412.5,,,M50-59,F,75,Wraps,Total,Full Power,National
Standard,152.5,,,M50-59,F,82.5,Wraps,S,Full Power,National
Standard,87.5,,,M50-59,F,82.5,Wraps,B,Full Power,National
Katie Edwards,175,28/09/2025,South Midlands,M50-59,F,82.5,Wraps,D,Full Power,National
Standard,385,,,M50-59,F,82.5,Wraps,Total,Full Power,National
Standard,157.5,,,M50-59,F,90,Wraps,S,Full Power,National
Standard,90,,,M50-59,F,90,Wraps,B,Full Power,National
Standard,165,,,M50-59,F,90,Wraps,D,Full Power,National
Standard,397.5,,,M50-59,F,90,Wraps,Total,Full Power,National
Standard,150,,,M50-59,F,100,Wraps,S,Full Power,National
Standard,82.5,,,M50-59,F,100,Wraps,B,Full Power,National
Standard,175,,,M50-59,F,100,Wraps,D,Full Power,National
Standard,405,,,M50-59,F,100,Wraps,Total,Full Power,National
Standard,155,,,M50-59,F,110,Wraps,S,Full Power,National
Standard,82.5,,,M50-59,F,110,Wraps,B,Full Power,National
Standard,177.5,,,M50-59,F,110,Wraps,D,Full Power,National
Standard,412.5,,,M50-59,F,110,Wraps,Total,Full Power,National
Standard,155,,,M50-59,F,110+,Wraps,S,Full Power,National
Standard,85,,,M50-59,F,110+,Wraps,B,Full Power,National
Standard,180,,,M50-59,F,110+,Wraps,D,Full Power,National
Standard,417.5,,,M50-59,F,110+,Wraps,Total,Full Power,National
Standard,75,,,M60-69,F,44,Wraps,S,Full Power,National
Standard,42.5,,,M60-69,F,44,Wraps,B,Full Power,National
Standard,77.5,,,M60-69,F,44,Wraps,D,Full Power,National
Standard,187.5,,,M60-69,F,44,Wraps,Total,Full Power,National
Standard,80,,,M60-69,F,48,Wraps,S,Full Power,National
Standard,47.5,,,M60-69,F,48,Wraps,B,Full Power,National
Standard,85,,,M60-69,F,48,Wraps,D,Full Power,National
Standard,202.5,,,M60-69,F,48,Wraps,Total,Full Power,National
Standard,92.5,,,M60-69,F,52,Wraps,S,Full Power,National
Standard,52.5,,,M60-69,F,52,Wraps,B,Full Power,National
Standard,97.5,,,M60-69,F,52,Wraps,D,Full Power,National
Standard,232.5,,,M60-69,F,52,Wraps,Total,Full Power,National
Standard,107.5,,,M60-69,F,56,Wraps,S,Full Power,National
Standard,62.5,,,M60-69,F,56,Wraps,B,Full Power,National
Standard,112.5,,,M60-69,F,56,Wraps,D,Full Power,National
Standard,270,,,M60-69,F,56,Wraps,Total,Full Power,National
Standard,117.5,,,M60-69,F,60,Wraps,S,Full Power,National
Standard,67.5,,,M60-69,F,60,Wraps,B,Full Power,National
Standard,122.5,,,M60-69,F,60,Wraps,D,Full Power,National
Standard,295,,,M60-69,F,60,Wraps,Total,Full Power,National
Standard,120,,,M60-69,F,67.5,Wraps,S,Full Power,National
Standard,70,,,M60-69,F,67.5,Wraps,B,Full Power,National
Standard,127.5,,,M60-69,F,67.5,Wraps,D,Full Power,National
Standard,307.5,,,M60-69,F,67.5,Wraps,Total,Full Power,National
Standard,180,,,M60-69,F,75,Wraps,S,Full Power,National
Standard,100,,,M60-69,F,75,Wraps,B,Full Power,National
Standard,180,,,M60-69,F,75,Wraps,D,Full Power,National
Standard,362.5,,,M60-69,F,75,Wraps,Total,Full Power,National
Standard,132.5,,,M60-69,F,82.5,Wraps,S,Full Power,National
Standard,77.5,,,M60-69,F,82.5,Wraps,B,Full Power,National
Standard,140,,,M60-69,F,82.5,Wraps,D,Full Power,National
Standard,337.5,,,M60-69,F,82.5,Wraps,Total,Full Power,National
Standard,137.5,,,M60-69,F,90,Wraps,S,Full Power,National
Standard,80,,,M60-69,F,90,Wraps,B,Full Power,National
Standard,145,,,M60-69,F,90,Wraps,D,Full Power,National
Standard,350,,,M60-69,F,90,Wraps,Total,Full Power,National
Standard,137.5,,,M60-69,F,100,Wraps,S,Full Power,National
Standard,75,,,M60-69,F,100,Wraps,B,Full Power,National
Standard,157.5,,,M60-69,F,100,Wraps,D,Full Power,National
Standard,365,,,M60-69,F,100,Wraps,Total,Full Power,National
Standard,140,,,M60-69,F,110,Wraps,S,Full Power,National
Standard,75,,,M60-69,F,110,Wraps,B,Full Power,National
Standard,162.5,,,M60-69,F,110,Wraps,D,Full Power,National
Standard,372.5,,,M60-69,F,110,Wraps,Total,Full Power,National
Standard,140,,,M60-69,F,110+,Wraps,S,Full Power,National
Standard,77.5,,,M60-69,F,110+,Wraps,B,Full Power,National
Standard,162.5,,,M60-69,F,110+,Wraps,D,Full Power,National
Standard,377.5,,,M60-69,F,110+,Wraps,Total,Full Power,National
Standard,82.5,,,M40-49DT,F,44,Wraps,S,Full Power,National
Standard,42.5,,,M40-49DT,F,44,Wraps,B,Full Power,National
Standard,87.5,,,M40-49DT,F,44,Wraps,D,Full Power,National
Standard,202.5,,,M40-49DT,F,44,Wraps,Total,Full Power,National
Standard,115,,,M40-49DT,F,48,Wraps,S,Full Power,National
Standard,57.5,,,M40-49DT,F,48,Wraps,B,Full Power,National
Standard,120,,,M40-49DT,F,48,Wraps,D,Full Power,National
Standard,285,,,M40-49DT,F,48,Wraps,Total,Full Power,National
Standard,130,,,M40-49DT,F,52,Wraps,S,Full Power,National
Standard,65,,,M40-49DT,F,52,Wraps,B,Full Power,National
Standard,135,,,M40-49DT,F,52,Wraps,D,Full Power,National
Standard,320,,,M40-49DT,F,52,Wraps,Total,Full Power,National
Standard,135,,,M40-49DT,F,56,Wraps,S,Full Power,National
Standard,67.5,,,M40-49DT,F,56,Wraps,B,Full Power,National
Standard,142.5,,,M40-49DT,F,56,Wraps,D,Full Power,National
Standard,337.5,,,M40-49DT,F,56,Wraps,Total,Full Power,National
Standard,142.5,,,M40-49DT,F,60,Wraps,S,Full Power,National
Standard,72.5,,,M40-49DT,F,60,Wraps,B,Full Power,National
Standard,150,,,M40-49DT,F,60,Wraps,D,Full Power,National
Standard,355,,,M40-49DT,F,60,Wraps,Total,Full Power,National
Standard,150,,,M40-49DT,F,67.5,Wraps,S,Full Power,National
Standard,75,,,M40-49DT,F,67.5,Wraps,B,Full Power,National
Standard,157.5,,,M40-49DT,F,67.5,Wraps,D,Full Power,National
Standard,372.5,,,M40-49DT,F,67.5,Wraps,Total,Full Power,National
Standard,157.5,,,M40-49DT,F,75,Wraps,S,Full Power,National
Standard,80,,,M40-49DT,F,75,Wraps,B,Full Power,National
Standard,165,,,M40-49DT,F,75,Wraps,D,Full Power,National
Standard,390,,,M40-49DT,F,75,Wraps,Total,Full Power,National
Standard,165,,,M40-49DT,F,82.5,Wraps,S,Full Power,National
Standard,82.5,,,M40-49DT,F,82.5,Wraps,B,Full Power,National
Standard,172.5,,,M40-49DT,F,82.5,Wraps,D,Full Power,National
Standard,407.5,,,M40-49DT,F,82.5,Wraps,Total,Full Power,National
Standard,170,,,M40-49DT,F,90,Wraps,S,Full Power,National
Standard,85,,,M40-49DT,F,90,Wraps,B,Full Power,National
Standard,177.5,,,M40-49DT,F,90,Wraps,D,Full Power,National
Standard,420,,,M40-49DT,F,90,Wraps,Total,Full Power,National
Standard,175,,,M40-49DT,F,100,Wraps,S,Full Power,National
Standard,87.5,,,M40-49DT,F,100,Wraps,B,Full Power,National
Standard,185,,,M40-49DT,F,100,Wraps,D,Full Power,National
Standard,437.5,,,M40-49DT,F,100,Wraps,Total,Full Power,National
Standard,180,,,M40-49DT,F,110,Wraps,S,Full Power,National
Standard,90,,,M40-49DT,F,110,Wraps,B,Full Power,National
Standard,190,,,M40-49DT,F,110,Wraps,D,Full Power,National
Standard,447.5,,,M40-49DT,F,110,Wraps,Total,Full Power,National
Standard,182.5,,,M40-49DT,F,110+,Wraps,S,Full Power,National
Standard,92.5,,,M40-49DT,F,110+,Wraps,B,Full Power,National
Standard,192.5,,,M40-49DT,F,110+,Wraps,D,Full Power,National
Standard,452.5,,,M40-49DT,F,110+,Wraps,Total,Full Power,National
Standard,77.5,,,M50-59DT,F,44,Wraps,S,Full Power,National
Standard,45,,,M50-59DT,F,44,Wraps,B,Full Power,National
Standard,80,,,M50-59DT,F,44,Wraps,D,Full Power,National
Standard,192.5,,,M50-59DT,F,44,Wraps,Total,Full Power,National
Standard,107.5,,,M50-59DT,F,48,Wraps,S,Full Power,National
Standard,62.5,,,M50-59DT,F,48,Wraps,B,Full Power,National
Standard,112.5,,,M50-59DT,F,48,Wraps,D,Full Power,National
Standard,272.5,,,M50-59DT,F,48,Wraps,Total,Full Power,National
Standard,120,,,M50-59DT,F,52,Wraps,S,Full Power,National
Standard,70,,,M50-59DT,F,52,Wraps,B,Full Power,National
Standard,127.5,,,M50-59DT,F,52,Wraps,D,Full Power,National
Standard,305,,,M50-59DT,F,52,Wraps,Total,Full Power,National
Standard,127.5,,,M50-59DT,F,56,Wraps,S,Full Power,National
Standard,75,,,M50-59DT,F,56,Wraps,B,Full Power,National
Standard,132.5,,,M50-59DT,F,56,Wraps,D,Full Power,National
Standard,322.5,,,M50-59DT,F,56,Wraps,Total,Full Power,National
Standard,132.5,,,M50-59DT,F,60,Wraps,S,Full Power,National
Standard,77.5,,,M50-59DT,F,60,Wraps,B,Full Power,National
Standard,140,,,M50-59DT,F,60,Wraps,D,Full Power,National
Standard,337.5,,,M50-59DT,F,60,Wraps,Total,Full Power,National
Standard,140,,,M50-59DT,F,67.5,Wraps,S,Full Power,National
Standard,80,,,M50-59DT,F,67.5,Wraps,B,Full Power,National
Standard,147.5,,,M50-59DT,F,67.5,Wraps,D,Full Power,National
Standard,355,,,M50-59DT,F,67.5,Wraps,Total,Full Power,National
Annmarie Botha-Jones,152.5,07/12/2025,National Championships,M50-59DT,F,75,Wraps,S,Full Power,National
Standard,85,,,M50-59DT,F,75,Wraps,B,Full Power,National
Standard,155,,,M50-59DT,F,75,Wraps,D,Full Power,National
Annmarie Botha-Jones,372.5,07/12/2025,National Championships,M50-59DT,F,75,Wraps,Total,Full Power,National
Standard,152.5,,,M50-59DT,F,82.5,Wraps,S,Full Power,National
Standard,87.5,,,M50-59DT,F,82.5,Wraps,B,Full Power,National
Standard,160,,,M50-59DT,F,82.5,Wraps,D,Full Power,National
Standard,387.5,,,M50-59DT,F,82.5,Wraps,Total,Full Power,National
Standard,157.5,,,M50-59DT,F,90,Wraps,S,Full Power,National
Standard,90,,,M50-59DT,F,90,Wraps,B,Full Power,National
Standard,165,,,M50-59DT,F,90,Wraps,D,Full Power,National
Standard,400,,,M50-59DT,F,90,Wraps,Total,Full Power,National
Standard,165,,,M50-59DT,F,100,Wraps,S,Full Power,National
Standard,95,,,M50-59DT,F,100,Wraps,B,Full Power,National
Standard,172.5,,,M50-59DT,F,100,Wraps,D,Full Power,National
Standard,417.5,,,M50-59DT,F,100,Wraps,Total,Full Power,National
Standard,167.5,,,M50-59DT,F,110,Wraps,S,Full Power,National
Standard,97.5,,,M50-59DT,F,110,Wraps,B,Full Power,National
Standard,177.5,,,M50-59DT,F,110,Wraps,D,Full Power,National
Standard,427.5,,,M50-59DT,F,110,Wraps,Total,Full Power,National
Standard,170,,,M50-59DT,F,110+,Wraps,S,Full Power,National
Standard,97.5,,,M50-59DT,F,110+,Wraps,B,Full Power,National
Standard,177.5,,,M50-59DT,F,110+,Wraps,D,Full Power,National
Standard,430,,,M50-59DT,F,110+,Wraps,Total,Full Power,National
Standard,72.5,,,M60-69DT,F,44,Wraps,S,Full Power,National
Standard,42.5,,,M60-69DT,F,44,Wraps,B,Full Power,National
Standard,77.5,,,M60-69DT,F,44,Wraps,D,Full Power,National
Standard,185,,,M60-69DT,F,44,Wraps,Total,Full Power,National
Standard,102.5,,,M60-69DT,F,48,Wraps,S,Full Power,National
Standard,60,,,M60-69DT,F,48,Wraps,B,Full Power,National
Standard,107.5,,,M60-69DT,F,48,Wraps,D,Full Power,National
Standard,260,,,M60-69DT,F,48,Wraps,Total,Full Power,National
Standard,115,,,M60-69DT,F,52,Wraps,S,Full Power,National
Standard,67.5,,,M60-69DT,F,52,Wraps,B,Full Power,National
Standard,120,,,M60-69DT,F,52,Wraps,D,Full Power,National
Standard,290,,,M60-69DT,F,52,Wraps,Total,Full Power,National
Standard,120,,,M60-69DT,F,56,Wraps,S,Full Power,National
Standard,70,,,M60-69DT,F,56,Wraps,B,Full Power,National
Standard,127.5,,,M60-69DT,F,56,Wraps,D,Full Power,National
Standard,307.5,,,M60-69DT,F,56,Wraps,Total,Full Power,National
Standard,127.5,,,M60-69DT,F,60,Wraps,S,Full Power,National
Standard,75,,,M60-69DT,F,60,Wraps,B,Full Power,National
Standard,132.5,,,M60-69DT,F,60,Wraps,D,Full Power,National
Standard,322.5,,,M60-69DT,F,60,Wraps,Total,Full Power,National
Standard,132.5,,,M60-69DT,F,67.5,Wraps,S,Full Power,National
Standard,77.5,,,M60-69DT,F,67.5,Wraps,B,Full Power,National
Standard,140,,,M60-69DT,F,67.5,Wraps,D,Full Power,National
Standard,337.5,,,M60-69DT,F,67.5,Wraps,Total,Full Power,National
Standard,140,,,M60-69DT,F,75,Wraps,S,Full Power,National
Standard,80,,,M60-69DT,F,75,Wraps,B,Full Power,National
Standard,147.5,,,M60-69DT,F,75,Wraps,D,Full Power,National
Standard,355,,,M60-69DT,F,75,Wraps,Total,Full Power,National
Standard,145,,,M60-69DT,F,82.5,Wraps,S,Full Power,National
Standard,85,,,M60-69DT,F,82.5,Wraps,B,Full Power,National
Standard,152.5,,,M60-69DT,F,82.5,Wraps,D,Full Power,National
Standard,370,,,M60-69DT,F,82.5,Wraps,Total,Full Power,National
Standard,150,,,M60-69DT,F,90,Wraps,S,Full Power,National
Standard,87.5,,,M60-69DT,F,90,Wraps,B,Full Power,National
Standard,157.5,,,M60-69DT,F,90,Wraps,D,Full Power,National
Standard,380,,,M60-69DT,F,90,Wraps,Total,Full Power,National
Standard,157.5,,,M60-69DT,F,100,Wraps,S,Full Power,National
Standard,90,,,M60-69DT,F,100,Wraps,B,Full Power,National
Standard,165,,,M60-69DT,F,100,Wraps,D,Full Power,National
Standard,397.5,,,M60-69DT,F,100,Wraps,Total,Full Power,National
Standard,160,,,M60-69DT,F,110,Wraps,S,Full Power,National
Standard,92.5,,,M60-69DT,F,110,Wraps,B,Full Power,National
Standard,167.5,,,M60-69DT,F,110,Wraps,D,Full Power,National
Standard,407.5,,,M60-69DT,F,110,Wraps,Total,Full Power,National
Standard,160,,,M60-69DT,F,110+,Wraps,S,Full Power,National
Standard,92.5,,,M60-69DT,F,110+,Wraps,B,Full Power,National
Standard,170,,,M60-69DT,F,110+,Wraps,D,Full Power,National
Standard,410,,,M60-69DT,F,110+,Wraps,Total,Full Power,National
Standard,67.5,,,M70-79,F,44,Wraps,S,Full Power,National
Standard,40,,,M70-79,F,44,Wraps,B,Full Power,National
Standard,70,,,M70-79,F,44,Wraps,D,Full Power,National
Standard,170,,,M70-79,F,44,Wraps,Total,Full Power,National
Standard,72.5,,,M70-79,F,48,Wraps,S,Full Power,National
Standard,45,,,M70-79,F,48,Wraps,B,Full Power,National
Standard,77.5,,,M70-79,F,48,Wraps,D,Full Power,National
Standard,182.5,,,M70-79,F,48,Wraps,Total,Full Power,National
Standard,85,,,M70-79,F,52,Wraps,S,Full Power,National
Standard,47.5,,,M70-79,F,52,Wraps,B,Full Power,National
Standard,90,,,M70-79,F,52,Wraps,D,Full Power,National
Standard,210,,,M70-79,F,52,Wraps,Total,Full Power,National
Standard,97.5,,,M70-79,F,56,Wraps,S,Full Power,National
Standard,57.5,,,M70-79,F,56,Wraps,B,Full Power,National
Standard,102.5,,,M70-79,F,56,Wraps,D,Full Power,National
Standard,245,,,M70-79,F,56,Wraps,Total,Full Power,National
Standard,107.5,,,M70-79,F,60,Wraps,S,Full Power,National
Standard,62.5,,,M70-79,F,60,Wraps,B,Full Power,National
Standard,112.5,,,M70-79,F,60,Wraps,D,Full Power,National
Standard,267.5,,,M70-79,F,60,Wraps,Total,Full Power,National
Standard,110,,,M70-79,F,67.5,Wraps,S,Full Power,National
Standard,65,,,M70-79,F,67.5,Wraps,B,Full Power,National
Standard,115,,,M70-79,F,67.5,Wraps,D,Full Power,National
Standard,277.5,,,M70-79,F,67.5,Wraps,Total,Full Power,National
Standard,162.5,,,M70-79,F,75,Wraps,S,Full Power,National
Standard,90,,,M70-79,F,75,Wraps,B,Full Power,National
Standard,162.5,,,M70-79,F,75,Wraps,D,Full Power,National
Standard,327.5,,,M70-79,F,75,Wraps,Total,Full Power,National
Standard,120,,,M70-79,F,82.5,Wraps,S,Full Power,National
Standard,70,,,M70-79,F,82.5,Wraps,B,Full Power,National
Standard,127.5,,,M70-79,F,82.5,Wraps,D,Full Power,National
Standard,305,,,M70-79,F,82.5,Wraps,Total,Full Power,National
Standard,125,,,M70-79,F,90,Wraps,S,Full Power,National
Standard,72.5,,,M70-79,F,90,Wraps,B,Full Power,National
Standard,132.5,,,M70-79,F,90,Wraps,D,Full Power,National
Standard,315,,,M70-79,F,90,Wraps,Total,Full Power,National
Standard,125,,,M70-79,F,100,Wraps,S,Full Power,National
Standard,67.5,,,M70-79,F,100,Wraps,B,Full Power,National
Standard,142.5,,,M70-79,F,100,Wraps,D,Full Power,National
Standard,330,,,M70-79,F,100,Wraps,Total,Full Power,National
Standard,127.5,,,M70-79,F,110,Wraps,S,Full Power,National
Standard,67.5,,,M70-79,F,110,Wraps,B,Full Power,National
Standard,147.5,,,M70-79,F,110,Wraps,D,Full Power,National
Standard,337.5,,,M70-79,F,110,Wraps,Total,Full Power,National
Standard,127.5,,,M70-79,F,110+,Wraps,S,Full Power,National
Standard,70,,,M70-79,F,110+,Wraps,B,Full Power,National
Standard,147.5,,,M70-79,F,110+,Wraps,D,Full Power,National
Standard,340,,,M70-79,F,110+,Wraps,Total,Full Power,National
Standard,67.5,,,M70-79DT,F,44,Wraps,S,Full Power,National
Standard,40,,,M70-79DT,F,44,Wraps,B,Full Power,National
Standard,70,,,M70-79DT,F,44,Wraps,D,Full Power,National
Standard,167.5,,,M70-79DT,F,44,Wraps,Total,Full Power,National
Standard,92.5,,,M70-79DT,F,48,Wraps,S,Full Power,National
Standard,55,,,M70-79DT,F,48,Wraps,B,Full Power,National
Standard,97.5,,,M70-79DT,F,48,Wraps,D,Full Power,National
Standard,235,,,M70-79DT,F,48,Wraps,Total,Full Power,National
Standard,105,,,M70-79DT,F,52,Wraps,S,Full Power,National
Standard,62.5,,,M70-79DT,F,52,Wraps,B,Full Power,National
Standard,110,,,M70-79DT,F,52,Wraps,D,Full Power,National
Standard,262.5,,,M70-79DT,F,52,Wraps,Total,Full Power,National
Standard,110,,,M70-79DT,F,56,Wraps,S,Full Power,National
Standard,65,,,M70-79DT,F,56,Wraps,B,Full Power,National
Standard,115,,,M70-79DT,F,56,Wraps,D,Full Power,National
Standard,277.5,,,M70-79DT,F,56,Wraps,Total,Full Power,National
Standard,115,,,M70-79DT,F,60,Wraps,S,Full Power,National
Standard,67.5,,,M70-79DT,F,60,Wraps,B,Full Power,National
Standard,120,,,M70-79DT,F,60,Wraps,D,Full Power,National
Standard,292.5,,,M70-79DT,F,60,Wraps,Total,Full Power,National
Standard,120,,,M70-79DT,F,67.5,Wraps,S,Full Power,National
Standard,70,,,M70-79DT,F,67.5,Wraps,B,Full Power,National
Standard,127.5,,,M70-79DT,F,67.5,Wraps,D,Full Power,National
Standard,305,,,M70-79DT,F,67.5,Wraps,Total,Full Power,National
Standard,127.5,,,M70-79DT,F,75,Wraps,S,Full Power,National
Standard,72.5,,,M70-79DT,F,75,Wraps,B,Full Power,National
Standard,135,,,M70-79DT,F,75,Wraps,D,Full Power,National
Standard,320,,,M70-79DT,F,75,Wraps,Total,Full Power,National
Standard,132.5,,,M70-79DT,F,82.5,Wraps,S,Full Power,National
Standard,77.5,,,M70-79DT,F,82.5,Wraps,B,Full Power,National
Standard,137.5,,,M70-79DT,F,82.5,Wraps,D,Full Power,National
Standard,335,,,M70-79DT,F,82.5,Wraps,Total,Full Power,National
Standard,135,,,M70-79DT,F,90,Wraps,S,Full Power,National
Standard,80,,,M70-79DT,F,90,Wraps,B,Full Power,National
Standard,142.5,,,M70-79DT,F,90,Wraps,D,Full Power,National
Standard,342.5,,,M70-79DT,F,90,Wraps,Total,Full Power,National
Standard,142.5,,,M70-79DT,F,100,Wraps,S,Full Power,National
Standard,82.5,,,M70-79DT,F,100,Wraps,B,Full Power,National
Standard,150,,,M70-79DT,F,100,Wraps,D,Full Power,National
Standard,360,,,M70-79DT,F,100,Wraps,Total,Full Power,National
Standard,145,,,M70-79DT,F,110,Wraps,S,Full Power,National
Standard,85,,,M70-79DT,F,110,Wraps,B,Full Power,National
Standard,152.5,,,M70-79DT,F,110,Wraps,D,Full Power,National
Standard,367.5,,,M70-79DT,F,110,Wraps,Total,Full Power,National
Standard,145,,,M70-79DT,F,110+,Wraps,S,Full Power,National
Standard,85,,,M70-79DT,F,110+,Wraps,B,Full Power,National
Standard,155,,,M70-79DT,F,110+,Wraps,D,Full Power,National
Standard,370,,,M70-79DT,F,110+,Wraps,Total,Full Power,National
Standard,170,,,Open,M,52,Single-ply,S,Full Power,National
Standard,105,,,Open,M,52,Single-ply,B,Full Power,National
Standard,147.5,,,Open,M,52,Single-ply,D,Full Power,National
Standard,420,,,Open,M,52,Single-ply,Total,Full Power,National
Standard,105,,,Open,M,52,Single-ply,B,Single Lift,National
Standard,147.5,,,Open,M,52,Single-ply,D,Single Lift,National
Standard,200,,,Open,M,56,Single-ply,S,Full Power,National
Standard,127.5,,,Open,M,56,Single-ply,B,Full Power,National
Standard,177.5,,,Open,M,56,Single-ply,D,Full Power,National
Standard,497.5,,,Open,M,56,Single-ply,Total,Full Power,National
Standard,127.5,,,Open,M,56,Single-ply,B,Single Lift,National
Standard,177.5,,,Open,M,56,Single-ply,D,Single Lift,National
Standard,232.5,,,Open,M,60,Single-ply,S,Full Power,National
Standard,145,,,Open,M,60,Single-ply,B,Full Power,National
Standard,202.5,,,Open,M,60,Single-ply,D,Full Power,National
Standard,575,,,Open,M,60,Single-ply,Total,Full Power,National
Standard,145,,,Open,M,60,Single-ply,B,Single Lift,National
Standard,202.5,,,Open,M,60,Single-ply,D,Single Lift,National
Standard,252.5,,,Open,M,67.5,Single-ply,S,Full Power,National
Standard,157.5,,,Open,M,67.5,Single-ply,B,Full Power,National
Standard,222.5,,,Open,M,67.5,Single-ply,D,Full Power,National
Standard,625,,,Open,M,67.5,Single-ply,Total,Full Power,National
Standard,157.5,,,Open,M,67.5,Single-ply,B,Single Lift,National
Standard,222.5,,,Open,M,67.5,Single-ply,D,Single Lift,National
Aodhan Phillips-Lees,292.5,05/10/2025,South West,Open,M,75,Single-ply,S,Full Power,National
Standard,185,,,Open,M,75,Single-ply,B,Full Power,National
Standard,255,,,Open,M,75,Single-ply,D,Full Power,National
Standard,725,,,Open,M,75,Single-ply,Total,Full Power,National
Standard,185,,,Open,M,75,Single-ply,B,Single Lift,National
Standard,255,,,Open,M,75,Single-ply,D,Single Lift,National
Standard,312.5,,,Open,M,82.5,Single-ply,S,Full Power,National
Standard,195,,,Open,M,82.5,Single-ply,B,Full Power,National
Standard,275,,,Open,M,82.5,Single-ply,D,Full Power,National
Standard,775,,,Open,M,82.5,Single-ply,Total,Full Power,National
Standard,195,,,Open,M,82.5,Single-ply,B,Single Lift,National
Standard,275,,,Open,M,82.5,Single-ply,D,Single Lift,National
Standard,322.5,,,Open,M,90,Single-ply,S,Full Power,National
Standard,200,,,Open,M,90,Single-ply,B,Full Power,National
Standard,282.5,,,Open,M,90,Single-ply,D,Full Power,National
Standard,800,,,Open,M,90,Single-ply,Total,Full Power,National
Luke Litchfield,202.5,05/10/2025,South West,Open,M,90,Single-ply,B,Single Lift,National
Standard,282.5,,,Open,M,90,Single-ply,D,Single Lift,National
Standard,332.5,,,Open,M,100,Single-ply,S,Full Power,National
Standard,210,,,Open,M,100,Single-ply,B,Full Power,National
Standard,292.5,,,Open,M,100,Single-ply,D,Full Power,National
Standard,830,,,Open,M,100,Single-ply,Total,Full Power,National
Standard,210,,,Open,M,100,Single-ply,B,Single Lift,National
Standard,292.5,,,Open,M,100,Single-ply,D,Single Lift,National
Standard,352.5,,,Open,M,110,Single-ply,S,Full Power,National
Standard,222.5,,,Open,M,110,Single-ply,B,Full Power,National
Standard,310,,,Open,M,110,Single-ply,D,Full Power,National
Standard,880,,,Open,M,110,Single-ply,Total,Full Power,National
Standard,222.5,,,Open,M,110,Single-ply,B,Single Lift,National
Harry Cooper,310,05/12/2025,National Championships,Open,M,110,Single-ply,D,Single Lift,National
Standard,367.5,,,Open,M,125,Single-ply,S,Full Power,National
Standard,232.5,,,Open,M,125,Single-ply,B,Full Power,National
Standard,322.5,,,Open,M,125,Single-ply,D,Full Power,National
Standard,915,,,Open,M,125,Single-ply,Total,Full Power,National
Standard,232.5,,,Open,M,125,Single-ply,B,Single Lift,National
Standard,322.5,,,Open,M,125,Single-ply,D,Single Lift,National
Standard,382.5,,,Open,M,140,Single-ply,S,Full Power,National
Standard,240,,,Open,M,140,Single-ply,B,Full Power,National
Standard,335,,,Open,M,140,Single-ply,D,Full Power,National
Standard,955,,,Open,M,140,Single-ply,Total,Full Power,National
Standard,240,,,Open,M,140,Single-ply,B,Single Lift,National
Standard,335,,,Open,M,140,Single-ply,D,Single Lift,National
Standard,390,,,Open,M,140+,Single-ply,S,Full Power,National
Standard,245,,,Open,M,140+,Single-ply,B,Full Power,National
Standard,342.5,,,Open,M,140+,Single-ply,D,Full Power,National
Standard,975,,,Open,M,140+,Single-ply,Total,Full Power,National
Standard,245,,,Open,M,140+,Single-ply,B,Single Lift,National
Standard,342.5,,,Open,M,140+,Single-ply,D,Single Lift,National
Standard,127.5,,,OpenDT,M,52,Single-ply,S,Full Power,National
Standard,80,,,OpenDT,M,52,Single-ply,B,Full Power,National
Standard,112.5,,,OpenDT,M,52,Single-ply,D,Full Power,National
Standard,315,,,OpenDT,M,52,Single-ply,Total,Full Power,National
Standard,80,,,OpenDT,M,52,Single-ply,B,Single Lift,National
Standard,112.5,,,OpenDT,M,52,Single-ply,D,Single Lift,National
Standard,170,,,OpenDT,M,56,Single-ply,S,Full Power,National
Standard,105,,,OpenDT,M,56,Single-ply,B,Full Power,National
Standard,147.5,,,OpenDT,M,56,Single-ply,D,Full Power,National
Standard,420,,,OpenDT,M,56,Single-ply,Total,Full Power,National
Standard,105,,,OpenDT,M,56,Single-ply,B,Single Lift,National
Standard,147.5,,,OpenDT,M,56,Single-ply,D,Single Lift,National
Standard,235,,,OpenDT,M,60,Single-ply,S,Full Power,National
Standard,145,,,OpenDT,M,60,Single-ply,B,Full Power,National
Standard,205,,,OpenDT,M,60,Single-ply,D,Full Power,National
Standard,577.5,,,OpenDT,M,60,Single-ply,Total,Full Power,National
Standard,145,,,OpenDT,M,60,Single-ply,B,Single Lift,National
Standard,205,,,OpenDT,M,60,Single-ply,D,Single Lift,National
Standard,252.5,,,OpenDT,M,67.5,Single-ply,S,Full Power,National
Standard,157.5,,,OpenDT,M,67.5,Single-ply,B,Full Power,National
Standard,222.5,,,OpenDT,M,67.5,Single-ply,D,Full Power,National
Standard,627.5,,,OpenDT,M,67.5,Single-ply,Total,Full Power,National
Standard,157.5,,,OpenDT,M,67.5,Single-ply,B,Single Lift,National
Standard,222.5,,,OpenDT,M,67.5,Single-ply,D,Single Lift,National
Standard,277.5,,,OpenDT,M,75,Single-ply,S,Full Power,National
Standard,172.5,,,OpenDT,M,75,Single-ply,B,Full Power,National
Standard,240,,,OpenDT,M,75,Single-ply,D,Full Power,National
Standard,685,,,OpenDT,M,75,Single-ply,Total,Full Power,National
Standard,172.5,,,OpenDT,M,75,Single-ply,B,Single Lift,National
Standard,240,,,OpenDT,M,75,Single-ply,D,Single Lift,National
Paul Campbell,300,06/12/2025,National Championships,OpenDT,M,82.5,Single-ply,S,Full Power,National
Paul Campbell,190,06/12/2025,National Championships,OpenDT,M,82.5,Single-ply,B,Full Power,National
Paul Campbell,265,06/12/2025,National Championships,OpenDT,M,82.5,Single-ply,D,Full Power,National
Paul Campbell,755,06/12/2025,National Championships,OpenDT,M,82.5,Single-ply,Total,Full Power,National
Standard,182.5,,,OpenDT,M,82.5,Single-ply,B,Single Lift,National
Standard,252.5,,,OpenDT,M,82.5,Single-ply,D,Single Lift,National
Standard,295,,,OpenDT,M,90,Single-ply,S,Full Power,National
Standard,187.5,,,OpenDT,M,90,Single-ply,B,Full Power,National
Standard,260,,,OpenDT,M,90,Single-ply,D,Full Power,National
Standard,735,,,OpenDT,M,90,Single-ply,Total,Full Power,National
Standard,187.5,,,OpenDT,M,90,Single-ply,B,Single Lift,National
Standard,260,,,OpenDT,M,90,Single-ply,D,Single Lift,National
Standard,307.5,,,OpenDT,M,100,Single-ply,S,Full Power,National
Standard,192.5,,,OpenDT,M,100,Single-ply,B,Full Power,National
Standard,270,,,OpenDT,M,100,Single-ply,D,Full Power,National
Standard,765,,,OpenDT,M,100,Single-ply,Total,Full Power,National
Standard,192.5,,,OpenDT,M,100,Single-ply,B,Single Lift,National
Standard,280,,,OpenDT,M,100,Single-ply,D,Single Lift,National
Andy Champ,350,05/10/2025,South West,OpenDT,M,110,Single-ply,S,Full Power,National
Andy Champ,272.5,05/10/2025,South West,OpenDT,M,110,Single-ply,B,Full Power,National
Standard,280,,,OpenDT,M,110,Single-ply,D,Full Power,National
Andy Champ,892.5,05/10/2025,South West,OpenDT,M,110,Single-ply,Total,Full Power,National
James Pearson,210,05/10/2025,South West,OpenDT,M,110,Single-ply,B,Single Lift,National
Standard,280,,,OpenDT,M,110,Single-ply,D,Single Lift,National
Dominic Coman,390,05/10/2025,South West,OpenDT,M,125,Single-ply,S,Full Power,National
Dominic Coman,222.5,05/10/2025,South West,OpenDT,M,125,Single-ply,B,Full Power,National
Standard,285,,,OpenDT,M,125,Single-ply,D,Full Power,National
Dominic Coman,887.5,05/10/2025,South West,OpenDT,M,125,Single-ply,Total,Full Power,National
Standard,205,,,OpenDT,M,125,Single-ply,B,Single Lift,National
Standard,285,,,OpenDT,M,125,Single-ply,D,Single Lift,National
Standard,332.5,,,OpenDT,M,140,Single-ply,S,Full Power,National
Standard,210,,,OpenDT,M,140,Single-ply,B,Full Power,National
Standard,292.5,,,OpenDT,M,140,Single-ply,D,Full Power,National
Standard,830,,,OpenDT,M,140,Single-ply,Total,Full Power,National
Standard,210,,,OpenDT,M,140,Single-ply,B,Single Lift,National
Standard,292.5,,,OpenDT,M,140,Single-ply,D,Single Lift,National
Standard,340,,,OpenDT,M,140+,Single-ply,S,Full Power,National
Standard,215,,,OpenDT,M,140+,Single-ply,B,Full Power,National
Standard,297.5,,,OpenDT,M,140+,Single-ply,D,Full Power,National
Standard,850,,,OpenDT,M,140+,Single-ply,Total,Full Power,National
Standard,215,,,OpenDT,M,140+,Single-ply,B,Single Lift,National
Standard,297.5,,,OpenDT,M,140+,Single-ply,D,Single Lift,National
Standard,92.5,,,T14-15,M,52,Single-ply,S,Full Power,National
Standard,57.5,,,T14-15,M,52,Single-ply,B,Full Power,National
Standard,80,,,T14-15,M,52,Single-ply,D,Full Power,National
Standard,222.5,,,T14-15,M,52,Single-ply,Total,Full Power,National
Standard,57.5,,,T14-15,M,52,Single-ply,B,Single Lift,National
Standard,80,,,T14-15,M,52,Single-ply,D,Single Lift,National
Standard,107.5,,,T14-15,M,56,Single-ply,S,Full Power,National
Standard,67.5,,,T14-15,M,56,Single-ply,B,Full Power,National
Standard,95,,,T14-15,M,56,Single-ply,D,Full Power,National
Standard,265,,,T14-15,M,56,Single-ply,Total,Full Power,National
Standard,67.5,,,T14-15,M,56,Single-ply,B,Single Lift,National
Standard,95,,,T14-15,M,56,Single-ply,D,Single Lift,National
Standard,125,,,T14-15,M,60,Single-ply,S,Full Power,National
Standard,77.5,,,T14-15,M,60,Single-ply,B,Full Power,National
Standard,107.5,,,T14-15,M,60,Single-ply,D,Full Power,National
Standard,305,,,T14-15,M,60,Single-ply,Total,Full Power,National
Standard,77.5,,,T14-15,M,60,Single-ply,B,Single Lift,National
Standard,107.5,,,T14-15,M,60,Single-ply,D,Single Lift,National
Standard,135,,,T14-15,M,67.5,Single-ply,S,Full Power,National
Standard,85,,,T14-15,M,67.5,Single-ply,B,Full Power,National
Standard,117.5,,,T14-15,M,67.5,Single-ply,D,Full Power,National
Standard,332.5,,,T14-15,M,67.5,Single-ply,Total,Full Power,National
Standard,85,,,T14-15,M,67.5,Single-ply,B,Single Lift,National
Standard,117.5,,,T14-15,M,67.5,Single-ply,D,Single Lift,National
Standard,152.5,,,T14-15,M,75,Single-ply,S,Full Power,National
Standard,95,,,T14-15,M,75,Single-ply,B,Full Power,National
Standard,135,,,T14-15,M,75,Single-ply,D,Full Power,National
Standard,380,,,T14-15,M,75,Single-ply,Total,Full Power,National
Standard,95,,,T14-15,M,75,Single-ply,B,Single Lift,National
Standard,135,,,T14-15,M,75,Single-ply,D,Single Lift,National
Standard,165,,,T14-15,M,82.5,Single-ply,S,Full Power,National
Standard,102.5,,,T14-15,M,82.5,Single-ply,B,Full Power,National
Standard,145,,,T14-15,M,82.5,Single-ply,D,Full Power,National
Standard,410,,,T14-15,M,82.5,Single-ply,Total,Full Power,National
Standard,102.5,,,T14-15,M,82.5,Single-ply,B,Single Lift,National
Standard,145,,,T14-15,M,82.5,Single-ply,D,Single Lift,National
Standard,170,,,T14-15,M,90,Single-ply,S,Full Power,National
Standard,107.5,,,T14-15,M,90,Single-ply,B,Full Power,National
Standard,147.5,,,T14-15,M,90,Single-ply,D,Full Power,National
Standard,422.5,,,T14-15,M,90,Single-ply,Total,Full Power,National
Standard,107.5,,,T14-15,M,90,Single-ply,B,Single Lift,National
Standard,147.5,,,T14-15,M,90,Single-ply,D,Single Lift,National
Standard,177.5,,,T14-15,M,100,Single-ply,S,Full Power,National
Standard,110,,,T14-15,M,100,Single-ply,B,Full Power,National
Standard,155,,,T14-15,M,100,Single-ply,D,Full Power,National
Standard,437.5,,,T14-15,M,100,Single-ply,Total,Full Power,National
Standard,110,,,T14-15,M,100,Single-ply,B,Single Lift,National
Standard,155,,,T14-15,M,100,Single-ply,D,Single Lift,National
Standard,187.5,,,T14-15,M,110,Single-ply,S,Full Power,National
Standard,117.5,,,T14-15,M,110,Single-ply,B,Full Power,National
Standard,162.5,,,T14-15,M,110,Single-ply,D,Full Power,National
Standard,462.5,,,T14-15,M,110,Single-ply,Total,Full Power,National
Standard,117.5,,,T14-15,M,110,Single-ply,B,Single Lift,National
Standard,162.5,,,T14-15,M,110,Single-ply,D,Single Lift,National
Standard,195,,,T14-15,M,125,Single-ply,S,Full Power,National
Standard,122.5,,,T14-15,M,125,Single-ply,B,Full Power,National
Standard,172.5,,,T14-15,M,125,Single-ply,D,Full Power,National
Standard,482.5,,,T14-15,M,125,Single-ply,Total,Full Power,National
Standard,122.5,,,T14-15,M,125,Single-ply,B,Single Lift,National
Standard,172.5,,,T14-15,M,125,Single-ply,D,Single Lift,National
Standard,202.5,,,T14-15,M,140,Single-ply,S,Full Power,National
Standard,127.5,,,T14-15,M,140,Single-ply,B,Full Power,National
Standard,177.5,,,T14-15,M,140,Single-ply,D,Full Power,National
Standard,502.5,,,T14-15,M,140,Single-ply,Total,Full Power,National
Standard,127.5,,,T14-15,M,140,Single-ply,B,Single Lift,National
Standard,177.5,,,T14-15,M,140,Single-ply,D,Single Lift,National
Standard,207.5,,,T14-15,M,140+,Single-ply,S,Full Power,National
Standard,130,,,T14-15,M,140+,Single-ply,B,Full Power,National
Standard,182.5,,,T14-15,M,140+,Single-ply,D,Full Power,National
Standard,515,,,T14-15,M,140+,Single-ply,Total,Full Power,National
Standard,130,,,T14-15,M,140+,Single-ply,B,Single Lift,National
Standard,182.5,,,T14-15,M,140+,Single-ply,D,Single Lift,National
Standard,70,,,T14-15DT,M,52,Single-ply,S,Full Power,National
Standard,45,,,T14-15DT,M,52,Single-ply,B,Full Power,National
Standard,60,,,T14-15DT,M,52,Single-ply,D,Full Power,National
Standard,170,,,T14-15DT,M,52,Single-ply,Total,Full Power,National
Standard,45,,,T14-15DT,M,52,Single-ply,B,Single Lift,National
Standard,60,,,T14-15DT,M,52,Single-ply,D,Single Lift,National
Standard,92.5,,,T14-15DT,M,56,Single-ply,S,Full Power,National
Standard,57.5,,,T14-15DT,M,56,Single-ply,B,Full Power,National
Standard,80,,,T14-15DT,M,56,Single-ply,D,Full Power,National
Standard,222.5,,,T14-15DT,M,56,Single-ply,Total,Full Power,National
Standard,57.5,,,T14-15DT,M,56,Single-ply,B,Single Lift,National
Standard,80,,,T14-15DT,M,56,Single-ply,D,Single Lift,National
Standard,125,,,T14-15DT,M,60,Single-ply,S,Full Power,National
Standard,77.5,,,T14-15DT,M,60,Single-ply,B,Full Power,National
Standard,107.5,,,T14-15DT,M,60,Single-ply,D,Full Power,National
Standard,305,,,T14-15DT,M,60,Single-ply,Total,Full Power,National
Standard,77.5,,,T14-15DT,M,60,Single-ply,B,Single Lift,National
Standard,107.5,,,T14-15DT,M,60,Single-ply,D,Single Lift,National
Standard,135,,,T14-15DT,M,67.5,Single-ply,S,Full Power,National
Standard,85,,,T14-15DT,M,67.5,Single-ply,B,Full Power,National
Standard,117.5,,,T14-15DT,M,67.5,Single-ply,D,Full Power,National
Standard,332.5,,,T14-15DT,M,67.5,Single-ply,Total,Full Power,National
Standard,85,,,T14-15DT,M,67.5,Single-ply,B,Single Lift,National
Standard,117.5,,,T14-15DT,M,67.5,Single-ply,D,Single Lift,National
Standard,145,,,T14-15DT,M,75,Single-ply,S,Full Power,National
Standard,92.5,,,T14-15DT,M,75,Single-ply,B,Full Power,National
Standard,130,,,T14-15DT,M,75,Single-ply,D,Full Power,National
Standard,362.5,,,T14-15DT,M,75,Single-ply,Total,Full Power,National
Standard,92.5,,,T14-15DT,M,75,Single-ply,B,Single Lift,National
Standard,130,,,T14-15DT,M,75,Single-ply,D,Single Lift,National
Standard,152.5,,,T14-15DT,M,82.5,Single-ply,S,Full Power,National
Standard,95,,,T14-15DT,M,82.5,Single-ply,B,Full Power,National
Standard,135,,,T14-15DT,M,82.5,Single-ply,D,Full Power,National
Standard,380,,,T14-15DT,M,82.5,Single-ply,Total,Full Power,National
Standard,95,,,T14-15DT,M,82.5,Single-ply,B,Single Lift,National
Standard,135,,,T14-15DT,M,82.5,Single-ply,D,Single Lift,National
Standard,157.5,,,T14-15DT,M,90,Single-ply,S,Full Power,National
Standard,97.5,,,T14-15DT,M,90,Single-ply,B,Full Power,National
Standard,140,,,T14-15DT,M,90,Single-ply,D,Full Power,National
Standard,387.5,,,T14-15DT,M,90,Single-ply,Total,Full Power,National
Standard,97.5,,,T14-15DT,M,90,Single-ply,B,Single Lift,National
Standard,140,,,T14-15DT,M,90,Single-ply,D,Single Lift,National
Standard,162.5,,,T14-15DT,M,100,Single-ply,S,Full Power,National
Standard,102.5,,,T14-15DT,M,100,Single-ply,B,Full Power,National
Standard,142.5,,,T14-15DT,M,100,Single-ply,D,Full Power,National
Standard,405,,,T14-15DT,M,100,Single-ply,Total,Full Power,National
Standard,102.5,,,T14-15DT,M,100,Single-ply,B,Single Lift,National
Standard,142.5,,,T14-15DT,M,100,Single-ply,D,Single Lift,National
Standard,167.5,,,T14-15DT,M,110,Single-ply,S,Full Power,National
Standard,105,,,T14-15DT,M,110,Single-ply,B,Full Power,National
Standard,147.5,,,T14-15DT,M,110,Single-ply,D,Full Power,National
Standard,417.5,,,T14-15DT,M,110,Single-ply,Total,Full Power,National
Standard,105,,,T14-15DT,M,110,Single-ply,B,Single Lift,National
Standard,147.5,,,T14-15DT,M,110,Single-ply,D,Single Lift,National
Standard,172.5,,,T14-15DT,M,125,Single-ply,S,Full Power,National
Standard,107.5,,,T14-15DT,M,125,Single-ply,B,Full Power,National
Standard,150,,,T14-15DT,M,125,Single-ply,D,Full Power,National
Standard,427.5,,,T14-15DT,M,125,Single-ply,Total,Full Power,National
Standard,107.5,,,T14-15DT,M,125,Single-ply,B,Single Lift,National
Standard,150,,,T14-15DT,M,125,Single-ply,D,Single Lift,National
Standard,177.5,,,T14-15DT,M,140,Single-ply,S,Full Power,National
Standard,110,,,T14-15DT,M,140,Single-ply,B,Full Power,National
Standard,155,,,T14-15DT,M,140,Single-ply,D,Full Power,National
Standard,437.5,,,T14-15DT,M,140,Single-ply,Total,Full Power,National
Standard,110,,,T14-15DT,M,140,Single-ply,B,Single Lift,National
Standard,155,,,T14-15DT,M,140,Single-ply,D,Single Lift,National
Standard,182.5,,,T14-15DT,M,140+,Single-ply,S,Full Power,National
Standard,112.5,,,T14-15DT,M,140+,Single-ply,B,Full Power,National
Standard,157.5,,,T14-15DT,M,140+,Single-ply,D,Full Power,National
Standard,447.5,,,T14-15DT,M,140+,Single-ply,Total,Full Power,National
Standard,112.5,,,T14-15DT,M,140+,Single-ply,B,Single Lift,National
Standard,157.5,,,T14-15DT,M,140+,Single-ply,D,Single Lift,National
Standard,105,,,T16-17,M,52,Single-ply,S,Full Power,National
Standard,67.5,,,T16-17,M,52,Single-ply,B,Full Power,National
Standard,95,,,T16-17,M,52,Single-ply,D,Full Power,National
Standard,260,,,T16-17,M,52,Single-ply,Total,Full Power,National
Standard,67.5,,,T16-17,M,52,Single-ply,B,Single Lift,National
Standard,95,,,T16-17,M,52,Single-ply,D,Single Lift,National
Standard,125,,,T16-17,M,56,Single-ply,S,Full Power,National
Standard,80,,,T16-17,M,56,Single-ply,B,Full Power,National
Standard,110,,,T16-17,M,56,Single-ply,D,Full Power,National
Standard,310,,,T16-17,M,56,Single-ply,Total,Full Power,National
Standard,80,,,T16-17,M,56,Single-ply,B,Single Lift,National
Standard,110,,,T16-17,M,56,Single-ply,D,Single Lift,National
Standard,142.5,,,T16-17,M,60,Single-ply,S,Full Power,National
Standard,92.5,,,T16-17,M,60,Single-ply,B,Full Power,National
Standard,127.5,,,T16-17,M,60,Single-ply,D,Full Power,National
Standard,357.5,,,T16-17,M,60,Single-ply,Total,Full Power,National
Standard,92.5,,,T16-17,M,60,Single-ply,B,Single Lift,National
Standard,127.5,,,T16-17,M,60,Single-ply,D,Single Lift,National
Standard,157.5,,,T16-17,M,67.5,Single-ply,S,Full Power,National
Standard,97.5,,,T16-17,M,67.5,Single-ply,B,Full Power,National
Standard,140,,,T16-17,M,67.5,Single-ply,D,Full Power,National
Standard,387.5,,,T16-17,M,67.5,Single-ply,Total,Full Power,National
Standard,97.5,,,T16-17,M,67.5,Single-ply,B,Single Lift,National
Standard,140,,,T16-17,M,67.5,Single-ply,D,Single Lift,National
Standard,182.5,,,T16-17,M,75,Single-ply,S,Full Power,National
Standard,112.5,,,T16-17,M,75,Single-ply,B,Full Power,National
Standard,157.5,,,T16-17,M,75,Single-ply,D,Full Power,National
Standard,447.5,,,T16-17,M,75,Single-ply,Total,Full Power,National
Standard,112.5,,,T16-17,M,75,Single-ply,B,Single Lift,National
Standard,157.5,,,T16-17,M,75,Single-ply,D,Single Lift,National
Standard,192.5,,,T16-17,M,82.5,Single-ply,S,Full Power,National
Standard,122.5,,,T16-17,M,82.5,Single-ply,B,Full Power,National
Standard,170,,,T16-17,M,82.5,Single-ply,D,Full Power,National
Standard,480,,,T16-17,M,82.5,Single-ply,Total,Full Power,National
Standard,122.5,,,T16-17,M,82.5,Single-ply,B,Single Lift,National
Standard,170,,,T16-17,M,82.5,Single-ply,D,Single Lift,National
Standard,200,,,T16-17,M,90,Single-ply,S,Full Power,National
Standard,125,,,T16-17,M,90,Single-ply,B,Full Power,National
Standard,175,,,T16-17,M,90,Single-ply,D,Full Power,National
Standard,495,,,T16-17,M,90,Single-ply,Total,Full Power,National
Standard,125,,,T16-17,M,90,Single-ply,B,Single Lift,National
Standard,175,,,T16-17,M,90,Single-ply,D,Single Lift,National
Standard,207.5,,,T16-17,M,100,Single-ply,S,Full Power,National
Standard,130,,,T16-17,M,100,Single-ply,B,Full Power,National
Standard,182.5,,,T16-17,M,100,Single-ply,D,Full Power,National
Standard,515,,,T16-17,M,100,Single-ply,Total,Full Power,National
Standard,130,,,T16-17,M,100,Single-ply,B,Single Lift,National
Standard,182.5,,,T16-17,M,100,Single-ply,D,Single Lift,National
Standard,220,,,T16-17,M,110,Single-ply,S,Full Power,National
Standard,137.5,,,T16-17,M,110,Single-ply,B,Full Power,National
Standard,190,,,T16-17,M,110,Single-ply,D,Full Power,National
Standard,542.5,,,T16-17,M,110,Single-ply,Total,Full Power,National
Standard,137.5,,,T16-17,M,110,Single-ply,B,Single Lift,National
Standard,190,,,T16-17,M,110,Single-ply,D,Single Lift,National
Standard,230,,,T16-17,M,125,Single-ply,S,Full Power,National
Standard,142.5,,,T16-17,M,125,Single-ply,B,Full Power,National
Standard,200,,,T16-17,M,125,Single-ply,D,Full Power,National
Standard,567.5,,,T16-17,M,125,Single-ply,Total,Full Power,National
Standard,142.5,,,T16-17,M,125,Single-ply,B,Single Lift,National
Standard,200,,,T16-17,M,125,Single-ply,D,Single Lift,National
Standard,237.5,,,T16-17,M,140,Single-ply,S,Full Power,National
Standard,147.5,,,T16-17,M,140,Single-ply,B,Full Power,National
Standard,207.5,,,T16-17,M,140,Single-ply,D,Full Power,National
Standard,590,,,T16-17,M,140,Single-ply,Total,Full Power,National
Standard,147.5,,,T16-17,M,140,Single-ply,B,Single Lift,National
Standard,207.5,,,T16-17,M,140,Single-ply,D,Single Lift,National
Standard,242.5,,,T16-17,M,140+,Single-ply,S,Full Power,National
Standard,152.5,,,T16-17,M,140+,Single-ply,B,Full Power,National
Standard,212.5,,,T16-17,M,140+,Single-ply,D,Full Power,National
Standard,602.5,,,T16-17,M,140+,Single-ply,Total,Full Power,National
Standard,152.5,,,T16-17,M,140+,Single-ply,B,Single Lift,National
Standard,212.5,,,T16-17,M,140+,Single-ply,D,Single Lift,National
Standard,82.5,,,T16-17DT,M,52,Single-ply,S,Full Power,National
Standard,50,,,T16-17DT,M,52,Single-ply,B,Full Power,National
Standard,72.5,,,T16-17DT,M,52,Single-ply,D,Full Power,National
Standard,197.5,,,T16-17DT,M,52,Single-ply,Total,Full Power,National
Standard,50,,,T16-17DT,M,52,Single-ply,B,Single Lift,National
Standard,72.5,,,T16-17DT,M,52,Single-ply,D,Single Lift,National
Standard,105,,,T16-17DT,M,56,Single-ply,S,Full Power,National
Standard,67.5,,,T16-17DT,M,56,Single-ply,B,Full Power,National
Standard,95,,,T16-17DT,M,56,Single-ply,D,Full Power,National
Standard,260,,,T16-17DT,M,56,Single-ply,Total,Full Power,National
Standard,67.5,,,T16-17DT,M,56,Single-ply,B,Single Lift,National
Standard,95,,,T16-17DT,M,56,Single-ply,D,Single Lift,National
Standard,142.5,,,T16-17DT,M,60,Single-ply,S,Full Power,National
Standard,92.5,,,T16-17DT,M,60,Single-ply,B,Full Power,National
Standard,127.5,,,T16-17DT,M,60,Single-ply,D,Full Power,National
Standard,357.5,,,T16-17DT,M,60,Single-ply,Total,Full Power,National
Standard,92.5,,,T16-17DT,M,60,Single-ply,B,Single Lift,National
Standard,127.5,,,T16-17DT,M,60,Single-ply,D,Single Lift,National
Standard,157.5,,,T16-17DT,M,67.5,Single-ply,S,Full Power,National
Standard,97.5,,,T16-17DT,M,67.5,Single-ply,B,Full Power,National
Standard,140,,,T16-17DT,M,67.5,Single-ply,D,Full Power,National
Standard,390,,,T16-17DT,M,67.5,Single-ply,Total,Full Power,National
Standard,97.5,,,T16-17DT,M,67.5,Single-ply,B,Single Lift,National
Standard,140,,,T16-17DT,M,67.5,Single-ply,D,Single Lift,National
Standard,172.5,,,T16-17DT,M,75,Single-ply,S,Full Power,National
Standard,107.5,,,T16-17DT,M,75,Single-ply,B,Full Power,National
Standard,150,,,T16-17DT,M,75,Single-ply,D,Full Power,National
Standard,425,,,T16-17DT,M,75,Single-ply,Total,Full Power,National
Standard,107.5,,,T16-17DT,M,75,Single-ply,B,Single Lift,National
Standard,150,,,T16-17DT,M,75,Single-ply,D,Single Lift,National
Standard,180,,,T16-17DT,M,82.5,Single-ply,S,Full Power,National
Standard,112.5,,,T16-17DT,M,82.5,Single-ply,B,Full Power,National
Standard,157.5,,,T16-17DT,M,82.5,Single-ply,D,Full Power,National
Standard,442.5,,,T16-17DT,M,82.5,Single-ply,Total,Full Power,National
Standard,112.5,,,T16-17DT,M,82.5,Single-ply,B,Single Lift,National
Standard,157.5,,,T16-17DT,M,82.5,Single-ply,D,Single Lift,National
Standard,185,,,T16-17DT,M,90,Single-ply,S,Full Power,National
Standard,115,,,T16-17DT,M,90,Single-ply,B,Full Power,National
Standard,160,,,T16-17DT,M,90,Single-ply,D,Full Power,National
Standard,455,,,T16-17DT,M,90,Single-ply,Total,Full Power,National
Standard,115,,,T16-17DT,M,90,Single-ply,B,Single Lift,National
Standard,160,,,T16-17DT,M,90,Single-ply,D,Single Lift,National
Standard,190,,,T16-17DT,M,100,Single-ply,S,Full Power,National
Standard,120,,,T16-17DT,M,100,Single-ply,B,Full Power,National
Standard,167.5,,,T16-17DT,M,100,Single-ply,D,Full Power,National
Standard,475,,,T16-17DT,M,100,Single-ply,Total,Full Power,National
Standard,120,,,T16-17DT,M,100,Single-ply,B,Single Lift,National
Standard,167.5,,,T16-17DT,M,100,Single-ply,D,Single Lift,National
Standard,195,,,T16-17DT,M,110,Single-ply,S,Full Power,National
Standard,125,,,T16-17DT,M,110,Single-ply,B,Full Power,National
Standard,172.5,,,T16-17DT,M,110,Single-ply,D,Full Power,National
Standard,487.5,,,T16-17DT,M,110,Single-ply,Total,Full Power,National
Standard,125,,,T16-17DT,M,110,Single-ply,B,Single Lift,National
Standard,172.5,,,T16-17DT,M,110,Single-ply,D,Single Lift,National
Standard,200,,,T16-17DT,M,125,Single-ply,S,Full Power,National
Standard,127.5,,,T16-17DT,M,125,Single-ply,B,Full Power,National
Standard,177.5,,,T16-17DT,M,125,Single-ply,D,Full Power,National
Standard,500,,,T16-17DT,M,125,Single-ply,Total,Full Power,National
Standard,127.5,,,T16-17DT,M,125,Single-ply,B,Single Lift,National
Standard,177.5,,,T16-17DT,M,125,Single-ply,D,Single Lift,National
Standard,207.5,,,T16-17DT,M,140,Single-ply,S,Full Power,National
Standard,130,,,T16-17DT,M,140,Single-ply,B,Full Power,National
Standard,182.5,,,T16-17DT,M,140,Single-ply,D,Full Power,National
Standard,515,,,T16-17DT,M,140,Single-ply,Total,Full Power,National
Standard,130,,,T16-17DT,M,140,Single-ply,B,Single Lift,National
Standard,182.5,,,T16-17DT,M,140,Single-ply,D,Single Lift,National
Standard,212.5,,,T16-17DT,M,140+,Single-ply,S,Full Power,National
Standard,135,,,T16-17DT,M,140+,Single-ply,B,Full Power,National
Standard,187.5,,,T16-17DT,M,140+,Single-ply,D,Full Power,National
Standard,525,,,T16-17DT,M,140+,Single-ply,Total,Full Power,National
Standard,135,,,T16-17DT,M,140+,Single-ply,B,Single Lift,National
Standard,187.5,,,T16-17DT,M,140+,Single-ply,D,Single Lift,National
Standard,125,,,T18-19,M,52,Single-ply,S,Full Power,National
Standard,77.5,,,T18-19,M,52,Single-ply,B,Full Power,National
Standard,107.5,,,T18-19,M,52,Single-ply,D,Full Power,National
Standard,305,,,T18-19,M,52,Single-ply,Total,Full Power,National
Standard,77.5,,,T18-19,M,52,Single-ply,B,Single Lift,National
Standard,107.5,,,T18-19,M,52,Single-ply,D,Single Lift,National
Standard,145,,,T18-19,M,56,Single-ply,S,Full Power,National
Standard,92.5,,,T18-19,M,56,Single-ply,B,Full Power,National
Standard,130,,,T18-19,M,56,Single-ply,D,Full Power,National
Standard,362.5,,,T18-19,M,56,Single-ply,Total,Full Power,National
Standard,92.5,,,T18-19,M,56,Single-ply,B,Single Lift,National
Standard,130,,,T18-19,M,56,Single-ply,D,Single Lift,National
Standard,170,,,T18-19,M,60,Single-ply,S,Full Power,National
Standard,105,,,T18-19,M,60,Single-ply,B,Full Power,National
Standard,147.5,,,T18-19,M,60,Single-ply,D,Full Power,National
Standard,420,,,T18-19,M,60,Single-ply,Total,Full Power,National
Standard,105,,,T18-19,M,60,Single-ply,B,Single Lift,National
Standard,147.5,,,T18-19,M,60,Single-ply,D,Single Lift,National
Standard,185,,,T18-19,M,67.5,Single-ply,S,Full Power,National
Standard,115,,,T18-19,M,67.5,Single-ply,B,Full Power,National
Standard,160,,,T18-19,M,67.5,Single-ply,D,Full Power,National
Standard,455,,,T18-19,M,67.5,Single-ply,Total,Full Power,National
Standard,115,,,T18-19,M,67.5,Single-ply,B,Single Lift,National
Standard,160,,,T18-19,M,67.5,Single-ply,D,Single Lift,National
Standard,212.5,,,T18-19,M,75,Single-ply,S,Full Power,National
Standard,135,,,T18-19,M,75,Single-ply,B,Full Power,National
Standard,187.5,,,T18-19,M,75,Single-ply,D,Full Power,National
Standard,525,,,T18-19,M,75,Single-ply,Total,Full Power,National
Standard,135,,,T18-19,M,75,Single-ply,B,Single Lift,National
Standard,187.5,,,T18-19,M,75,Single-ply,D,Single Lift,National
Standard,227.5,,,T18-19,M,82.5,Single-ply,S,Full Power,National
Standard,142.5,,,T18-19,M,82.5,Single-ply,B,Full Power,National
Standard,197.5,,,T18-19,M,82.5,Single-ply,D,Full Power,National
Standard,565,,,T18-19,M,82.5,Single-ply,Total,Full Power,National
Gregory Pearson,263,05/12/2025,National Championships,T18-19,M,82.5,Single-ply,B,Single Lift,National
Standard,197.5,,,T18-19,M,82.5,Single-ply,D,Single Lift,National
Standard,235,,,T18-19,M,90,Single-ply,S,Full Power,National
Standard,145,,,T18-19,M,90,Single-ply,B,Full Power,National
Standard,205,,,T18-19,M,90,Single-ply,D,Full Power,National
Standard,580,,,T18-19,M,90,Single-ply,Total,Full Power,National
Standard,145,,,T18-19,M,90,Single-ply,B,Single Lift,National
Standard,205,,,T18-19,M,90,Single-ply,D,Single Lift,National
Standard,242.5,,,T18-19,M,100,Single-ply,S,Full Power,National
Standard,152.5,,,T18-19,M,100,Single-ply,B,Full Power,National
Standard,212.5,,,T18-19,M,100,Single-ply,D,Full Power,National
Standard,602.5,,,T18-19,M,100,Single-ply,Total,Full Power,National
Standard,152.5,,,T18-19,M,100,Single-ply,B,Single Lift,National
Standard,212.5,,,T18-19,M,100,Single-ply,D,Single Lift,National
Standard,257.5,,,T18-19,M,110,Single-ply,S,Full Power,National
Standard,160,,,T18-19,M,110,Single-ply,B,Full Power,National
Standard,225,,,T18-19,M,110,Single-ply,D,Full Power,National
Standard,637.5,,,T18-19,M,110,Single-ply,Total,Full Power,National
Standard,160,,,T18-19,M,110,Single-ply,B,Single Lift,National
Standard,225,,,T18-19,M,110,Single-ply,D,Single Lift,National
Standard,267.5,,,T18-19,M,125,Single-ply,S,Full Power,National
Standard,167.5,,,T18-19,M,125,Single-ply,B,Full Power,National
Standard,235,,,T18-19,M,125,Single-ply,D,Full Power,National
Standard,665,,,T18-19,M,125,Single-ply,Total,Full Power,National
Standard,167.5,,,T18-19,M,125,Single-ply,B,Single Lift,National
Standard,235,,,T18-19,M,125,Single-ply,D,Single Lift,National
Standard,280,,,T18-19,M,140,Single-ply,S,Full Power,National
Standard,175,,,T18-19,M,140,Single-ply,B,Full Power,National
Standard,242.5,,,T18-19,M,140,Single-ply,D,Full Power,National
Standard,692.5,,,T18-19,M,140,Single-ply,Total,Full Power,National
Standard,175,,,T18-19,M,140,Single-ply,B,Single Lift,National
Standard,242.5,,,T18-19,M,140,Single-ply,D,Single Lift,National
Standard,285,,,T18-19,M,140+,Single-ply,S,Full Power,National
Standard,180,,,T18-19,M,140+,Single-ply,B,Full Power,National
Standard,247.5,,,T18-19,M,140+,Single-ply,D,Full Power,National
Standard,707.5,,,T18-19,M,140+,Single-ply,Total,Full Power,National
Standard,180,,,T18-19,M,140+,Single-ply,B,Single Lift,National
Standard,247.5,,,T18-19,M,140+,Single-ply,D,Single Lift,National
Standard,95,,,T18-19DT,M,52,Single-ply,S,Full Power,National
Standard,60,,,T18-19DT,M,52,Single-ply,B,Full Power,National
Standard,82.5,,,T18-19DT,M,52,Single-ply,D,Full Power,National
Standard,232.5,,,T18-19DT,M,52,Single-ply,Total,Full Power,National
Standard,60,,,T18-19DT,M,52,Single-ply,B,Single Lift,National
Standard,82.5,,,T18-19DT,M,52,Single-ply,D,Single Lift,National
Standard,125,,,T18-19DT,M,56,Single-ply,S,Full Power,National
Standard,77.5,,,T18-19DT,M,56,Single-ply,B,Full Power,National
Standard,107.5,,,T18-19DT,M,56,Single-ply,D,Full Power,National
Standard,305,,,T18-19DT,M,56,Single-ply,Total,Full Power,National
Standard,77.5,,,T18-19DT,M,56,Single-ply,B,Single Lift,National
Standard,107.5,,,T18-19DT,M,56,Single-ply,D,Single Lift,National
Standard,170,,,T18-19DT,M,60,Single-ply,S,Full Power,National
Standard,105,,,T18-19DT,M,60,Single-ply,B,Full Power,National
Standard,147.5,,,T18-19DT,M,60,Single-ply,D,Full Power,National
Standard,420,,,T18-19DT,M,60,Single-ply,Total,Full Power,National
Standard,105,,,T18-19DT,M,60,Single-ply,B,Single Lift,National
Standard,147.5,,,T18-19DT,M,60,Single-ply,D,Single Lift,National
Standard,185,,,T18-19DT,M,67.5,Single-ply,S,Full Power,National
Standard,115,,,T18-19DT,M,67.5,Single-ply,B,Full Power,National
Standard,162.5,,,T18-19DT,M,67.5,Single-ply,D,Full Power,National
Standard,457.5,,,T18-19DT,M,67.5,Single-ply,Total,Full Power,National
Standard,115,,,T18-19DT,M,67.5,Single-ply,B,Single Lift,National
Standard,162.5,,,T18-19DT,M,67.5,Single-ply,D,Single Lift,National
Standard,200,,,T18-19DT,M,75,Single-ply,S,Full Power,National
Standard,127.5,,,T18-19DT,M,75,Single-ply,B,Full Power,National
Standard,177.5,,,T18-19DT,M,75,Single-ply,D,Full Power,National
Standard,497.5,,,T18-19DT,M,75,Single-ply,Total,Full Power,National
Dec Templeton,132.5,27/07/2025,East Midlands,T18-19DT,M,75,Single-ply,B,Single Lift,National
Standard,177.5,,,T18-19DT,M,75,Single-ply,D,Single Lift,National
Standard,210,,,T18-19DT,M,82.5,Single-ply,S,Full Power,National
Standard,132.5,,,T18-19DT,M,82.5,Single-ply,B,Full Power,National
Standard,185,,,T18-19DT,M,82.5,Single-ply,D,Full Power,National
Standard,520,,,T18-19DT,M,82.5,Single-ply,Total,Full Power,National
Standard,132.5,,,T18-19DT,M,82.5,Single-ply,B,Single Lift,National
Standard,185,,,T18-19DT,M,82.5,Single-ply,D,Single Lift,National
Standard,215,,,T18-19DT,M,90,Single-ply,S,Full Power,National
Standard,135,,,T18-19DT,M,90,Single-ply,B,Full Power,National
Standard,190,,,T18-19DT,M,90,Single-ply,D,Full Power,National
Standard,532.5,,,T18-19DT,M,90,Single-ply,Total,Full Power,National
Standard,135,,,T18-19DT,M,90,Single-ply,B,Single Lift,National
Standard,190,,,T18-19DT,M,90,Single-ply,D,Single Lift,National
Standard,225,,,T18-19DT,M,100,Single-ply,S,Full Power,National
Standard,142.5,,,T18-19DT,M,100,Single-ply,B,Full Power,National
Standard,195,,,T18-19DT,M,100,Single-ply,D,Full Power,National
Standard,555,,,T18-19DT,M,100,Single-ply,Total,Full Power,National
Standard,142.5,,,T18-19DT,M,100,Single-ply,B,Single Lift,National
Standard,195,,,T18-19DT,M,100,Single-ply,D,Single Lift,National
Standard,295,,,T18-19DT,M,110,Single-ply,S,Full Power,National
Standard,147.5,,,T18-19DT,M,110,Single-ply,B,Full Power,National
Standard,230,,,T18-19DT,M,110,Single-ply,D,Full Power,National
Standard,670,,,T18-19DT,M,110,Single-ply,Total,Full Power,National
Standard,145,,,T18-19DT,M,110,Single-ply,B,Single Lift,National
Standard,202.5,,,T18-19DT,M,110,Single-ply,D,Single Lift,National
Standard,237.5,,,T18-19DT,M,125,Single-ply,S,Full Power,National
Standard,147.5,,,T18-19DT,M,125,Single-ply,B,Full Power,National
Standard,207.5,,,T18-19DT,M,125,Single-ply,D,Full Power,National
Standard,587.5,,,T18-19DT,M,125,Single-ply,Total,Full Power,National
Standard,147.5,,,T18-19DT,M,125,Single-ply,B,Single Lift,National
Standard,207.5,,,T18-19DT,M,125,Single-ply,D,Single Lift,National
Standard,242.5,,,T18-19DT,M,140,Single-ply,S,Full Power,National
Standard,152.5,,,T18-19DT,M,140,Single-ply,B,Full Power,National
Standard,212.5,,,T18-19DT,M,140,Single-ply,D,Full Power,National
Standard,602.5,,,T18-19DT,M,140,Single-ply,Total,Full Power,National
Standard,152.5,,,T18-19DT,M,140,Single-ply,B,Single Lift,National
Standard,212.5,,,T18-19DT,M,140,Single-ply,D,Single Lift,National
Standard,247.5,,,T18-19DT,M,140+,Single-ply,S,Full Power,National
Standard,155,,,T18-19DT,M,140+,Single-ply,B,Full Power,National
Standard,217.5,,,T18-19DT,M,140+,Single-ply,D,Full Power,National
Standard,617.5,,,T18-19DT,M,140+,Single-ply,Total,Full Power,National
Standard,155,,,T18-19DT,M,140+,Single-ply,B,Single Lift,National
Standard,217.5,,,T18-19DT,M,140+,Single-ply,D,Single Lift,National
Standard,142.5,,,Junior,M,52,Single-ply,S,Full Power,National
Standard,92.5,,,Junior,M,52,Single-ply,B,Full Power,National
Standard,127.5,,,Junior,M,52,Single-ply,D,Full Power,National
Standard,357.5,,,Junior,M,52,Single-ply,Total,Full Power,National
Standard,92.5,,,Junior,M,52,Single-ply,B,Single Lift,National
Standard,127.5,,,Junior,M,52,Single-ply,D,Single Lift,National
Standard,172.5,,,Junior,M,56,Single-ply,S,Full Power,National
Standard,107.5,,,Junior,M,56,Single-ply,B,Full Power,National
Standard,150,,,Junior,M,56,Single-ply,D,Full Power,National
Standard,425,,,Junior,M,56,Single-ply,Total,Full Power,National
Standard,107.5,,,Junior,M,56,Single-ply,B,Single Lift,National
Standard,150,,,Junior,M,56,Single-ply,D,Single Lift,National
Standard,197.5,,,Junior,M,60,Single-ply,S,Full Power,National
Standard,125,,,Junior,M,60,Single-ply,B,Full Power,National
Standard,175,,,Junior,M,60,Single-ply,D,Full Power,National
Standard,490,,,Junior,M,60,Single-ply,Total,Full Power,National
Standard,125,,,Junior,M,60,Single-ply,B,Single Lift,National
Standard,175,,,Junior,M,60,Single-ply,D,Single Lift,National
Standard,215,,,Junior,M,67.5,Single-ply,S,Full Power,National
Standard,135,,,Junior,M,67.5,Single-ply,B,Full Power,National
Standard,190,,,Junior,M,67.5,Single-ply,D,Full Power,National
Standard,532.5,,,Junior,M,67.5,Single-ply,Total,Full Power,National
Standard,135,,,Junior,M,67.5,Single-ply,B,Single Lift,National
Standard,190,,,Junior,M,67.5,Single-ply,D,Single Lift,National
Standard,247.5,,,Junior,M,75,Single-ply,S,Full Power,National
Standard,155,,,Junior,M,75,Single-ply,B,Full Power,National
Standard,217.5,,,Junior,M,75,Single-ply,D,Full Power,National
Standard,617.5,,,Junior,M,75,Single-ply,Total,Full Power,National
Standard,155,,,Junior,M,75,Single-ply,B,Single Lift,National
Standard,217.5,,,Junior,M,75,Single-ply,D,Single Lift,National
Standard,267.5,,,Junior,M,82.5,Single-ply,S,Full Power,National
Standard,167.5,,,Junior,M,82.5,Single-ply,B,Full Power,National
Standard,235,,,Junior,M,82.5,Single-ply,D,Full Power,National
Standard,662.5,,,Junior,M,82.5,Single-ply,Total,Full Power,National
Standard,167.5,,,Junior,M,82.5,Single-ply,B,Single Lift,National
Standard,235,,,Junior,M,82.5,Single-ply,D,Single Lift,National
Standard,275,,,Junior,M,90,Single-ply,S,Full Power,National
Standard,172.5,,,Junior,M,90,Single-ply,B,Full Power,National
Standard,240,,,Junior,M,90,Single-ply,D,Full Power,National
Standard,680,,,Junior,M,90,Single-ply,Total,Full Power,National
Standard,172.5,,,Junior,M,90,Single-ply,B,Single Lift,National
Standard,240,,,Junior,M,90,Single-ply,D,Single Lift,National
Standard,285,,,Junior,M,100,Single-ply,S,Full Power,National
Standard,180,,,Junior,M,100,Single-ply,B,Full Power,National
Standard,247.5,,,Junior,M,100,Single-ply,D,Full Power,National
Standard,707.5,,,Junior,M,100,Single-ply,Total,Full Power,National
Standard,180,,,Junior,M,100,Single-ply,B,Single Lift,National
Standard,247.5,,,Junior,M,100,Single-ply,D,Single Lift,National
Standard,300,,,Junior,M,110,Single-ply,S,Full Power,National
Standard,190,,,Junior,M,110,Single-ply,B,Full Power,National
Standard,265,,,Junior,M,110,Single-ply,D,Full Power,National
Standard,750,,,Junior,M,110,Single-ply,Total,Full Power,National
Standard,190,,,Junior,M,110,Single-ply,B,Single Lift,National
Standard,265,,,Junior,M,110,Single-ply,D,Single Lift,National
Standard,315,,,Junior,M,125,Single-ply,S,Full Power,National
Standard,195,,,Junior,M,125,Single-ply,B,Full Power,National
Standard,275,,,Junior,M,125,Single-ply,D,Full Power,National
Standard,780,,,Junior,M,125,Single-ply,Total,Full Power,National
Standard,195,,,Junior,M,125,Single-ply,B,Single Lift,National
Standard,275,,,Junior,M,125,Single-ply,D,Single Lift,National
Standard,327.5,,,Junior,M,140,Single-ply,S,Full Power,National
Standard,205,,,Junior,M,140,Single-ply,B,Full Power,National
Standard,285,,,Junior,M,140,Single-ply,D,Full Power,National
Standard,812.5,,,Junior,M,140,Single-ply,Total,Full Power,National
Standard,205,,,Junior,M,140,Single-ply,B,Single Lift,National
Standard,285,,,Junior,M,140,Single-ply,D,Single Lift,National
Standard,332.5,,,Junior,M,140+,Single-ply,S,Full Power,National
Standard,210,,,Junior,M,140+,Single-ply,B,Full Power,National
Standard,292.5,,,Junior,M,140+,Single-ply,D,Full Power,National
Standard,830,,,Junior,M,140+,Single-ply,Total,Full Power,National
Standard,210,,,Junior,M,140+,Single-ply,B,Single Lift,National
Standard,292.5,,,Junior,M,140+,Single-ply,D,Single Lift,National
Standard,110,,,JuniorDT,M,52,Single-ply,S,Full Power,National
Standard,70,,,JuniorDT,M,52,Single-ply,B,Full Power,National
Standard,95,,,JuniorDT,M,52,Single-ply,D,Full Power,National
Standard,270,,,JuniorDT,M,52,Single-ply,Total,Full Power,National
Standard,70,,,JuniorDT,M,52,Single-ply,B,Single Lift,National
Standard,95,,,JuniorDT,M,52,Single-ply,D,Single Lift,National
Standard,142.5,,,JuniorDT,M,56,Single-ply,S,Full Power,National
Standard,92.5,,,JuniorDT,M,56,Single-ply,B,Full Power,National
Standard,127.5,,,JuniorDT,M,56,Single-ply,D,Full Power,National
Standard,357.5,,,JuniorDT,M,56,Single-ply,Total,Full Power,National
Standard,92.5,,,JuniorDT,M,56,Single-ply,B,Single Lift,National
Standard,127.5,,,JuniorDT,M,56,Single-ply,D,Single Lift,National
Standard,197.5,,,JuniorDT,M,60,Single-ply,S,Full Power,National
Standard,125,,,JuniorDT,M,60,Single-ply,B,Full Power,National
Standard,175,,,JuniorDT,M,60,Single-ply,D,Full Power,National
Standard,492.5,,,JuniorDT,M,60,Single-ply,Total,Full Power,National
Standard,125,,,JuniorDT,M,60,Single-ply,B,Single Lift,National
Standard,175,,,JuniorDT,M,60,Single-ply,D,Single Lift,National
Standard,215,,,JuniorDT,M,67.5,Single-ply,S,Full Power,National
Standard,137.5,,,JuniorDT,M,67.5,Single-ply,B,Full Power,National
Standard,190,,,JuniorDT,M,67.5,Single-ply,D,Full Power,National
Standard,535,,,JuniorDT,M,67.5,Single-ply,Total,Full Power,National
Standard,137.5,,,JuniorDT,M,67.5,Single-ply,B,Single Lift,National
Standard,190,,,JuniorDT,M,67.5,Single-ply,D,Single Lift,National
Standard,235,,,JuniorDT,M,75,Single-ply,S,Full Power,National
Standard,147.5,,,JuniorDT,M,75,Single-ply,B,Full Power,National
Standard,205,,,JuniorDT,M,75,Single-ply,D,Full Power,National
Standard,582.5,,,JuniorDT,M,75,Single-ply,Total,Full Power,National
Standard,147.5,,,JuniorDT,M,75,Single-ply,B,Single Lift,National
Standard,205,,,JuniorDT,M,75,Single-ply,D,Single Lift,National
Standard,245,,,JuniorDT,M,82.5,Single-ply,S,Full Power,National
Standard,152.5,,,JuniorDT,M,82.5,Single-ply,B,Full Power,National
Standard,215,,,JuniorDT,M,82.5,Single-ply,D,Full Power,National
Standard,610,,,JuniorDT,M,82.5,Single-ply,Total,Full Power,National
Standard,152.5,,,JuniorDT,M,82.5,Single-ply,B,Single Lift,National
Standard,215,,,JuniorDT,M,82.5,Single-ply,D,Single Lift,National
Standard,252.5,,,JuniorDT,M,90,Single-ply,S,Full Power,National
Standard,157.5,,,JuniorDT,M,90,Single-ply,B,Full Power,National
Standard,222.5,,,JuniorDT,M,90,Single-ply,D,Full Power,National
Standard,625,,,JuniorDT,M,90,Single-ply,Total,Full Power,National
Ben Hartley,185,27/07/2025,East Midlands,JuniorDT,M,90,Single-ply,B,Single Lift,National
Ben Hartley,222.5,27/07/2025,East Midlands,JuniorDT,M,90,Single-ply,D,Single Lift,National
Standard,262.5,,,JuniorDT,M,100,Single-ply,S,Full Power,National
Standard,165,,,JuniorDT,M,100,Single-ply,B,Full Power,National
Standard,230,,,JuniorDT,M,100,Single-ply,D,Full Power,National
Standard,652.5,,,JuniorDT,M,100,Single-ply,Total,Full Power,National
Standard,165,,,JuniorDT,M,100,Single-ply,B,Single Lift,National
Standard,230,,,JuniorDT,M,100,Single-ply,D,Single Lift,National
Standard,272.5,,,JuniorDT,M,110,Single-ply,S,Full Power,National
Standard,170,,,JuniorDT,M,110,Single-ply,B,Full Power,National
Standard,237.5,,,JuniorDT,M,110,Single-ply,D,Full Power,National
Standard,672.5,,,JuniorDT,M,110,Single-ply,Total,Full Power,National
James Lovell,190,12/04/2026,East Midlands,JuniorDT,M,110,Single-ply,B,Single Lift,National
James Lovell,250,12/04/2026,East Midlands,JuniorDT,M,110,Single-ply,D,Single Lift,National
Standard,277.5,,,JuniorDT,M,125,Single-ply,S,Full Power,National
Standard,175,,,JuniorDT,M,125,Single-ply,B,Full Power,National
Standard,242.5,,,JuniorDT,M,125,Single-ply,D,Full Power,National
Standard,690,,,JuniorDT,M,125,Single-ply,Total,Full Power,National
Standard,175,,,JuniorDT,M,125,Single-ply,B,Single Lift,National
Standard,242.5,,,JuniorDT,M,125,Single-ply,D,Single Lift,National
Standard,285,,,JuniorDT,M,140,Single-ply,S,Full Power,National
Standard,180,,,JuniorDT,M,140,Single-ply,B,Full Power,National
Standard,247.5,,,JuniorDT,M,140,Single-ply,D,Full Power,National
Standard,707.5,,,JuniorDT,M,140,Single-ply,Total,Full Power,National
Standard,180,,,JuniorDT,M,140,Single-ply,B,Single Lift,National
Standard,247.5,,,JuniorDT,M,140,Single-ply,D,Single Lift,National
Standard,290,,,JuniorDT,M,140+,Single-ply,S,Full Power,National
Standard,182.5,,,JuniorDT,M,140+,Single-ply,B,Full Power,National
Standard,255,,,JuniorDT,M,140+,Single-ply,D,Full Power,National
Standard,722.5,,,JuniorDT,M,140+,Single-ply,Total,Full Power,National
Standard,182.5,,,JuniorDT,M,140+,Single-ply,B,Single Lift,National
Standard,255,,,JuniorDT,M,140+,Single-ply,D,Single Lift,National
Standard,147.5,,,M40-49,M,52,Single-ply,S,Full Power,National
Standard,95,,,M40-49,M,52,Single-ply,B,Full Power,National
Standard,130,,,M40-49,M,52,Single-ply,D,Full Power,National
Standard,367.5,,,M40-49,M,52,Single-ply,Total,Full Power,National
Standard,95,,,M40-49,M,52,Single-ply,B,Single Lift,National
Standard,130,,,M40-49,M,52,Single-ply,D,Single Lift,National
Standard,177.5,,,M40-49,M,56,Single-ply,S,Full Power,National
Standard,110,,,M40-49,M,56,Single-ply,B,Full Power,National
Standard,155,,,M40-49,M,56,Single-ply,D,Full Power,National
Standard,435,,,M40-49,M,56,Single-ply,Total,Full Power,National
Standard,110,,,M40-49,M,56,Single-ply,B,Single Lift,National
Standard,155,,,M40-49,M,56,Single-ply,D,Single Lift,National
Standard,202.5,,,M40-49,M,60,Single-ply,S,Full Power,National
Standard,127.5,,,M40-49,M,60,Single-ply,B,Full Power,National
Standard,180,,,M40-49,M,60,Single-ply,D,Full Power,National
Standard,505,,,M40-49,M,60,Single-ply,Total,Full Power,National
Standard,127.5,,,M40-49,M,60,Single-ply,B,Single Lift,National
Standard,180,,,M40-49,M,60,Single-ply,D,Single Lift,National
Standard,222.5,,,M40-49,M,67.5,Single-ply,S,Full Power,National
Standard,140,,,M40-49,M,67.5,Single-ply,B,Full Power,National
Standard,192.5,,,M40-49,M,67.5,Single-ply,D,Full Power,National
Standard,550,,,M40-49,M,67.5,Single-ply,Total,Full Power,National
Standard,140,,,M40-49,M,67.5,Single-ply,B,Single Lift,National
Standard,192.5,,,M40-49,M,67.5,Single-ply,D,Single Lift,National
Standard,255,,,M40-49,M,75,Single-ply,S,Full Power,National
Standard,160,,,M40-49,M,75,Single-ply,B,Full Power,National
Standard,225,,,M40-49,M,75,Single-ply,D,Full Power,National
Standard,635,,,M40-49,M,75,Single-ply,Total,Full Power,National
Standard,160,,,M40-49,M,75,Single-ply,B,Single Lift,National
Standard,225,,,M40-49,M,75,Single-ply,D,Single Lift,National
Standard,275,,,M40-49,M,82.5,Single-ply,S,Full Power,National
Standard,172.5,,,M40-49,M,82.5,Single-ply,B,Full Power,National
Standard,240,,,M40-49,M,82.5,Single-ply,D,Full Power,National
Standard,680,,,M40-49,M,82.5,Single-ply,Total,Full Power,National
Standard,172.5,,,M40-49,M,82.5,Single-ply,B,Single Lift,National
Standard,240,,,M40-49,M,82.5,Single-ply,D,Single Lift,National
Standard,282.5,,,M40-49,M,90,Single-ply,S,Full Power,National
Standard,177.5,,,M40-49,M,90,Single-ply,B,Full Power,National
Standard,245,,,M40-49,M,90,Single-ply,D,Full Power,National
Standard,700,,,M40-49,M,90,Single-ply,Total,Full Power,National
Standard,177.5,,,M40-49,M,90,Single-ply,B,Single Lift,National
Standard,245,,,M40-49,M,90,Single-ply,D,Single Lift,National
Standard,292.5,,,M40-49,M,100,Single-ply,S,Full Power,National
Standard,185,,,M40-49,M,100,Single-ply,B,Full Power,National
Standard,257.5,,,M40-49,M,100,Single-ply,D,Full Power,National
Standard,727.5,,,M40-49,M,100,Single-ply,Total,Full Power,National
Standard,185,,,M40-49,M,100,Single-ply,B,Single Lift,National
Standard,257.5,,,M40-49,M,100,Single-ply,D,Single Lift,National
Standard,310,,,M40-49,M,110,Single-ply,S,Full Power,National
Standard,192.5,,,M40-49,M,110,Single-ply,B,Full Power,National
Standard,272.5,,,M40-49,M,110,Single-ply,D,Full Power,National
Standard,770,,,M40-49,M,110,Single-ply,Total,Full Power,National
Standard,192.5,,,M40-49,M,110,Single-ply,B,Single Lift,National
Standard,272.5,,,M40-49,M,110,Single-ply,D,Single Lift,National
Standard,322.5,,,M40-49,M,125,Single-ply,S,Full Power,National
Standard,202.5,,,M40-49,M,125,Single-ply,B,Full Power,National
Standard,282.5,,,M40-49,M,125,Single-ply,D,Full Power,National
Standard,802.5,,,M40-49,M,125,Single-ply,Total,Full Power,National
Standard,202.5,,,M40-49,M,125,Single-ply,B,Single Lift,National
Standard,282.5,,,M40-49,M,125,Single-ply,D,Single Lift,National
Standard,335,,,M40-49,M,140,Single-ply,S,Full Power,National
Standard,210,,,M40-49,M,140,Single-ply,B,Full Power,National
Standard,295,,,M40-49,M,140,Single-ply,D,Full Power,National
Standard,837.5,,,M40-49,M,140,Single-ply,Total,Full Power,National
Standard,210,,,M40-49,M,140,Single-ply,B,Single Lift,National
Standard,295,,,M40-49,M,140,Single-ply,D,Single Lift,National
Standard,342.5,,,M40-49,M,140+,Single-ply,S,Full Power,National
Standard,215,,,M40-49,M,140+,Single-ply,B,Full Power,National
Standard,300,,,M40-49,M,140+,Single-ply,D,Full Power,National
Standard,855,,,M40-49,M,140+,Single-ply,Total,Full Power,National
Standard,215,,,M40-49,M,140+,Single-ply,B,Single Lift,National
Standard,300,,,M40-49,M,140+,Single-ply,D,Single Lift,National
Standard,130,,,M50-59,M,52,Single-ply,S,Full Power,National
Standard,82.5,,,M50-59,M,52,Single-ply,B,Full Power,National
Standard,115,,,M50-59,M,52,Single-ply,D,Full Power,National
Standard,322.5,,,M50-59,M,52,Single-ply,Total,Full Power,National
Standard,82.5,,,M50-59,M,52,Single-ply,B,Single Lift,National
Standard,115,,,M50-59,M,52,Single-ply,D,Single Lift,National
Standard,155,,,M50-59,M,56,Single-ply,S,Full Power,National
Standard,97.5,,,M50-59,M,56,Single-ply,B,Full Power,National
Standard,137.5,,,M50-59,M,56,Single-ply,D,Full Power,National
Standard,382.5,,,M50-59,M,56,Single-ply,Total,Full Power,National
Standard,97.5,,,M50-59,M,56,Single-ply,B,Single Lift,National
Standard,137.5,,,M50-59,M,56,Single-ply,D,Single Lift,National
Standard,180,,,M50-59,M,60,Single-ply,S,Full Power,National
Standard,112.5,,,M50-59,M,60,Single-ply,B,Full Power,National
Standard,157.5,,,M50-59,M,60,Single-ply,D,Full Power,National
Standard,442.5,,,M50-59,M,60,Single-ply,Total,Full Power,National
Standard,112.5,,,M50-59,M,60,Single-ply,B,Single Lift,National
Standard,157.5,,,M50-59,M,60,Single-ply,D,Single Lift,National
Standard,195,,,M50-59,M,67.5,Single-ply,S,Full Power,National
Standard,122.5,,,M50-59,M,67.5,Single-ply,B,Full Power,National
Standard,172.5,,,M50-59,M,67.5,Single-ply,D,Full Power,National
Standard,482.5,,,M50-59,M,67.5,Single-ply,Total,Full Power,National
Standard,122.5,,,M50-59,M,67.5,Single-ply,B,Single Lift,National
Standard,172.5,,,M50-59,M,67.5,Single-ply,D,Single Lift,National
Standard,225,,,M50-59,M,75,Single-ply,S,Full Power,National
Standard,142.5,,,M50-59,M,75,Single-ply,B,Full Power,National
Standard,195,,,M50-59,M,75,Single-ply,D,Full Power,National
Standard,557.5,,,M50-59,M,75,Single-ply,Total,Full Power,National
Standard,142.5,,,M50-59,M,75,Single-ply,B,Single Lift,National
Standard,195,,,M50-59,M,75,Single-ply,D,Single Lift,National
Standard,240,,,M50-59,M,82.5,Single-ply,S,Full Power,National
Standard,150,,,M50-59,M,82.5,Single-ply,B,Full Power,National
Standard,210,,,M50-59,M,82.5,Single-ply,D,Full Power,National
Standard,597.5,,,M50-59,M,82.5,Single-ply,Total,Full Power,National
Standard,152.5,,,M50-59,M,82.5,Single-ply,B,Single Lift,National
Standard,210,,,M50-59,M,82.5,Single-ply,D,Single Lift,National
Standard,247.5,,,M50-59,M,90,Single-ply,S,Full Power,National
Standard,155,,,M50-59,M,90,Single-ply,B,Full Power,National
Standard,217.5,,,M50-59,M,90,Single-ply,D,Full Power,National
Standard,615,,,M50-59,M,90,Single-ply,Total,Full Power,National
Standard,155,,,M50-59,M,90,Single-ply,B,Single Lift,National
Standard,217.5,,,M50-59,M,90,Single-ply,D,Single Lift,National
Standard,257.5,,,M50-59,M,100,Single-ply,S,Full Power,National
Standard,160,,,M50-59,M,100,Single-ply,B,Full Power,National
Standard,225,,,M50-59,M,100,Single-ply,D,Full Power,National
Standard,637.5,,,M50-59,M,100,Single-ply,Total,Full Power,National
Standard,160,,,M50-59,M,100,Single-ply,B,Single Lift,National
Standard,225,,,M50-59,M,100,Single-ply,D,Single Lift,National
Standard,272.5,,,M50-59,M,110,Single-ply,S,Full Power,National
Standard,170,,,M50-59,M,110,Single-ply,B,Full Power,National
Standard,237.5,,,M50-59,M,110,Single-ply,D,Full Power,National
Standard,675,,,M50-59,M,110,Single-ply,Total,Full Power,National
Standard,170,,,M50-59,M,110,Single-ply,B,Single Lift,National
Standard,237.5,,,M50-59,M,110,Single-ply,D,Single Lift,National
Standard,282.5,,,M50-59,M,125,Single-ply,S,Full Power,National
Standard,177.5,,,M50-59,M,125,Single-ply,B,Full Power,National
Standard,247.5,,,M50-59,M,125,Single-ply,D,Full Power,National
Standard,702.5,,,M50-59,M,125,Single-ply,Total,Full Power,National
Standard,177.5,,,M50-59,M,125,Single-ply,B,Single Lift,National
Standard,247.5,,,M50-59,M,125,Single-ply,D,Single Lift,National
Standard,295,,,M50-59,M,140,Single-ply,S,Full Power,National
Standard,185,,,M50-59,M,140,Single-ply,B,Full Power,National
Standard,257.5,,,M50-59,M,140,Single-ply,D,Full Power,National
Standard,732.5,,,M50-59,M,140,Single-ply,Total,Full Power,National
Standard,185,,,M50-59,M,140,Single-ply,B,Single Lift,National
Standard,257.5,,,M50-59,M,140,Single-ply,D,Single Lift,National
Standard,300,,,M50-59,M,140+,Single-ply,S,Full Power,National
Standard,190,,,M50-59,M,140+,Single-ply,B,Full Power,National
Standard,265,,,M50-59,M,140+,Single-ply,D,Full Power,National
Standard,750,,,M50-59,M,140+,Single-ply,Total,Full Power,National
Standard,190,,,M50-59,M,140+,Single-ply,B,Single Lift,National
Standard,265,,,M50-59,M,140+,Single-ply,D,Single Lift,National
Standard,115,,,M60-69,M,52,Single-ply,S,Full Power,National
Standard,72.5,,,M60-69,M,52,Single-ply,B,Full Power,National
Standard,100,,,M60-69,M,52,Single-ply,D,Full Power,National
Standard,285,,,M60-69,M,52,Single-ply,Total,Full Power,National
Standard,72.5,,,M60-69,M,52,Single-ply,B,Single Lift,National
Standard,100,,,M60-69,M,52,Single-ply,D,Single Lift,National
Standard,137.5,,,M60-69,M,56,Single-ply,S,Full Power,National
Standard,87.5,,,M60-69,M,56,Single-ply,B,Full Power,National
Standard,120,,,M60-69,M,56,Single-ply,D,Full Power,National
Standard,335,,,M60-69,M,56,Single-ply,Total,Full Power,National
Standard,87.5,,,M60-69,M,56,Single-ply,B,Single Lift,National
Standard,120,,,M60-69,M,56,Single-ply,D,Single Lift,National
Standard,157.5,,,M60-69,M,60,Single-ply,S,Full Power,National
Standard,97.5,,,M60-69,M,60,Single-ply,B,Full Power,National
Standard,140,,,M60-69,M,60,Single-ply,D,Full Power,National
Standard,387.5,,,M60-69,M,60,Single-ply,Total,Full Power,National
Standard,97.5,,,M60-69,M,60,Single-ply,B,Single Lift,National
Standard,140,,,M60-69,M,60,Single-ply,D,Single Lift,National
Standard,172.5,,,M60-69,M,67.5,Single-ply,S,Full Power,National
Standard,107.5,,,M60-69,M,67.5,Single-ply,B,Full Power,National
Standard,150,,,M60-69,M,67.5,Single-ply,D,Full Power,National
Standard,425,,,M60-69,M,67.5,Single-ply,Total,Full Power,National
Standard,107.5,,,M60-69,M,67.5,Single-ply,B,Single Lift,National
Standard,150,,,M60-69,M,67.5,Single-ply,D,Single Lift,National
Standard,195,,,M60-69,M,75,Single-ply,S,Full Power,National
Standard,125,,,M60-69,M,75,Single-ply,B,Full Power,National
Standard,172.5,,,M60-69,M,75,Single-ply,D,Full Power,National
Standard,487.5,,,M60-69,M,75,Single-ply,Total,Full Power,National
Standard,125,,,M60-69,M,75,Single-ply,B,Single Lift,National
Standard,172.5,,,M60-69,M,75,Single-ply,D,Single Lift,National
Standard,210,,,M60-69,M,82.5,Single-ply,S,Full Power,National
Standard,132.5,,,M60-69,M,82.5,Single-ply,B,Full Power,National
Standard,185,,,M60-69,M,82.5,Single-ply,D,Full Power,National
Standard,522.5,,,M60-69,M,82.5,Single-ply,Total,Full Power,National
Standard,132.5,,,M60-69,M,82.5,Single-ply,B,Single Lift,National
Standard,185,,,M60-69,M,82.5,Single-ply,D,Single Lift,National
Standard,217.5,,,M60-69,M,90,Single-ply,S,Full Power,National
Standard,137.5,,,M60-69,M,90,Single-ply,B,Full Power,National
Standard,190,,,M60-69,M,90,Single-ply,D,Full Power,National
Standard,537.5,,,M60-69,M,90,Single-ply,Total,Full Power,National
Standard,137.5,,,M60-69,M,90,Single-ply,B,Single Lift,National
Standard,190,,,M60-69,M,90,Single-ply,D,Single Lift,National
Standard,225,,,M60-69,M,100,Single-ply,S,Full Power,National
Standard,142.5,,,M60-69,M,100,Single-ply,B,Full Power,National
Standard,197.5,,,M60-69,M,100,Single-ply,D,Full Power,National
Standard,560,,,M60-69,M,100,Single-ply,Total,Full Power,National
Standard,142.5,,,M60-69,M,100,Single-ply,B,Single Lift,National
Standard,197.5,,,M60-69,M,100,Single-ply,D,Single Lift,National
Standard,237.5,,,M60-69,M,110,Single-ply,S,Full Power,National
Standard,150,,,M60-69,M,110,Single-ply,B,Full Power,National
Standard,210,,,M60-69,M,110,Single-ply,D,Full Power,National
Standard,592.5,,,M60-69,M,110,Single-ply,Total,Full Power,National
Standard,150,,,M60-69,M,110,Single-ply,B,Single Lift,National
Standard,210,,,M60-69,M,110,Single-ply,D,Single Lift,National
Standard,247.5,,,M60-69,M,125,Single-ply,S,Full Power,National
Standard,155,,,M60-69,M,125,Single-ply,B,Full Power,National
Standard,217.5,,,M60-69,M,125,Single-ply,D,Full Power,National
Standard,617.5,,,M60-69,M,125,Single-ply,Total,Full Power,National
Standard,155,,,M60-69,M,125,Single-ply,B,Single Lift,National
Standard,217.5,,,M60-69,M,125,Single-ply,D,Single Lift,National
Standard,257.5,,,M60-69,M,140,Single-ply,S,Full Power,National
Standard,162.5,,,M60-69,M,140,Single-ply,B,Full Power,National
Standard,227.5,,,M60-69,M,140,Single-ply,D,Full Power,National
Standard,642.5,,,M60-69,M,140,Single-ply,Total,Full Power,National
Standard,162.5,,,M60-69,M,140,Single-ply,B,Single Lift,National
Standard,227.5,,,M60-69,M,140,Single-ply,D,Single Lift,National
Standard,265,,,M60-69,M,140+,Single-ply,S,Full Power,National
Standard,165,,,M60-69,M,140+,Single-ply,B,Full Power,National
Standard,232.5,,,M60-69,M,140+,Single-ply,D,Full Power,National
Standard,657.5,,,M60-69,M,140+,Single-ply,Total,Full Power,National
Standard,165,,,M60-69,M,140+,Single-ply,B,Single Lift,National
Standard,232.5,,,M60-69,M,140+,Single-ply,D,Single Lift,National
Standard,112.5,,,M40-49DT,M,52,Single-ply,S,Full Power,National
Standard,70,,,M40-49DT,M,52,Single-ply,B,Full Power,National
Standard,97.5,,,M40-49DT,M,52,Single-ply,D,Full Power,National
Standard,277.5,,,M40-49DT,M,52,Single-ply,Total,Full Power,National
Standard,70,,,M40-49DT,M,52,Single-ply,B,Single Lift,National
Standard,97.5,,,M40-49DT,M,52,Single-ply,D,Single Lift,National
Standard,147.5,,,M40-49DT,M,56,Single-ply,S,Full Power,National
Standard,95,,,M40-49DT,M,56,Single-ply,B,Full Power,National
Standard,130,,,M40-49DT,M,56,Single-ply,D,Full Power,National
Standard,367.5,,,M40-49DT,M,56,Single-ply,Total,Full Power,National
Standard,95,,,M40-49DT,M,56,Single-ply,B,Single Lift,National
Standard,130,,,M40-49DT,M,56,Single-ply,D,Single Lift,National
Standard,205,,,M40-49DT,M,60,Single-ply,S,Full Power,National
Standard,130,,,M40-49DT,M,60,Single-ply,B,Full Power,National
Standard,180,,,M40-49DT,M,60,Single-ply,D,Full Power,National
Standard,507.5,,,M40-49DT,M,60,Single-ply,Total,Full Power,National
Standard,130,,,M40-49DT,M,60,Single-ply,B,Single Lift,National
Standard,180,,,M40-49DT,M,60,Single-ply,D,Single Lift,National
Standard,222.5,,,M40-49DT,M,67.5,Single-ply,S,Full Power,National
Standard,140,,,M40-49DT,M,67.5,Single-ply,B,Full Power,National
Standard,192.5,,,M40-49DT,M,67.5,Single-ply,D,Full Power,National
Standard,550,,,M40-49DT,M,67.5,Single-ply,Total,Full Power,National
Standard,140,,,M40-49DT,M,67.5,Single-ply,B,Single Lift,National
Standard,192.5,,,M40-49DT,M,67.5,Single-ply,D,Single Lift,National
Standard,240,,,M40-49DT,M,75,Single-ply,S,Full Power,National
Standard,150,,,M40-49DT,M,75,Single-ply,B,Full Power,National
Standard,212.5,,,M40-49DT,M,75,Single-ply,D,Full Power,National
Standard,600,,,M40-49DT,M,75,Single-ply,Total,Full Power,National
Standard,150,,,M40-49DT,M,75,Single-ply,B,Single Lift,National
Standard,212.5,,,M40-49DT,M,75,Single-ply,D,Single Lift,National
Standard,290,,,M40-49DT,M,82.5,Single-ply,S,Full Power,National
Paul Campbell,175,12/04/2026,East Midlands,M40-49DT,M,82.5,Single-ply,B,Full Power,National
Paul Campbell,255,12/04/2026,East Midlands,M40-49DT,M,82.5,Single-ply,D,Full Power,National
Paul Campbell,710,12/04/2026,East Midlands,M40-49DT,M,82.5,Single-ply,Total,Full Power,National
Standard,157.5,,,M40-49DT,M,82.5,Single-ply,B,Single Lift,National
Standard,222.5,,,M40-49DT,M,82.5,Single-ply,D,Single Lift,National
Standard,260,,,M40-49DT,M,90,Single-ply,S,Full Power,National
Standard,162.5,,,M40-49DT,M,90,Single-ply,B,Full Power,National
Standard,227.5,,,M40-49DT,M,90,Single-ply,D,Full Power,National
Standard,645,,,M40-49DT,M,90,Single-ply,Total,Full Power,National
Standard,162.5,,,M40-49DT,M,90,Single-ply,B,Single Lift,National
Standard,227.5,,,M40-49DT,M,90,Single-ply,D,Single Lift,National
Standard,270,,,M40-49DT,M,100,Single-ply,S,Full Power,National
Standard,170,,,M40-49DT,M,100,Single-ply,B,Full Power,National
Standard,237.5,,,M40-49DT,M,100,Single-ply,D,Full Power,National
Standard,670,,,M40-49DT,M,100,Single-ply,Total,Full Power,National
Standard,170,,,M40-49DT,M,100,Single-ply,B,Single Lift,National
Tom Gee,282.5,11/05/2025,Nottingham,M40-49DT,M,100,Single-ply,D,Single Lift,National
Standard,280,,,M40-49DT,M,110,Single-ply,S,Full Power,National
Standard,175,,,M40-49DT,M,110,Single-ply,B,Full Power,National
Standard,242.5,,,M40-49DT,M,110,Single-ply,D,Full Power,National
Standard,692.5,,,M40-49DT,M,110,Single-ply,Total,Full Power,National
Standard,175,,,M40-49DT,M,110,Single-ply,B,Single Lift,National
Standard,242.5,,,M40-49DT,M,110,Single-ply,D,Single Lift,National
Standard,285,,,M40-49DT,M,125,Single-ply,S,Full Power,National
Standard,180,,,M40-49DT,M,125,Single-ply,B,Full Power,National
Standard,250,,,M40-49DT,M,125,Single-ply,D,Full Power,National
Standard,712.5,,,M40-49DT,M,125,Single-ply,Total,Full Power,National
Standard,180,,,M40-49DT,M,125,Single-ply,B,Single Lift,National
Standard,250,,,M40-49DT,M,125,Single-ply,D,Single Lift,National
Standard,292.5,,,M40-49DT,M,140,Single-ply,S,Full Power,National
Standard,185,,,M40-49DT,M,140,Single-ply,B,Full Power,National
Standard,257.5,,,M40-49DT,M,140,Single-ply,D,Full Power,National
Standard,727.5,,,M40-49DT,M,140,Single-ply,Total,Full Power,National
Standard,185,,,M40-49DT,M,140,Single-ply,B,Single Lift,National
Standard,257.5,,,M40-49DT,M,140,Single-ply,D,Single Lift,National
Standard,300,,,M40-49DT,M,140+,Single-ply,S,Full Power,National
Standard,190,,,M40-49DT,M,140+,Single-ply,B,Full Power,National
Standard,262.5,,,M40-49DT,M,140+,Single-ply,D,Full Power,National
Standard,745,,,M40-49DT,M,140+,Single-ply,Total,Full Power,National
Standard,190,,,M40-49DT,M,140+,Single-ply,B,Single Lift,National
Standard,262.5,,,M40-49DT,M,140+,Single-ply,D,Single Lift,National
Standard,97.5,,,M50-59DT,M,52,Single-ply,S,Full Power,National
Standard,62.5,,,M50-59DT,M,52,Single-ply,B,Full Power,National
Standard,87.5,,,M50-59DT,M,52,Single-ply,D,Full Power,National
Standard,242.5,,,M50-59DT,M,52,Single-ply,Total,Full Power,National
Standard,62.5,,,M50-59DT,M,52,Single-ply,B,Single Lift,National
Standard,87.5,,,M50-59DT,M,52,Single-ply,D,Single Lift,National
Standard,130,,,M50-59DT,M,56,Single-ply,S,Full Power,National
Standard,82.5,,,M50-59DT,M,56,Single-ply,B,Full Power,National
Standard,115,,,M50-59DT,M,56,Single-ply,D,Full Power,National
Standard,322.5,,,M50-59DT,M,56,Single-ply,Total,Full Power,National
Standard,82.5,,,M50-59DT,M,56,Single-ply,B,Single Lift,National
Standard,115,,,M50-59DT,M,56,Single-ply,D,Single Lift,National
Standard,180,,,M50-59DT,M,60,Single-ply,S,Full Power,National
Standard,112.5,,,M50-59DT,M,60,Single-ply,B,Full Power,National
Standard,157.5,,,M50-59DT,M,60,Single-ply,D,Full Power,National
Standard,445,,,M50-59DT,M,60,Single-ply,Total,Full Power,National
Standard,112.5,,,M50-59DT,M,60,Single-ply,B,Single Lift,National
Standard,157.5,,,M50-59DT,M,60,Single-ply,D,Single Lift,National
Standard,195,,,M50-59DT,M,67.5,Single-ply,S,Full Power,National
Standard,122.5,,,M50-59DT,M,67.5,Single-ply,B,Full Power,National
Standard,172.5,,,M50-59DT,M,67.5,Single-ply,D,Full Power,National
Standard,482.5,,,M50-59DT,M,67.5,Single-ply,Total,Full Power,National
Standard,122.5,,,M50-59DT,M,67.5,Single-ply,B,Single Lift,National
Standard,172.5,,,M50-59DT,M,67.5,Single-ply,D,Single Lift,National
Standard,212.5,,,M50-59DT,M,75,Single-ply,S,Full Power,National
Standard,135,,,M50-59DT,M,75,Single-ply,B,Full Power,National
Standard,187.5,,,M50-59DT,M,75,Single-ply,D,Full Power,National
Standard,525,,,M50-59DT,M,75,Single-ply,Total,Full Power,National
Standard,135,,,M50-59DT,M,75,Single-ply,B,Single Lift,National
Standard,187.5,,,M50-59DT,M,75,Single-ply,D,Single Lift,National
Standard,222.5,,,M50-59DT,M,82.5,Single-ply,S,Full Power,National
Standard,140,,,M50-59DT,M,82.5,Single-ply,B,Full Power,National
Standard,192.5,,,M50-59DT,M,82.5,Single-ply,D,Full Power,National
Standard,550,,,M50-59DT,M,82.5,Single-ply,Total,Full Power,National
Standard,140,,,M50-59DT,M,82.5,Single-ply,B,Single Lift,National
Standard,192.5,,,M50-59DT,M,82.5,Single-ply,D,Single Lift,National
Standard,230,,,M50-59DT,M,90,Single-ply,S,Full Power,National
Standard,142.5,,,M50-59DT,M,90,Single-ply,B,Full Power,National
Standard,200,,,M50-59DT,M,90,Single-ply,D,Full Power,National
Standard,567.5,,,M50-59DT,M,90,Single-ply,Total,Full Power,National
Standard,142.5,,,M50-59DT,M,90,Single-ply,B,Single Lift,National
Standard,200,,,M50-59DT,M,90,Single-ply,D,Single Lift,National
Standard,237.5,,,M50-59DT,M,100,Single-ply,S,Full Power,National
Standard,147.5,,,M50-59DT,M,100,Single-ply,B,Full Power,National
Standard,207.5,,,M50-59DT,M,100,Single-ply,D,Full Power,National
Standard,587.5,,,M50-59DT,M,100,Single-ply,Total,Full Power,National
Standard,147.5,,,M50-59DT,M,100,Single-ply,B,Single Lift,National
Standard,207.5,,,M50-59DT,M,100,Single-ply,D,Single Lift,National
Standard,242.5,,,M50-59DT,M,110,Single-ply,S,Full Power,National
Standard,152.5,,,M50-59DT,M,110,Single-ply,B,Full Power,National
Standard,215,,,M50-59DT,M,110,Single-ply,D,Full Power,National
Standard,607.5,,,M50-59DT,M,110,Single-ply,Total,Full Power,National
Standard,152.5,,,M50-59DT,M,110,Single-ply,B,Single Lift,National
Standard,215,,,M50-59DT,M,110,Single-ply,D,Single Lift,National
Ian Ryan,307.5,12/04/2026,East Midlands,M50-59DT,M,125,Single-ply,S,Full Power,National
Ian Ryan,185,12/04/2026,East Midlands,M50-59DT,M,125,Single-ply,B,Full Power,National
Ian Ryan,240,12/04/2026,East Midlands,M50-59DT,M,125,Single-ply,D,Full Power,National
Ian Ryan,732.5,12/04/2026,East Midlands,M50-59DT,M,125,Single-ply,Total,Full Power,National
Standard,157.5,,,M50-59DT,M,125,Single-ply,B,Single Lift,National
Standard,220,,,M50-59DT,M,125,Single-ply,D,Single Lift,National
Standard,257.5,,,M50-59DT,M,140,Single-ply,S,Full Power,National
Standard,160,,,M50-59DT,M,140,Single-ply,B,Full Power,National
Standard,225,,,M50-59DT,M,140,Single-ply,D,Full Power,National
Standard,637.5,,,M50-59DT,M,140,Single-ply,Total,Full Power,National
Standard,160,,,M50-59DT,M,140,Single-ply,B,Single Lift,National
Standard,225,,,M50-59DT,M,140,Single-ply,D,Single Lift,National
Standard,262.5,,,M50-59DT,M,140+,Single-ply,S,Full Power,National
Standard,165,,,M50-59DT,M,140+,Single-ply,B,Full Power,National
Standard,230,,,M50-59DT,M,140+,Single-ply,D,Full Power,National
Standard,652.5,,,M50-59DT,M,140+,Single-ply,Total,Full Power,National
Standard,165,,,M50-59DT,M,140+,Single-ply,B,Single Lift,National
Standard,230,,,M50-59DT,M,140+,Single-ply,D,Single Lift,National
Standard,87.5,,,M60-69DT,M,52,Single-ply,S,Full Power,National
Standard,55,,,M60-69DT,M,52,Single-ply,B,Full Power,National
Standard,77.5,,,M60-69DT,M,52,Single-ply,D,Full Power,National
Standard,215,,,M60-69DT,M,52,Single-ply,Total,Full Power,National
Standard,55,,,M60-69DT,M,52,Single-ply,B,Single Lift,National
Standard,77.5,,,M60-69DT,M,52,Single-ply,D,Single Lift,National
Standard,115,,,M60-69DT,M,56,Single-ply,S,Full Power,National
Standard,72.5,,,M60-69DT,M,56,Single-ply,B,Full Power,National
Standard,100,,,M60-69DT,M,56,Single-ply,D,Full Power,National
Standard,285,,,M60-69DT,M,56,Single-ply,Total,Full Power,National
Standard,72.5,,,M60-69DT,M,56,Single-ply,B,Single Lift,National
Standard,100,,,M60-69DT,M,56,Single-ply,D,Single Lift,National
Standard,157.5,,,M60-69DT,M,60,Single-ply,S,Full Power,National
Standard,97.5,,,M60-69DT,M,60,Single-ply,B,Full Power,National
Standard,140,,,M60-69DT,M,60,Single-ply,D,Full Power,National
Standard,390,,,M60-69DT,M,60,Single-ply,Total,Full Power,National
Standard,97.5,,,M60-69DT,M,60,Single-ply,B,Single Lift,National
Standard,140,,,M60-69DT,M,60,Single-ply,D,Single Lift,National
Standard,172.5,,,M60-69DT,M,67.5,Single-ply,S,Full Power,National
Standard,107.5,,,M60-69DT,M,67.5,Single-ply,B,Full Power,National
Standard,150,,,M60-69DT,M,67.5,Single-ply,D,Full Power,National
Standard,425,,,M60-69DT,M,67.5,Single-ply,Total,Full Power,National
Standard,107.5,,,M60-69DT,M,67.5,Single-ply,B,Single Lift,National
Standard,150,,,M60-69DT,M,67.5,Single-ply,D,Single Lift,National
Standard,187.5,,,M60-69DT,M,75,Single-ply,S,Full Power,National
Standard,117.5,,,M60-69DT,M,75,Single-ply,B,Full Power,National
Standard,162.5,,,M60-69DT,M,75,Single-ply,D,Full Power,National
Standard,462.5,,,M60-69DT,M,75,Single-ply,Total,Full Power,National
Standard,117.5,,,M60-69DT,M,75,Single-ply,B,Single Lift,National
Standard,162.5,,,M60-69DT,M,75,Single-ply,D,Single Lift,National
Standard,195,,,M60-69DT,M,82.5,Single-ply,S,Full Power,National
Standard,122.5,,,M60-69DT,M,82.5,Single-ply,B,Full Power,National
Standard,172.5,,,M60-69DT,M,82.5,Single-ply,D,Full Power,National
Standard,482.5,,,M60-69DT,M,82.5,Single-ply,Total,Full Power,National
Standard,122.5,,,M60-69DT,M,82.5,Single-ply,B,Single Lift,National
Standard,172.5,,,M60-69DT,M,82.5,Single-ply,D,Single Lift,National
Standard,200,,,M60-69DT,M,90,Single-ply,S,Full Power,National
Kevin Barrs,160,12/04/2026,East Midlands,M60-69DT,M,90,Single-ply,B,Full Power,National
Standard,177.5,,,M60-69DT,M,90,Single-ply,D,Full Power,National
Standard,497.5,,,M60-69DT,M,90,Single-ply,Total,Full Power,National
Kevin Barrs,157.5,18/01/2026,Lincoln,M60-69DT,M,90,Single-ply,B,Single Lift,National
Standard,177.5,,,M60-69DT,M,90,Single-ply,D,Single Lift,National
Standard,207.5,,,M60-69DT,M,100,Single-ply,S,Full Power,National
Standard,132.5,,,M60-69DT,M,100,Single-ply,B,Full Power,National
Standard,182.5,,,M60-69DT,M,100,Single-ply,D,Full Power,National
Standard,517.5,,,M60-69DT,M,100,Single-ply,Total,Full Power,National
Standard,132.5,,,M60-69DT,M,100,Single-ply,B,Single Lift,National
Standard,182.5,,,M60-69DT,M,100,Single-ply,D,Single Lift,National
Standard,215,,,M60-69DT,M,110,Single-ply,S,Full Power,National
Standard,135,,,M60-69DT,M,110,Single-ply,B,Full Power,National
Standard,190,,,M60-69DT,M,110,Single-ply,D,Full Power,National
Standard,532.5,,,M60-69DT,M,110,Single-ply,Total,Full Power,National
Standard,135,,,M60-69DT,M,110,Single-ply,B,Single Lift,National
Standard,190,,,M60-69DT,M,110,Single-ply,D,Single Lift,National
Standard,220,,,M60-69DT,M,125,Single-ply,S,Full Power,National
Standard,140,,,M60-69DT,M,125,Single-ply,B,Full Power,National
Standard,192.5,,,M60-69DT,M,125,Single-ply,D,Full Power,National
Standard,547.5,,,M60-69DT,M,125,Single-ply,Total,Full Power,National
Standard,140,,,M60-69DT,M,125,Single-ply,B,Single Lift,National
Standard,192.5,,,M60-69DT,M,125,Single-ply,D,Single Lift,National
Standard,225,,,M60-69DT,M,140,Single-ply,S,Full Power,National
Standard,142.5,,,M60-69DT,M,140,Single-ply,B,Full Power,National
Standard,197.5,,,M60-69DT,M,140,Single-ply,D,Full Power,National
Standard,560,,,M60-69DT,M,140,Single-ply,Total,Full Power,National
Standard,142.5,,,M60-69DT,M,140,Single-ply,B,Single Lift,National
Standard,197.5,,,M60-69DT,M,140,Single-ply,D,Single Lift,National
Standard,230,,,M60-69DT,M,140+,Single-ply,S,Full Power,National
Standard,142.5,,,M60-69DT,M,140+,Single-ply,B,Full Power,National
Standard,200,,,M60-69DT,M,140+,Single-ply,D,Full Power,National
Standard,570,,,M60-69DT,M,140+,Single-ply,Total,Full Power,National
Standard,142.5,,,M60-69DT,M,140+,Single-ply,B,Single Lift,National
Standard,200,,,M60-69DT,M,140+,Single-ply,D,Single Lift,National
Standard,105,,,M70-79,M,52,Single-ply,S,Full Power,National
Standard,67.5,,,M70-79,M,52,Single-ply,B,Full Power,National
Standard,90,,,M70-79,M,52,Single-ply,D,Full Power,National
Standard,257.5,,,M70-79,M,52,Single-ply,Total,Full Power,National
Standard,67.5,,,M70-79,M,52,Single-ply,B,Single Lift,National
Standard,90,,,M70-79,M,52,Single-ply,D,Single Lift,National
Standard,125,,,M70-79,M,56,Single-ply,S,Full Power,National
Standard,80,,,M70-79,M,56,Single-ply,B,Full Power,National
Standard,110,,,M70-79,M,56,Single-ply,D,Full Power,National
Standard,302.5,,,M70-79,M,56,Single-ply,Total,Full Power,National
Standard,80,,,M70-79,M,56,Single-ply,B,Single Lift,National
Standard,110,,,M70-79,M,56,Single-ply,D,Single Lift,National
Standard,142.5,,,M70-79,M,60,Single-ply,S,Full Power,National
Standard,90,,,M70-79,M,60,Single-ply,B,Full Power,National
Standard,127.5,,,M70-79,M,60,Single-ply,D,Full Power,National
Standard,350,,,M70-79,M,60,Single-ply,Total,Full Power,National
Standard,90,,,M70-79,M,60,Single-ply,B,Single Lift,National
Standard,127.5,,,M70-79,M,60,Single-ply,D,Single Lift,National
Standard,157.5,,,M70-79,M,67.5,Single-ply,S,Full Power,National
Standard,97.5,,,M70-79,M,67.5,Single-ply,B,Full Power,National
Standard,135,,,M70-79,M,67.5,Single-ply,D,Full Power,National
Standard,382.5,,,M70-79,M,67.5,Single-ply,Total,Full Power,National
Standard,97.5,,,M70-79,M,67.5,Single-ply,B,Single Lift,National
Standard,135,,,M70-79,M,67.5,Single-ply,D,Single Lift,National
Standard,177.5,,,M70-79,M,75,Single-ply,S,Full Power,National
Standard,112.5,,,M70-79,M,75,Single-ply,B,Full Power,National
Standard,157.5,,,M70-79,M,75,Single-ply,D,Full Power,National
Standard,440,,,M70-79,M,75,Single-ply,Total,Full Power,National
Standard,112.5,,,M70-79,M,75,Single-ply,B,Single Lift,National
Standard,157.5,,,M70-79,M,75,Single-ply,D,Single Lift,National
Standard,190,,,M70-79,M,82.5,Single-ply,S,Full Power,National
Standard,120,,,M70-79,M,82.5,Single-ply,B,Full Power,National
Standard,167.5,,,M70-79,M,82.5,Single-ply,D,Full Power,National
Standard,472.5,,,M70-79,M,82.5,Single-ply,Total,Full Power,National
Standard,120,,,M70-79,M,82.5,Single-ply,B,Single Lift,National
Standard,167.5,,,M70-79,M,82.5,Single-ply,D,Single Lift,National
Standard,197.5,,,M70-79,M,90,Single-ply,S,Full Power,National
Standard,125,,,M70-79,M,90,Single-ply,B,Full Power,National
Standard,172.5,,,M70-79,M,90,Single-ply,D,Full Power,National
Standard,485,,,M70-79,M,90,Single-ply,Total,Full Power,National
Standard,125,,,M70-79,M,90,Single-ply,B,Single Lift,National
Standard,172.5,,,M70-79,M,90,Single-ply,D,Single Lift,National
Standard,202.5,,,M70-79,M,100,Single-ply,S,Full Power,National
Standard,130,,,M70-79,M,100,Single-ply,B,Full Power,National
Standard,180,,,M70-79,M,100,Single-ply,D,Full Power,National
Standard,505,,,M70-79,M,100,Single-ply,Total,Full Power,National
Standard,130,,,M70-79,M,100,Single-ply,B,Single Lift,National
Standard,180,,,M70-79,M,100,Single-ply,D,Single Lift,National
Standard,215,,,M70-79,M,110,Single-ply,S,Full Power,National
Standard,135,,,M70-79,M,110,Single-ply,B,Full Power,National
Standard,190,,,M70-79,M,110,Single-ply,D,Full Power,National
Standard,535,,,M70-79,M,110,Single-ply,Total,Full Power,National
Standard,135,,,M70-79,M,110,Single-ply,B,Single Lift,National
Standard,190,,,M70-79,M,110,Single-ply,D,Single Lift,National
Standard,225,,,M70-79,M,125,Single-ply,S,Full Power,National
Standard,140,,,M70-79,M,125,Single-ply,B,Full Power,National
Standard,197.5,,,M70-79,M,125,Single-ply,D,Full Power,National
Standard,557.5,,,M70-79,M,125,Single-ply,Total,Full Power,National
Standard,140,,,M70-79,M,125,Single-ply,B,Single Lift,National
Standard,197.5,,,M70-79,M,125,Single-ply,D,Single Lift,National
Standard,232.5,,,M70-79,M,140,Single-ply,S,Full Power,National
Standard,147.5,,,M70-79,M,140,Single-ply,B,Full Power,National
Standard,205,,,M70-79,M,140,Single-ply,D,Full Power,National
Standard,580,,,M70-79,M,140,Single-ply,Total,Full Power,National
Standard,147.5,,,M70-79,M,140,Single-ply,B,Single Lift,National
Standard,205,,,M70-79,M,140,Single-ply,D,Single Lift,National
Standard,240,,,M70-79,M,140+,Single-ply,S,Full Power,National
Standard,150,,,M70-79,M,140+,Single-ply,B,Full Power,National
Standard,210,,,M70-79,M,140+,Single-ply,D,Full Power,National
Standard,592.5,,,M70-79,M,140+,Single-ply,Total,Full Power,National
Standard,150,,,M70-79,M,140+,Single-ply,B,Single Lift,National
Standard,210,,,M70-79,M,140+,Single-ply,D,Single Lift,National
Standard,80,,,M70-79DT,M,52,Single-ply,S,Full Power,National
Standard,50,,,M70-79DT,M,52,Single-ply,B,Full Power,National
Standard,70,,,M70-79DT,M,52,Single-ply,D,Full Power,National
Standard,195,,,M70-79DT,M,52,Single-ply,Total,Full Power,National
Standard,50,,,M70-79DT,M,52,Single-ply,B,Single Lift,National
Standard,70,,,M70-79DT,M,52,Single-ply,D,Single Lift,National
Standard,105,,,M70-79DT,M,56,Single-ply,S,Full Power,National
Standard,67.5,,,M70-79DT,M,56,Single-ply,B,Full Power,National
Standard,90,,,M70-79DT,M,56,Single-ply,D,Full Power,National
Standard,257.5,,,M70-79DT,M,56,Single-ply,Total,Full Power,National
Standard,67.5,,,M70-79DT,M,56,Single-ply,B,Single Lift,National
Standard,90,,,M70-79DT,M,56,Single-ply,D,Single Lift,National
Standard,142.5,,,M70-79DT,M,60,Single-ply,S,Full Power,National
Standard,90,,,M70-79DT,M,60,Single-ply,B,Full Power,National
Standard,127.5,,,M70-79DT,M,60,Single-ply,D,Full Power,National
Standard,352.5,,,M70-79DT,M,60,Single-ply,Total,Full Power,National
Standard,90,,,M70-79DT,M,60,Single-ply,B,Single Lift,National
Standard,127.5,,,M70-79DT,M,60,Single-ply,D,Single Lift,National
Standard,157.5,,,M70-79DT,M,67.5,Single-ply,S,Full Power,National
Standard,97.5,,,M70-79DT,M,67.5,Single-ply,B,Full Power,National
Standard,135,,,M70-79DT,M,67.5,Single-ply,D,Full Power,National
Standard,382.5,,,M70-79DT,M,67.5,Single-ply,Total,Full Power,National
Standard,97.5,,,M70-79DT,M,67.5,Single-ply,B,Single Lift,National
Standard,135,,,M70-79DT,M,67.5,Single-ply,D,Single Lift,National
Standard,170,,,M70-79DT,M,75,Single-ply,S,Full Power,National
Standard,107.5,,,M70-79DT,M,75,Single-ply,B,Full Power,National
Standard,147.5,,,M70-79DT,M,75,Single-ply,D,Full Power,National
Standard,417.5,,,M70-79DT,M,75,Single-ply,Total,Full Power,National
Standard,107.5,,,M70-79DT,M,75,Single-ply,B,Single Lift,National
Standard,147.5,,,M70-79DT,M,75,Single-ply,D,Single Lift,National
Standard,177.5,,,M70-79DT,M,82.5,Single-ply,S,Full Power,National
Standard,112.5,,,M70-79DT,M,82.5,Single-ply,B,Full Power,National
Standard,157.5,,,M70-79DT,M,82.5,Single-ply,D,Full Power,National
Standard,435,,,M70-79DT,M,82.5,Single-ply,Total,Full Power,National
Standard,112.5,,,M70-79DT,M,82.5,Single-ply,B,Single Lift,National
Standard,157.5,,,M70-79DT,M,82.5,Single-ply,D,Single Lift,National
Standard,180,,,M70-79DT,M,90,Single-ply,S,Full Power,National
Standard,140,,,M70-79DT,M,90,Single-ply,B,Full Power,National
Standard,160,,,M70-79DT,M,90,Single-ply,D,Full Power,National
Standard,450,,,M70-79DT,M,90,Single-ply,Total,Full Power,National
Standard,142.5,,,M70-79DT,M,90,Single-ply,B,Single Lift,National
Standard,160,,,M70-79DT,M,90,Single-ply,D,Single Lift,National
Standard,187.5,,,M70-79DT,M,100,Single-ply,S,Full Power,National
Standard,120,,,M70-79DT,M,100,Single-ply,B,Full Power,National
Standard,165,,,M70-79DT,M,100,Single-ply,D,Full Power,National
Standard,467.5,,,M70-79DT,M,100,Single-ply,Total,Full Power,National
Standard,120,,,M70-79DT,M,100,Single-ply,B,Single Lift,National
Standard,165,,,M70-79DT,M,100,Single-ply,D,Single Lift,National
Standard,195,,,M70-79DT,M,110,Single-ply,S,Full Power,National
Standard,122.5,,,M70-79DT,M,110,Single-ply,B,Full Power,National
Standard,172.5,,,M70-79DT,M,110,Single-ply,D,Full Power,National
Standard,480,,,M70-79DT,M,110,Single-ply,Total,Full Power,National
Standard,122.5,,,M70-79DT,M,110,Single-ply,B,Single Lift,National
Standard,172.5,,,M70-79DT,M,110,Single-ply,D,Single Lift,National
Standard,200,,,M70-79DT,M,125,Single-ply,S,Full Power,National
Standard,127.5,,,M70-79DT,M,125,Single-ply,B,Full Power,National
Standard,175,,,M70-79DT,M,125,Single-ply,D,Full Power,National
Standard,495,,,M70-79DT,M,125,Single-ply,Total,Full Power,National
Standard,127.5,,,M70-79DT,M,125,Single-ply,B,Single Lift,National
Standard,175,,,M70-79DT,M,125,Single-ply,D,Single Lift,National
Standard,202.5,,,M70-79DT,M,140,Single-ply,S,Full Power,National
Standard,130,,,M70-79DT,M,140,Single-ply,B,Full Power,National
Standard,180,,,M70-79DT,M,140,Single-ply,D,Full Power,National
Standard,505,,,M70-79DT,M,140,Single-ply,Total,Full Power,National
Standard,130,,,M70-79DT,M,140,Single-ply,B,Single Lift,National
Standard,180,,,M70-79DT,M,140,Single-ply,D,Single Lift,National
Standard,207.5,,,M70-79DT,M,140+,Single-ply,S,Full Power,National
Standard,130,,,M70-79DT,M,140+,Single-ply,B,Full Power,National
Standard,180,,,M70-79DT,M,140+,Single-ply,D,Full Power,National
Standard,515,,,M70-79DT,M,140+,Single-ply,Total,Full Power,National
Standard,130,,,M70-79DT,M,140+,Single-ply,B,Single Lift,National
Standard,180,,,M70-79DT,M,140+,Single-ply,D,Single Lift,National
Standard,117.5,,,Open,F,44,Single-ply,S,Full Power,National
Standard,75,,,Open,F,44,Single-ply,B,Full Power,National
Standard,102.5,,,Open,F,44,Single-ply,D,Full Power,National
Standard,287.5,,,Open,F,44,Single-ply,Total,Full Power,National
Standard,75,,,Open,F,44,Single-ply,B,Single Lift,National
Standard,102.5,,,Open,F,44,Single-ply,D,Single Lift,National
Standard,127.5,,,Open,F,48,Single-ply,S,Full Power,National
Standard,80,,,Open,F,48,Single-ply,B,Full Power,National
Standard,112.5,,,Open,F,48,Single-ply,D,Full Power,National
Standard,315,,,Open,F,48,Single-ply,Total,Full Power,National
Standard,80,,,Open,F,48,Single-ply,B,Single Lift,National
Standard,112.5,,,Open,F,48,Single-ply,D,Single Lift,National
Standard,145,,,Open,F,52,Single-ply,S,Full Power,National
Standard,92.5,,,Open,F,52,Single-ply,B,Full Power,National
Standard,130,,,Open,F,52,Single-ply,D,Full Power,National
Standard,362.5,,,Open,F,52,Single-ply,Total,Full Power,National
Standard,92.5,,,Open,F,52,Single-ply,B,Single Lift,National
Standard,130,,,Open,F,52,Single-ply,D,Single Lift,National
Standard,162.5,,,Open,F,56,Single-ply,S,Full Power,National
Standard,100,,,Open,F,56,Single-ply,B,Full Power,National
Standard,142.5,,,Open,F,56,Single-ply,D,Full Power,National
Standard,400,,,Open,F,56,Single-ply,Total,Full Power,National
Standard,100,,,Open,F,56,Single-ply,B,Single Lift,National
Standard,142.5,,,Open,F,56,Single-ply,D,Single Lift,National
Standard,177.5,,,Open,F,60,Single-ply,S,Full Power,National
Standard,110,,,Open,F,60,Single-ply,B,Full Power,National
Standard,155,,,Open,F,60,Single-ply,D,Full Power,National
Standard,435,,,Open,F,60,Single-ply,Total,Full Power,National
Standard,110,,,Open,F,60,Single-ply,B,Single Lift,National
Standard,155,,,Open,F,60,Single-ply,D,Single Lift,National
Standard,185,,,Open,F,67.5,Single-ply,S,Full Power,National
Standard,115,,,Open,F,67.5,Single-ply,B,Full Power,National
Standard,162.5,,,Open,F,67.5,Single-ply,D,Full Power,National
Standard,457.5,,,Open,F,67.5,Single-ply,Total,Full Power,National
Standard,115,,,Open,F,67.5,Single-ply,B,Single Lift,National
Standard,162.5,,,Open,F,67.5,Single-ply,D,Single Lift,National
Standard,195,,,Open,F,75,Single-ply,S,Full Power,National
Standard,122.5,,,Open,F,75,Single-ply,B,Full Power,National
Standard,172.5,,,Open,F,75,Single-ply,D,Full Power,National
Standard,485,,,Open,F,75,Single-ply,Total,Full Power,National
Standard,122.5,,,Open,F,75,Single-ply,B,Single Lift,National
Standard,172.5,,,Open,F,75,Single-ply,D,Single Lift,National
Standard,200,,,Open,F,82.5,Single-ply,S,Full Power,National
Standard,127.5,,,Open,F,82.5,Single-ply,B,Full Power,National
Standard,177.5,,,Open,F,82.5,Single-ply,D,Full Power,National
Standard,500,,,Open,F,82.5,Single-ply,Total,Full Power,National
Standard,127.5,,,Open,F,82.5,Single-ply,B,Single Lift,National
Standard,177.5,,,Open,F,82.5,Single-ply,D,Single Lift,National
Standard,207.5,,,Open,F,90,Single-ply,S,Full Power,National
Standard,132.5,,,Open,F,90,Single-ply,B,Full Power,National
Standard,182.5,,,Open,F,90,Single-ply,D,Full Power,National
Standard,517.5,,,Open,F,90,Single-ply,Total,Full Power,National
Standard,132.5,,,Open,F,90,Single-ply,B,Single Lift,National
Standard,182.5,,,Open,F,90,Single-ply,D,Single Lift,National
Standard,220,,,Open,F,100,Single-ply,S,Full Power,National
Standard,137.5,,,Open,F,100,Single-ply,B,Full Power,National
Standard,190,,,Open,F,100,Single-ply,D,Full Power,National
Standard,542.5,,,Open,F,100,Single-ply,Total,Full Power,National
Standard,112.5,,,Open,F,100,Single-ply,B,Single Lift,National
Standard,197.5,,,Open,F,100,Single-ply,D,Single Lift,National
Standard,230,,,Open,F,110,Single-ply,S,Full Power,National
Standard,142.5,,,Open,F,110,Single-ply,B,Full Power,National
Standard,200,,,Open,F,110,Single-ply,D,Full Power,National
Standard,570,,,Open,F,110,Single-ply,Total,Full Power,National
Standard,122.5,,,Open,F,110,Single-ply,B,Single Lift,National
Standard,212.5,,,Open,F,110,Single-ply,D,Single Lift,National
Standard,240,,,Open,F,110+,Single-ply,S,Full Power,National
Standard,150,,,Open,F,110+,Single-ply,B,Full Power,National
Standard,212.5,,,Open,F,110+,Single-ply,D,Full Power,National
Standard,600,,,Open,F,110+,Single-ply,Total,Full Power,National
Standard,132.5,,,Open,F,110+,Single-ply,B,Single Lift,National
Standard,232.5,,,Open,F,110+,Single-ply,D,Single Lift,National
Standard,97.5,,,OpenDT,F,44,Single-ply,S,Full Power,National
Standard,50,,,OpenDT,F,44,Single-ply,B,Full Power,National
Standard,87.5,,,OpenDT,F,44,Single-ply,D,Full Power,National
Standard,242.5,,,OpenDT,F,44,Single-ply,Total,Full Power,National
Standard,50,,,OpenDT,F,44,Single-ply,B,Single Lift,National
Standard,87.5,,,OpenDT,F,44,Single-ply,D,Single Lift,National
Standard,140,,,OpenDT,F,48,Single-ply,S,Full Power,National
Standard,70,,,OpenDT,F,48,Single-ply,B,Full Power,National
Standard,122.5,,,OpenDT,F,48,Single-ply,D,Full Power,National
Standard,340,,,OpenDT,F,48,Single-ply,Total,Full Power,National
Standard,70,,,OpenDT,F,48,Single-ply,B,Single Lift,National
Standard,122.5,,,OpenDT,F,48,Single-ply,D,Single Lift,National
Standard,155,,,OpenDT,F,52,Single-ply,S,Full Power,National
Standard,80,,,OpenDT,F,52,Single-ply,B,Full Power,National
Standard,137.5,,,OpenDT,F,52,Single-ply,D,Full Power,National
Standard,382.5,,,OpenDT,F,52,Single-ply,Total,Full Power,National
Standard,80,,,OpenDT,F,52,Single-ply,B,Single Lift,National
Standard,137.5,,,OpenDT,F,52,Single-ply,D,Single Lift,National
Standard,162.5,,,OpenDT,F,56,Single-ply,S,Full Power,National
Standard,82.5,,,OpenDT,F,56,Single-ply,B,Full Power,National
Linzi Waite,147.5,12/04/2026,East Midlands,OpenDT,F,56,Single-ply,D,Full Power,National
Standard,405,,,OpenDT,F,56,Single-ply,Total,Full Power,National
Linzi Waite,82.5,07/12/2025,National Championships,OpenDT,F,56,Single-ply,B,Single Lift,National
Linzi Waite,142.5,07/12/2025,National Championships,OpenDT,F,56,Single-ply,D,Single Lift,National
Standard,172.5,,,OpenDT,F,60,Single-ply,S,Full Power,National
Standard,87.5,,,OpenDT,F,60,Single-ply,B,Full Power,National
Standard,150,,,OpenDT,F,60,Single-ply,D,Full Power,National
Standard,427.5,,,OpenDT,F,60,Single-ply,Total,Full Power,National
Standard,87.5,,,OpenDT,F,60,Single-ply,B,Single Lift,National
Standard,150,,,OpenDT,F,60,Single-ply,D,Single Lift,National
Standard,180,,,OpenDT,F,67.5,Single-ply,S,Full Power,National
Standard,92.5,,,OpenDT,F,67.5,Single-ply,B,Full Power,National
Standard,157.5,,,OpenDT,F,67.5,Single-ply,D,Full Power,National
Standard,445,,,OpenDT,F,67.5,Single-ply,Total,Full Power,National
Standard,92.5,,,OpenDT,F,67.5,Single-ply,B,Single Lift,National
Standard,157.5,,,OpenDT,F,67.5,Single-ply,D,Single Lift,National
Standard,187.5,,,OpenDT,F,75,Single-ply,S,Full Power,National
Standard,95,,,OpenDT,F,75,Single-ply,B,Full Power,National
Standard,162.5,,,OpenDT,F,75,Single-ply,D,Full Power,National
Standard,460,,,OpenDT,F,75,Single-ply,Total,Full Power,National
Standard,95,,,OpenDT,F,75,Single-ply,B,Single Lift,National
Standard,162.5,,,OpenDT,F,75,Single-ply,D,Single Lift,National
Standard,192.5,,,OpenDT,F,82.5,Single-ply,S,Full Power,National
Standard,97.5,,,OpenDT,F,82.5,Single-ply,B,Full Power,National
Standard,170,,,OpenDT,F,82.5,Single-ply,D,Full Power,National
Standard,477.5,,,OpenDT,F,82.5,Single-ply,Total,Full Power,National
Amanda Riman,102.5,05/10/2025,South West,OpenDT,F,82.5,Single-ply,B,Single Lift,National
Standard,170,,,OpenDT,F,82.5,Single-ply,D,Single Lift,National
Standard,200,,,OpenDT,F,90,Single-ply,S,Full Power,National
Standard,100,,,OpenDT,F,90,Single-ply,B,Full Power,National
Standard,175,,,OpenDT,F,90,Single-ply,D,Full Power,National
Standard,495,,,OpenDT,F,90,Single-ply,Total,Full Power,National
Standard,100,,,OpenDT,F,90,Single-ply,B,Single Lift,National
Standard,175,,,OpenDT,F,90,Single-ply,D,Single Lift,National
Standard,210,,,OpenDT,F,100,Single-ply,S,Full Power,National
Standard,132.5,,,OpenDT,F,100,Single-ply,B,Full Power,National
Standard,185,,,OpenDT,F,100,Single-ply,D,Full Power,National
Standard,522.5,,,OpenDT,F,100,Single-ply,Total,Full Power,National
Standard,107.5,,,OpenDT,F,100,Single-ply,B,Single Lift,National
Standard,190,,,OpenDT,F,100,Single-ply,D,Single Lift,National
Standard,220,,,OpenDT,F,110,Single-ply,S,Full Power,National
Standard,140,,,OpenDT,F,110,Single-ply,B,Full Power,National
Standard,192.5,,,OpenDT,F,110,Single-ply,D,Full Power,National
Standard,547.5,,,OpenDT,F,110,Single-ply,Total,Full Power,National
Standard,117.5,,,OpenDT,F,110,Single-ply,B,Single Lift,National
Standard,205,,,OpenDT,F,110,Single-ply,D,Single Lift,National
Standard,232.5,,,OpenDT,F,110+,Single-ply,S,Full Power,National
Standard,145,,,OpenDT,F,110+,Single-ply,B,Full Power,National
Standard,202.5,,,OpenDT,F,110+,Single-ply,D,Full Power,National
Standard,575,,,OpenDT,F,110+,Single-ply,Total,Full Power,National
Standard,127.5,,,OpenDT,F,110+,Single-ply,B,Single Lift,National
Standard,222.5,,,OpenDT,F,110+,Single-ply,D,Single Lift,National
Standard,62.5,,,T14-15,F,44,Single-ply,S,Full Power,National
Standard,40,,,T14-15,F,44,Single-ply,B,Full Power,National
Standard,55,,,T14-15,F,44,Single-ply,D,Full Power,National
Standard,152.5,,,T14-15,F,44,Single-ply,Total,Full Power,National
Standard,40,,,T14-15,F,44,Single-ply,B,Single Lift,National
Standard,55,,,T14-15,F,44,Single-ply,D,Single Lift,National
Standard,70,,,T14-15,F,48,Single-ply,S,Full Power,National
Standard,45,,,T14-15,F,48,Single-ply,B,Full Power,National
Standard,60,,,T14-15,F,48,Single-ply,D,Full Power,National
Standard,170,,,T14-15,F,48,Single-ply,Total,Full Power,National
Standard,45,,,T14-15,F,48,Single-ply,B,Single Lift,National
Standard,60,,,T14-15,F,48,Single-ply,D,Single Lift,National
Standard,80,,,T14-15,F,52,Single-ply,S,Full Power,National
Standard,50,,,T14-15,F,52,Single-ply,B,Full Power,National
Standard,70,,,T14-15,F,52,Single-ply,D,Full Power,National
Standard,192.5,,,T14-15,F,52,Single-ply,Total,Full Power,National
Standard,50,,,T14-15,F,52,Single-ply,B,Single Lift,National
Standard,70,,,T14-15,F,52,Single-ply,D,Single Lift,National
Standard,87.5,,,T14-15,F,56,Single-ply,S,Full Power,National
Standard,55,,,T14-15,F,56,Single-ply,B,Full Power,National
Standard,77.5,,,T14-15,F,56,Single-ply,D,Full Power,National
Standard,212.5,,,T14-15,F,56,Single-ply,Total,Full Power,National
Standard,55,,,T14-15,F,56,Single-ply,B,Single Lift,National
Standard,77.5,,,T14-15,F,56,Single-ply,D,Single Lift,National
Standard,95,,,T14-15,F,60,Single-ply,S,Full Power,National
Standard,60,,,T14-15,F,60,Single-ply,B,Full Power,National
Standard,82.5,,,T14-15,F,60,Single-ply,D,Full Power,National
Standard,232.5,,,T14-15,F,60,Single-ply,Total,Full Power,National
Standard,60,,,T14-15,F,60,Single-ply,B,Single Lift,National
Standard,82.5,,,T14-15,F,60,Single-ply,D,Single Lift,National
Standard,127.5,,,T14-15,F,67.5,Single-ply,S,Full Power,National
Standard,80,,,T14-15,F,67.5,Single-ply,B,Full Power,National
Standard,112.5,,,T14-15,F,67.5,Single-ply,D,Full Power,National
Standard,315,,,T14-15,F,67.5,Single-ply,Total,Full Power,National
Standard,80,,,T14-15,F,67.5,Single-ply,B,Single Lift,National
Standard,112.5,,,T14-15,F,67.5,Single-ply,D,Single Lift,National
Standard,105,,,T14-15,F,75,Single-ply,S,Full Power,National
Standard,65,,,T14-15,F,75,Single-ply,B,Full Power,National
Standard,92.5,,,T14-15,F,75,Single-ply,D,Full Power,National
Standard,257.5,,,T14-15,F,75,Single-ply,Total,Full Power,National
Standard,65,,,T14-15,F,75,Single-ply,B,Single Lift,National
Standard,92.5,,,T14-15,F,75,Single-ply,D,Single Lift,National
Standard,107.5,,,T14-15,F,82.5,Single-ply,S,Full Power,National
Standard,67.5,,,T14-15,F,82.5,Single-ply,B,Full Power,National
Standard,95,,,T14-15,F,82.5,Single-ply,D,Full Power,National
Standard,267.5,,,T14-15,F,82.5,Single-ply,Total,Full Power,National
Standard,67.5,,,T14-15,F,82.5,Single-ply,B,Single Lift,National
Standard,95,,,T14-15,F,82.5,Single-ply,D,Single Lift,National
Standard,110,,,T14-15,F,90,Single-ply,S,Full Power,National
Standard,70,,,T14-15,F,90,Single-ply,B,Full Power,National
Standard,97.5,,,T14-15,F,90,Single-ply,D,Full Power,National
Standard,275,,,T14-15,F,90,Single-ply,Total,Full Power,National
Standard,70,,,T14-15,F,90,Single-ply,B,Single Lift,National
Standard,97.5,,,T14-15,F,90,Single-ply,D,Single Lift,National
Standard,115,,,T14-15,F,100,Single-ply,S,Full Power,National
Standard,72.5,,,T14-15,F,100,Single-ply,B,Full Power,National
Standard,100,,,T14-15,F,100,Single-ply,D,Full Power,National
Standard,285,,,T14-15,F,100,Single-ply,Total,Full Power,National
Standard,60,,,T14-15,F,100,Single-ply,B,Single Lift,National
Standard,105,,,T14-15,F,100,Single-ply,D,Single Lift,National
Standard,122.5,,,T14-15,F,110,Single-ply,S,Full Power,National
Standard,77.5,,,T14-15,F,110,Single-ply,B,Full Power,National
Standard,107.5,,,T14-15,F,110,Single-ply,D,Full Power,National
Standard,300,,,T14-15,F,110,Single-ply,Total,Full Power,National
Standard,65,,,T14-15,F,110,Single-ply,B,Single Lift,National
Standard,112.5,,,T14-15,F,110,Single-ply,D,Single Lift,National
Standard,130,,,T14-15,F,110+,Single-ply,S,Full Power,National
Standard,82.5,,,T14-15,F,110+,Single-ply,B,Full Power,National
Standard,112.5,,,T14-15,F,110+,Single-ply,D,Full Power,National
Standard,317.5,,,T14-15,F,110+,Single-ply,Total,Full Power,National
Standard,70,,,T14-15,F,110+,Single-ply,B,Single Lift,National
Standard,122.5,,,T14-15,F,110+,Single-ply,D,Single Lift,National
Standard,52.5,,,T14-15DT,F,44,Single-ply,S,Full Power,National
Standard,27.5,,,T14-15DT,F,44,Single-ply,B,Full Power,National
Standard,47.5,,,T14-15DT,F,44,Single-ply,D,Full Power,National
Standard,130,,,T14-15DT,F,44,Single-ply,Total,Full Power,National
Standard,27.5,,,T14-15DT,F,44,Single-ply,B,Single Lift,National
Standard,47.5,,,T14-15DT,F,44,Single-ply,D,Single Lift,National
Standard,75,,,T14-15DT,F,48,Single-ply,S,Full Power,National
Standard,40,,,T14-15DT,F,48,Single-ply,B,Full Power,National
Standard,65,,,T14-15DT,F,48,Single-ply,D,Full Power,National
Standard,182.5,,,T14-15DT,F,48,Single-ply,Total,Full Power,National
Standard,40,,,T14-15DT,F,48,Single-ply,B,Single Lift,National
Standard,65,,,T14-15DT,F,48,Single-ply,D,Single Lift,National
Standard,82.5,,,T14-15DT,F,52,Single-ply,S,Full Power,National
Standard,42.5,,,T14-15DT,F,52,Single-ply,B,Full Power,National
Standard,72.5,,,T14-15DT,F,52,Single-ply,D,Full Power,National
Standard,202.5,,,T14-15DT,F,52,Single-ply,Total,Full Power,National
Standard,42.5,,,T14-15DT,F,52,Single-ply,B,Single Lift,National
Standard,72.5,,,T14-15DT,F,52,Single-ply,D,Single Lift,National
Standard,90,,,T14-15DT,F,56,Single-ply,S,Full Power,National
Standard,47.5,,,T14-15DT,F,56,Single-ply,B,Full Power,National
Standard,77.5,,,T14-15DT,F,56,Single-ply,D,Full Power,National
Standard,217.5,,,T14-15DT,F,56,Single-ply,Total,Full Power,National
Standard,47.5,,,T14-15DT,F,56,Single-ply,B,Single Lift,National
Standard,77.5,,,T14-15DT,F,56,Single-ply,D,Single Lift,National
Standard,95,,,T14-15DT,F,60,Single-ply,S,Full Power,National
Standard,47.5,,,T14-15DT,F,60,Single-ply,B,Full Power,National
Standard,82.5,,,T14-15DT,F,60,Single-ply,D,Full Power,National
Standard,230,,,T14-15DT,F,60,Single-ply,Total,Full Power,National
Standard,47.5,,,T14-15DT,F,60,Single-ply,B,Single Lift,National
Standard,82.5,,,T14-15DT,F,60,Single-ply,D,Single Lift,National
Standard,95,,,T14-15DT,F,67.5,Single-ply,S,Full Power,National
Standard,47.5,,,T14-15DT,F,67.5,Single-ply,B,Full Power,National
Standard,85,,,T14-15DT,F,67.5,Single-ply,D,Full Power,National
Standard,237.5,,,T14-15DT,F,67.5,Single-ply,Total,Full Power,National
Standard,47.5,,,T14-15DT,F,67.5,Single-ply,B,Single Lift,National
Standard,85,,,T14-15DT,F,67.5,Single-ply,D,Single Lift,National
Standard,97.5,,,T14-15DT,F,75,Single-ply,S,Full Power,National
Standard,50,,,T14-15DT,F,75,Single-ply,B,Full Power,National
Standard,87.5,,,T14-15DT,F,75,Single-ply,D,Full Power,National
Standard,242.5,,,T14-15DT,F,75,Single-ply,Total,Full Power,National
Standard,50,,,T14-15DT,F,75,Single-ply,B,Single Lift,National
Standard,87.5,,,T14-15DT,F,75,Single-ply,D,Single Lift,National
Standard,102.5,,,T14-15DT,F,82.5,Single-ply,S,Full Power,National
Standard,52.5,,,T14-15DT,F,82.5,Single-ply,B,Full Power,National
Standard,92.5,,,T14-15DT,F,82.5,Single-ply,D,Full Power,National
Standard,255,,,T14-15DT,F,82.5,Single-ply,Total,Full Power,National
Standard,52.5,,,T14-15DT,F,82.5,Single-ply,B,Single Lift,National
Standard,92.5,,,T14-15DT,F,82.5,Single-ply,D,Single Lift,National
Standard,97.5,,,T14-15DT,F,90,Single-ply,S,Full Power,National
Standard,50,,,T14-15DT,F,90,Single-ply,B,Full Power,National
Standard,87.5,,,T14-15DT,F,90,Single-ply,D,Full Power,National
Standard,242.5,,,T14-15DT,F,90,Single-ply,Total,Full Power,National
Standard,50,,,T14-15DT,F,90,Single-ply,B,Single Lift,National
Standard,87.5,,,T14-15DT,F,90,Single-ply,D,Single Lift,National
Standard,112.5,,,T14-15DT,F,100,Single-ply,S,Full Power,National
Standard,70,,,T14-15DT,F,100,Single-ply,B,Full Power,National
Standard,97.5,,,T14-15DT,F,100,Single-ply,D,Full Power,National
Standard,277.5,,,T14-15DT,F,100,Single-ply,Total,Full Power,National
Standard,57.5,,,T14-15DT,F,100,Single-ply,B,Single Lift,National
Standard,100,,,T14-15DT,F,100,Single-ply,D,Single Lift,National
Standard,117.5,,,T14-15DT,F,110,Single-ply,S,Full Power,National
Standard,75,,,T14-15DT,F,110,Single-ply,B,Full Power,National
Standard,102.5,,,T14-15DT,F,110,Single-ply,D,Full Power,National
Standard,287.5,,,T14-15DT,F,110,Single-ply,Total,Full Power,National
Standard,62.5,,,T14-15DT,F,110,Single-ply,B,Single Lift,National
Standard,107.5,,,T14-15DT,F,110,Single-ply,D,Single Lift,National
Standard,67.5,,,T14-15DT,F,110+,Single-ply,B,Single Lift,National
Standard,117.5,,,T14-15DT,F,110+,Single-ply,D,Single Lift,National
Standard,72.5,,,T16-17,F,44,Single-ply,S,Full Power,National
Standard,47.5,,,T16-17,F,44,Single-ply,B,Full Power,National
Standard,65,,,T16-17,F,44,Single-ply,D,Full Power,National
Standard,180,,,T16-17,F,44,Single-ply,Total,Full Power,National
Standard,47.5,,,T16-17,F,44,Single-ply,B,Single Lift,National
Standard,65,,,T16-17,F,44,Single-ply,D,Single Lift,National
Standard,82.5,,,T16-17,F,48,Single-ply,S,Full Power,National
Standard,50,,,T16-17,F,48,Single-ply,B,Full Power,National
Standard,72.5,,,T16-17,F,48,Single-ply,D,Full Power,National
Standard,197.5,,,T16-17,F,48,Single-ply,Total,Full Power,National
Standard,50,,,T16-17,F,48,Single-ply,B,Single Lift,National
Standard,72.5,,,T16-17,F,48,Single-ply,D,Single Lift,National
Standard,92.5,,,T16-17,F,52,Single-ply,S,Full Power,National
Standard,57.5,,,T16-17,F,52,Single-ply,B,Full Power,National
Standard,82.5,,,T16-17,F,52,Single-ply,D,Full Power,National
Standard,227.5,,,T16-17,F,52,Single-ply,Total,Full Power,National
Standard,57.5,,,T16-17,F,52,Single-ply,B,Single Lift,National
Standard,82.5,,,T16-17,F,52,Single-ply,D,Single Lift,National
Standard,100,,,T16-17,F,56,Single-ply,S,Full Power,National
Standard,62.5,,,T16-17,F,56,Single-ply,B,Full Power,National
Standard,90,,,T16-17,F,56,Single-ply,D,Full Power,National
Standard,247.5,,,T16-17,F,56,Single-ply,Total,Full Power,National
Standard,62.5,,,T16-17,F,56,Single-ply,B,Single Lift,National
Standard,90,,,T16-17,F,56,Single-ply,D,Single Lift,National
Standard,110,,,T16-17,F,60,Single-ply,S,Full Power,National
Standard,70,,,T16-17,F,60,Single-ply,B,Full Power,National
Standard,95,,,T16-17,F,60,Single-ply,D,Full Power,National
Standard,272.5,,,T16-17,F,60,Single-ply,Total,Full Power,National
Standard,70,,,T16-17,F,60,Single-ply,B,Single Lift,National
Standard,95,,,T16-17,F,60,Single-ply,D,Single Lift,National
Standard,127.5,,,T16-17,F,67.5,Single-ply,S,Full Power,National
Standard,80,,,T16-17,F,67.5,Single-ply,B,Full Power,National
Standard,112.5,,,T16-17,F,67.5,Single-ply,D,Full Power,National
Standard,315,,,T16-17,F,67.5,Single-ply,Total,Full Power,National
Standard,80,,,T16-17,F,67.5,Single-ply,B,Single Lift,National
Standard,112.5,,,T16-17,F,67.5,Single-ply,D,Single Lift,National
Standard,122.5,,,T16-17,F,75,Single-ply,S,Full Power,National
Standard,77.5,,,T16-17,F,75,Single-ply,B,Full Power,National
Standard,107.5,,,T16-17,F,75,Single-ply,D,Full Power,National
Standard,300,,,T16-17,F,75,Single-ply,Total,Full Power,National
Standard,77.5,,,T16-17,F,75,Single-ply,B,Single Lift,National
Standard,107.5,,,T16-17,F,75,Single-ply,D,Single Lift,National
Standard,127.5,,,T16-17,F,82.5,Single-ply,S,Full Power,National
Standard,80,,,T16-17,F,82.5,Single-ply,B,Full Power,National
Standard,110,,,T16-17,F,82.5,Single-ply,D,Full Power,National
Standard,312.5,,,T16-17,F,82.5,Single-ply,Total,Full Power,National
Standard,80,,,T16-17,F,82.5,Single-ply,B,Single Lift,National
Standard,110,,,T16-17,F,82.5,Single-ply,D,Single Lift,National
Standard,130,,,T16-17,F,90,Single-ply,S,Full Power,National
Standard,82.5,,,T16-17,F,90,Single-ply,B,Full Power,National
Standard,115,,,T16-17,F,90,Single-ply,D,Full Power,National
Standard,322.5,,,T16-17,F,90,Single-ply,Total,Full Power,National
Standard,82.5,,,T16-17,F,90,Single-ply,B,Single Lift,National
Standard,115,,,T16-17,F,90,Single-ply,D,Single Lift,National
Standard,137.5,,,T16-17,F,100,Single-ply,S,Full Power,National
Standard,87.5,,,T16-17,F,100,Single-ply,B,Full Power,National
Standard,120,,,T16-17,F,100,Single-ply,D,Full Power,National
Standard,335,,,T16-17,F,100,Single-ply,Total,Full Power,National
Standard,70,,,T16-17,F,100,Single-ply,B,Single Lift,National
Standard,122.5,,,T16-17,F,100,Single-ply,D,Single Lift,National
Standard,142.5,,,T16-17,F,110,Single-ply,S,Full Power,National
Standard,90,,,T16-17,F,110,Single-ply,B,Full Power,National
Standard,125,,,T16-17,F,110,Single-ply,D,Full Power,National
Standard,352.5,,,T16-17,F,110,Single-ply,Total,Full Power,National
Standard,77.5,,,T16-17,F,110,Single-ply,B,Single Lift,National
Standard,132.5,,,T16-17,F,110,Single-ply,D,Single Lift,National
Standard,150,,,T16-17,F,110+,Single-ply,S,Full Power,National
Standard,95,,,T16-17,F,110+,Single-ply,B,Full Power,National
Standard,132.5,,,T16-17,F,110+,Single-ply,D,Full Power,National
Standard,372.5,,,T16-17,F,110+,Single-ply,Total,Full Power,National
Standard,82.5,,,T16-17,F,110+,Single-ply,B,Single Lift,National
Standard,142.5,,,T16-17,F,110+,Single-ply,D,Single Lift,National
Standard,62.5,,,T16-17DT,F,44,Single-ply,S,Full Power,National
Standard,32.5,,,T16-17DT,F,44,Single-ply,B,Full Power,National
Standard,55,,,T16-17DT,F,44,Single-ply,D,Full Power,National
Standard,150,,,T16-17DT,F,44,Single-ply,Total,Full Power,National
Standard,32.5,,,T16-17DT,F,44,Single-ply,B,Single Lift,National
Standard,55,,,T16-17DT,F,44,Single-ply,D,Single Lift,National
Standard,87.5,,,T16-17DT,F,48,Single-ply,S,Full Power,National
Standard,45,,,T16-17DT,F,48,Single-ply,B,Full Power,National
Standard,77.5,,,T16-17DT,F,48,Single-ply,D,Full Power,National
Standard,212.5,,,T16-17DT,F,48,Single-ply,Total,Full Power,National
Standard,45,,,T16-17DT,F,48,Single-ply,B,Single Lift,National
Standard,77.5,,,T16-17DT,F,48,Single-ply,D,Single Lift,National
Standard,95,,,T16-17DT,F,52,Single-ply,S,Full Power,National
Standard,47.5,,,T16-17DT,F,52,Single-ply,B,Full Power,National
Standard,85,,,T16-17DT,F,52,Single-ply,D,Full Power,National
Standard,237.5,,,T16-17DT,F,52,Single-ply,Total,Full Power,National
Standard,47.5,,,T16-17DT,F,52,Single-ply,B,Single Lift,National
Standard,85,,,T16-17DT,F,52,Single-ply,D,Single Lift,National
Standard,102.5,,,T16-17DT,F,56,Single-ply,S,Full Power,National
Standard,52.5,,,T16-17DT,F,56,Single-ply,B,Full Power,National
Standard,92.5,,,T16-17DT,F,56,Single-ply,D,Full Power,National
Standard,252.5,,,T16-17DT,F,56,Single-ply,Total,Full Power,National
Standard,52.5,,,T16-17DT,F,56,Single-ply,B,Single Lift,National
Standard,92.5,,,T16-17DT,F,56,Single-ply,D,Single Lift,National
Standard,107.5,,,T16-17DT,F,60,Single-ply,S,Full Power,National
Standard,55,,,T16-17DT,F,60,Single-ply,B,Full Power,National
Standard,95,,,T16-17DT,F,60,Single-ply,D,Full Power,National
Standard,267.5,,,T16-17DT,F,60,Single-ply,Total,Full Power,National
Standard,55,,,T16-17DT,F,60,Single-ply,B,Single Lift,National
Standard,95,,,T16-17DT,F,60,Single-ply,D,Single Lift,National
Standard,112.5,,,T16-17DT,F,67.5,Single-ply,S,Full Power,National
Standard,57.5,,,T16-17DT,F,67.5,Single-ply,B,Full Power,National
Standard,97.5,,,T16-17DT,F,67.5,Single-ply,D,Full Power,National
Standard,277.5,,,T16-17DT,F,67.5,Single-ply,Total,Full Power,National
Standard,57.5,,,T16-17DT,F,67.5,Single-ply,B,Single Lift,National
Standard,97.5,,,T16-17DT,F,67.5,Single-ply,D,Single Lift,National
Standard,115,,,T16-17DT,F,75,Single-ply,S,Full Power,National
Standard,57.5,,,T16-17DT,F,75,Single-ply,B,Full Power,National
Standard,100,,,T16-17DT,F,75,Single-ply,D,Full Power,National
Standard,285,,,T16-17DT,F,75,Single-ply,Total,Full Power,National
Standard,57.5,,,T16-17DT,F,75,Single-ply,B,Single Lift,National
Standard,100,,,T16-17DT,F,75,Single-ply,D,Single Lift,National
Standard,120,,,T16-17DT,F,82.5,Single-ply,S,Full Power,National
Standard,60,,,T16-17DT,F,82.5,Single-ply,B,Full Power,National
Standard,105,,,T16-17DT,F,82.5,Single-ply,D,Full Power,National
Standard,297.5,,,T16-17DT,F,82.5,Single-ply,Total,Full Power,National
Standard,60,,,T16-17DT,F,82.5,Single-ply,B,Single Lift,National
Standard,105,,,T16-17DT,F,82.5,Single-ply,D,Single Lift,National
Standard,115,,,T16-17DT,F,90,Single-ply,S,Full Power,National
Standard,57.5,,,T16-17DT,F,90,Single-ply,B,Full Power,National
Standard,100,,,T16-17DT,F,90,Single-ply,D,Full Power,National
Standard,285,,,T16-17DT,F,90,Single-ply,Total,Full Power,National
Standard,57.5,,,T16-17DT,F,90,Single-ply,B,Single Lift,National
Standard,100,,,T16-17DT,F,90,Single-ply,D,Single Lift,National
Standard,132.5,,,T16-17DT,F,100,Single-ply,S,Full Power,National
Standard,82.5,,,T16-17DT,F,100,Single-ply,B,Full Power,National
Standard,115,,,T16-17DT,F,100,Single-ply,D,Full Power,National
Standard,325,,,T16-17DT,F,100,Single-ply,Total,Full Power,National
Standard,67.5,,,T16-17DT,F,100,Single-ply,B,Single Lift,National
Standard,117.5,,,T16-17DT,F,100,Single-ply,D,Single Lift,National
Standard,137.5,,,T16-17DT,F,110,Single-ply,S,Full Power,National
Standard,87.5,,,T16-17DT,F,110,Single-ply,B,Full Power,National
Standard,120,,,T16-17DT,F,110,Single-ply,D,Full Power,National
Standard,337.5,,,T16-17DT,F,110,Single-ply,Total,Full Power,National
Standard,72.5,,,T16-17DT,F,110,Single-ply,B,Single Lift,National
Standard,127.5,,,T16-17DT,F,110,Single-ply,D,Single Lift,National
Standard,142.5,,,T16-17DT,F,110+,Single-ply,S,Full Power,National
Standard,92.5,,,T16-17DT,F,110+,Single-ply,B,Full Power,National
Standard,127.5,,,T16-17DT,F,110+,Single-ply,D,Full Power,National
Standard,357.5,,,T16-17DT,F,110+,Single-ply,Total,Full Power,National
Standard,80,,,T16-17DT,F,110+,Single-ply,B,Single Lift,National
Standard,140,,,T16-17DT,F,110+,Single-ply,D,Single Lift,National
Standard,87.5,,,T18-19,F,44,Single-ply,S,Full Power,National
Standard,52.5,,,T18-19,F,44,Single-ply,B,Full Power,National
Standard,75,,,T18-19,F,44,Single-ply,D,Full Power,National
Standard,210,,,T18-19,F,44,Single-ply,Total,Full Power,National
Standard,52.5,,,T18-19,F,44,Single-ply,B,Single Lift,National
Standard,75,,,T18-19,F,44,Single-ply,D,Single Lift,National
Standard,95,,,T18-19,F,48,Single-ply,S,Full Power,National
Standard,60,,,T18-19,F,48,Single-ply,B,Full Power,National
Standard,82.5,,,T18-19,F,48,Single-ply,D,Full Power,National
Standard,232.5,,,T18-19,F,48,Single-ply,Total,Full Power,National
Standard,60,,,T18-19,F,48,Single-ply,B,Single Lift,National
Standard,82.5,,,T18-19,F,48,Single-ply,D,Single Lift,National
Standard,107.5,,,T18-19,F,52,Single-ply,S,Full Power,National
Standard,67.5,,,T18-19,F,52,Single-ply,B,Full Power,National
Standard,95,,,T18-19,F,52,Single-ply,D,Full Power,National
Standard,265,,,T18-19,F,52,Single-ply,Total,Full Power,National
Standard,67.5,,,T18-19,F,52,Single-ply,B,Single Lift,National
Standard,95,,,T18-19,F,52,Single-ply,D,Single Lift,National
Standard,117.5,,,T18-19,F,56,Single-ply,S,Full Power,National
Standard,75,,,T18-19,F,56,Single-ply,B,Full Power,National
Standard,102.5,,,T18-19,F,56,Single-ply,D,Full Power,National
Standard,290,,,T18-19,F,56,Single-ply,Total,Full Power,National
Standard,75,,,T18-19,F,56,Single-ply,B,Single Lift,National
Standard,102.5,,,T18-19,F,56,Single-ply,D,Single Lift,National
Standard,130,,,T18-19,F,60,Single-ply,S,Full Power,National
Standard,82.5,,,T18-19,F,60,Single-ply,B,Full Power,National
Standard,112.5,,,T18-19,F,60,Single-ply,D,Full Power,National
Standard,317.5,,,T18-19,F,60,Single-ply,Total,Full Power,National
Standard,82.5,,,T18-19,F,60,Single-ply,B,Single Lift,National
Standard,112.5,,,T18-19,F,60,Single-ply,D,Single Lift,National
Standard,127.5,,,T18-19,F,67.5,Single-ply,S,Full Power,National
Standard,80,,,T18-19,F,67.5,Single-ply,B,Full Power,National
Standard,112.5,,,T18-19,F,67.5,Single-ply,D,Full Power,National
Standard,315,,,T18-19,F,67.5,Single-ply,Total,Full Power,National
Standard,80,,,T18-19,F,67.5,Single-ply,B,Single Lift,National
Standard,112.5,,,T18-19,F,67.5,Single-ply,D,Single Lift,National
Standard,142.5,,,T18-19,F,75,Single-ply,S,Full Power,National
Standard,90,,,T18-19,F,75,Single-ply,B,Full Power,National
Standard,125,,,T18-19,F,75,Single-ply,D,Full Power,National
Standard,352.5,,,T18-19,F,75,Single-ply,Total,Full Power,National
Standard,90,,,T18-19,F,75,Single-ply,B,Single Lift,National
Standard,125,,,T18-19,F,75,Single-ply,D,Single Lift,National
Standard,147.5,,,T18-19,F,82.5,Single-ply,S,Full Power,National
Standard,95,,,T18-19,F,82.5,Single-ply,B,Full Power,National
Standard,130,,,T18-19,F,82.5,Single-ply,D,Full Power,National
Standard,365,,,T18-19,F,82.5,Single-ply,Total,Full Power,National
Standard,95,,,T18-19,F,82.5,Single-ply,B,Single Lift,National
Standard,130,,,T18-19,F,82.5,Single-ply,D,Single Lift,National
Standard,152.5,,,T18-19,F,90,Single-ply,S,Full Power,National
Standard,95,,,T18-19,F,90,Single-ply,B,Full Power,National
Standard,135,,,T18-19,F,90,Single-ply,D,Full Power,National
Standard,377.5,,,T18-19,F,90,Single-ply,Total,Full Power,National
Standard,95,,,T18-19,F,90,Single-ply,B,Single Lift,National
Standard,135,,,T18-19,F,90,Single-ply,D,Single Lift,National
Standard,157.5,,,T18-19,F,100,Single-ply,S,Full Power,National
Standard,100,,,T18-19,F,100,Single-ply,B,Full Power,National
Standard,140,,,T18-19,F,100,Single-ply,D,Full Power,National
Standard,392.5,,,T18-19,F,100,Single-ply,Total,Full Power,National
Standard,82.5,,,T18-19,F,100,Single-ply,B,Single Lift,National
Standard,142.5,,,T18-19,F,100,Single-ply,D,Single Lift,National
Standard,167.5,,,T18-19,F,110,Single-ply,S,Full Power,National
Standard,105,,,T18-19,F,110,Single-ply,B,Full Power,National
Standard,145,,,T18-19,F,110,Single-ply,D,Full Power,National
Standard,415,,,T18-19,F,110,Single-ply,Total,Full Power,National
Standard,90,,,T18-19,F,110,Single-ply,B,Single Lift,National
Standard,155,,,T18-19,F,110,Single-ply,D,Single Lift,National
Standard,177.5,,,T18-19,F,110+,Single-ply,S,Full Power,National
Standard,110,,,T18-19,F,110+,Single-ply,B,Full Power,National
Standard,155,,,T18-19,F,110+,Single-ply,D,Full Power,National
Standard,435,,,T18-19,F,110+,Single-ply,Total,Full Power,National
Standard,95,,,T18-19,F,110+,Single-ply,B,Single Lift,National
Standard,167.5,,,T18-19,F,110+,Single-ply,D,Single Lift,National
Standard,72.5,,,T18-19DT,F,44,Single-ply,S,Full Power,National
Standard,37.5,,,T18-19DT,F,44,Single-ply,B,Full Power,National
Standard,62.5,,,T18-19DT,F,44,Single-ply,D,Full Power,National
Standard,177.5,,,T18-19DT,F,44,Single-ply,Total,Full Power,National
Standard,37.5,,,T18-19DT,F,44,Single-ply,B,Single Lift,National
Standard,62.5,,,T18-19DT,F,44,Single-ply,D,Single Lift,National
Standard,100,,,T18-19DT,F,48,Single-ply,S,Full Power,National
Standard,50,,,T18-19DT,F,48,Single-ply,B,Full Power,National
Standard,90,,,T18-19DT,F,48,Single-ply,D,Full Power,National
Standard,247.5,,,T18-19DT,F,48,Single-ply,Total,Full Power,National
Standard,50,,,T18-19DT,F,48,Single-ply,B,Single Lift,National
Standard,90,,,T18-19DT,F,48,Single-ply,D,Single Lift,National
Standard,112.5,,,T18-19DT,F,52,Single-ply,S,Full Power,National
Standard,57.5,,,T18-19DT,F,52,Single-ply,B,Full Power,National
Standard,97.5,,,T18-19DT,F,52,Single-ply,D,Full Power,National
Standard,280,,,T18-19DT,F,52,Single-ply,Total,Full Power,National
Standard,57.5,,,T18-19DT,F,52,Single-ply,B,Single Lift,National
Standard,97.5,,,T18-19DT,F,52,Single-ply,D,Single Lift,National
Standard,120,,,T18-19DT,F,56,Single-ply,S,Full Power,National
Standard,60,,,T18-19DT,F,56,Single-ply,B,Full Power,National
Standard,105,,,T18-19DT,F,56,Single-ply,D,Full Power,National
Standard,295,,,T18-19DT,F,56,Single-ply,Total,Full Power,National
Standard,60,,,T18-19DT,F,56,Single-ply,B,Single Lift,National
Standard,105,,,T18-19DT,F,56,Single-ply,D,Single Lift,National
Standard,127.5,,,T18-19DT,F,60,Single-ply,S,Full Power,National
Standard,65,,,T18-19DT,F,60,Single-ply,B,Full Power,National
Standard,110,,,T18-19DT,F,60,Single-ply,D,Full Power,National
Standard,312.5,,,T18-19DT,F,60,Single-ply,Total,Full Power,National
Standard,65,,,T18-19DT,F,60,Single-ply,B,Single Lift,National
Standard,110,,,T18-19DT,F,60,Single-ply,D,Single Lift,National
Standard,132.5,,,T18-19DT,F,67.5,Single-ply,S,Full Power,National
Standard,67.5,,,T18-19DT,F,67.5,Single-ply,B,Full Power,National
Standard,115,,,T18-19DT,F,67.5,Single-ply,D,Full Power,National
Standard,325,,,T18-19DT,F,67.5,Single-ply,Total,Full Power,National
Standard,67.5,,,T18-19DT,F,67.5,Single-ply,B,Single Lift,National
Standard,115,,,T18-19DT,F,67.5,Single-ply,D,Single Lift,National
Standard,137.5,,,T18-19DT,F,75,Single-ply,S,Full Power,National
Standard,70,,,T18-19DT,F,75,Single-ply,B,Full Power,National
Standard,120,,,T18-19DT,F,75,Single-ply,D,Full Power,National
Standard,335,,,T18-19DT,F,75,Single-ply,Total,Full Power,National
Standard,70,,,T18-19DT,F,75,Single-ply,B,Single Lift,National
Standard,120,,,T18-19DT,F,75,Single-ply,D,Single Lift,National
Standard,142.5,,,T18-19DT,F,82.5,Single-ply,S,Full Power,National
Standard,72.5,,,T18-19DT,F,82.5,Single-ply,B,Full Power,National
Standard,125,,,T18-19DT,F,82.5,Single-ply,D,Full Power,National
Standard,347.5,,,T18-19DT,F,82.5,Single-ply,Total,Full Power,National
Standard,72.5,,,T18-19DT,F,82.5,Single-ply,B,Single Lift,National
Standard,125,,,T18-19DT,F,82.5,Single-ply,D,Single Lift,National
Standard,135,,,T18-19DT,F,90,Single-ply,S,Full Power,National
Standard,67.5,,,T18-19DT,F,90,Single-ply,B,Full Power,National
Standard,117.5,,,T18-19DT,F,90,Single-ply,D,Full Power,National
Standard,332.5,,,T18-19DT,F,90,Single-ply,Total,Full Power,National
Standard,67.5,,,T18-19DT,F,90,Single-ply,B,Single Lift,National
Standard,117.5,,,T18-19DT,F,90,Single-ply,D,Single Lift,National
Standard,152.5,,,T18-19DT,F,100,Single-ply,S,Full Power,National
Standard,95,,,T18-19DT,F,100,Single-ply,B,Full Power,National
Standard,135,,,T18-19DT,F,100,Single-ply,D,Full Power,National
Standard,380,,,T18-19DT,F,100,Single-ply,Total,Full Power,National
Standard,80,,,T18-19DT,F,100,Single-ply,B,Single Lift,National
Standard,140,,,T18-19DT,F,100,Single-ply,D,Single Lift,National
Standard,160,,,T18-19DT,F,110,Single-ply,S,Full Power,National
Standard,100,,,T18-19DT,F,110,Single-ply,B,Full Power,National
Standard,142.5,,,T18-19DT,F,110,Single-ply,D,Full Power,National
Standard,397.5,,,T18-19DT,F,110,Single-ply,Total,Full Power,National
Standard,87.5,,,T18-19DT,F,110,Single-ply,B,Single Lift,National
Standard,147.5,,,T18-19DT,F,110,Single-ply,D,Single Lift,National
Standard,170,,,T18-19DT,F,110+,Single-ply,S,Full Power,National
Standard,105,,,T18-19DT,F,110+,Single-ply,B,Full Power,National
Standard,147.5,,,T18-19DT,F,110+,Single-ply,D,Full Power,National
Standard,420,,,T18-19DT,F,110+,Single-ply,Total,Full Power,National
Standard,95,,,T18-19DT,F,110+,Single-ply,B,Single Lift,National
Standard,160,,,T18-19DT,F,110+,Single-ply,D,Single Lift,National
Standard,100,,,Junior,F,44,Single-ply,S,Full Power,National
Standard,62.5,,,Junior,F,44,Single-ply,B,Full Power,National
Standard,90,,,Junior,F,44,Single-ply,D,Full Power,National
Standard,245,,,Junior,F,44,Single-ply,Total,Full Power,National
Standard,62.5,,,Junior,F,44,Single-ply,B,Single Lift,National
Standard,90,,,Junior,F,44,Single-ply,D,Single Lift,National
Standard,110,,,Junior,F,48,Single-ply,S,Full Power,National
Standard,70,,,Junior,F,48,Single-ply,B,Full Power,National
Standard,95,,,Junior,F,48,Single-ply,D,Full Power,National
Standard,270,,,Junior,F,48,Single-ply,Total,Full Power,National
Standard,70,,,Junior,F,48,Single-ply,B,Single Lift,National
Standard,95,,,Junior,F,48,Single-ply,D,Single Lift,National
Standard,125,,,Junior,F,52,Single-ply,S,Full Power,National
Standard,80,,,Junior,F,52,Single-ply,B,Full Power,National
Standard,110,,,Junior,F,52,Single-ply,D,Full Power,National
Standard,310,,,Junior,F,52,Single-ply,Total,Full Power,National
Standard,80,,,Junior,F,52,Single-ply,B,Single Lift,National
Standard,110,,,Junior,F,52,Single-ply,D,Single Lift,National
Standard,140,,,Junior,F,56,Single-ply,S,Full Power,National
Standard,87.5,,,Junior,F,56,Single-ply,B,Full Power,National
Standard,122.5,,,Junior,F,56,Single-ply,D,Full Power,National
Standard,340,,,Junior,F,56,Single-ply,Total,Full Power,National
Standard,87.5,,,Junior,F,56,Single-ply,B,Single Lift,National
Standard,122.5,,,Junior,F,56,Single-ply,D,Single Lift,National
Standard,150,,,Junior,F,60,Single-ply,S,Full Power,National
Standard,95,,,Junior,F,60,Single-ply,B,Full Power,National
Standard,132.5,,,Junior,F,60,Single-ply,D,Full Power,National
Standard,372.5,,,Junior,F,60,Single-ply,Total,Full Power,National
Standard,95,,,Junior,F,60,Single-ply,B,Single Lift,National
Standard,132.5,,,Junior,F,60,Single-ply,D,Single Lift,National
Standard,147.5,,,Junior,F,67.5,Single-ply,S,Full Power,National
Standard,95,,,Junior,F,67.5,Single-ply,B,Full Power,National
Standard,132.5,,,Junior,F,67.5,Single-ply,D,Full Power,National
Standard,370,,,Junior,F,67.5,Single-ply,Total,Full Power,National
Standard,95,,,Junior,F,67.5,Single-ply,B,Single Lift,National
Standard,132.5,,,Junior,F,67.5,Single-ply,D,Single Lift,National
Standard,167.5,,,Junior,F,75,Single-ply,S,Full Power,National
Standard,105,,,Junior,F,75,Single-ply,B,Full Power,National
Standard,145,,,Junior,F,75,Single-ply,D,Full Power,National
Standard,415,,,Junior,F,75,Single-ply,Total,Full Power,National
Standard,105,,,Junior,F,75,Single-ply,B,Single Lift,National
Standard,145,,,Junior,F,75,Single-ply,D,Single Lift,National
Standard,172.5,,,Junior,F,82.5,Single-ply,S,Full Power,National
Standard,107.5,,,Junior,F,82.5,Single-ply,B,Full Power,National
Standard,150,,,Junior,F,82.5,Single-ply,D,Full Power,National
Standard,427.5,,,Junior,F,82.5,Single-ply,Total,Full Power,National
Standard,107.5,,,Junior,F,82.5,Single-ply,B,Single Lift,National
Standard,150,,,Junior,F,82.5,Single-ply,D,Single Lift,National
Standard,177.5,,,Junior,F,90,Single-ply,S,Full Power,National
Standard,112.5,,,Junior,F,90,Single-ply,B,Full Power,National
Standard,155,,,Junior,F,90,Single-ply,D,Full Power,National
Standard,440,,,Junior,F,90,Single-ply,Total,Full Power,National
Standard,112.5,,,Junior,F,90,Single-ply,B,Single Lift,National
Standard,155,,,Junior,F,90,Single-ply,D,Single Lift,National
Standard,187.5,,,Junior,F,100,Single-ply,S,Full Power,National
Standard,117.5,,,Junior,F,100,Single-ply,B,Full Power,National
Standard,162.5,,,Junior,F,100,Single-ply,D,Full Power,National
Standard,462.5,,,Junior,F,100,Single-ply,Total,Full Power,National
Standard,95,,,Junior,F,100,Single-ply,B,Single Lift,National
Standard,167.5,,,Junior,F,100,Single-ply,D,Single Lift,National
Standard,195,,,Junior,F,110,Single-ply,S,Full Power,National
Standard,122.5,,,Junior,F,110,Single-ply,B,Full Power,National
Standard,172.5,,,Junior,F,110,Single-ply,D,Full Power,National
Standard,485,,,Junior,F,110,Single-ply,Total,Full Power,National
Standard,105,,,Junior,F,110,Single-ply,B,Single Lift,National
Standard,182.5,,,Junior,F,110,Single-ply,D,Single Lift,National
Standard,205,,,Junior,F,110+,Single-ply,S,Full Power,National
Standard,130,,,Junior,F,110+,Single-ply,B,Full Power,National
Standard,182.5,,,Junior,F,110+,Single-ply,D,Full Power,National
Standard,512.5,,,Junior,F,110+,Single-ply,Total,Full Power,National
Standard,112.5,,,Junior,F,110+,Single-ply,B,Single Lift,National
Standard,195,,,Junior,F,110+,Single-ply,D,Single Lift,National
Standard,85,,,JuniorDT,F,44,Single-ply,S,Full Power,National
Standard,45,,,JuniorDT,F,44,Single-ply,B,Full Power,National
Standard,75,,,JuniorDT,F,44,Single-ply,D,Full Power,National
Standard,207.5,,,JuniorDT,F,44,Single-ply,Total,Full Power,National
Standard,45,,,JuniorDT,F,44,Single-ply,B,Single Lift,National
Standard,75,,,JuniorDT,F,44,Single-ply,D,Single Lift,National
Standard,117.5,,,JuniorDT,F,48,Single-ply,S,Full Power,National
Standard,60,,,JuniorDT,F,48,Single-ply,B,Full Power,National
Standard,102.5,,,JuniorDT,F,48,Single-ply,D,Full Power,National
Standard,290,,,JuniorDT,F,48,Single-ply,Total,Full Power,National
Standard,60,,,JuniorDT,F,48,Single-ply,B,Single Lift,National
Standard,102.5,,,JuniorDT,F,48,Single-ply,D,Single Lift,National
Standard,132.5,,,JuniorDT,F,52,Single-ply,S,Full Power,National
Standard,67.5,,,JuniorDT,F,52,Single-ply,B,Full Power,National
Standard,115,,,JuniorDT,F,52,Single-ply,D,Full Power,National
Standard,327.5,,,JuniorDT,F,52,Single-ply,Total,Full Power,National
Standard,67.5,,,JuniorDT,F,52,Single-ply,B,Single Lift,National
Standard,115,,,JuniorDT,F,52,Single-ply,D,Single Lift,National
Standard,140,,,JuniorDT,F,56,Single-ply,S,Full Power,National
Standard,70,,,JuniorDT,F,56,Single-ply,B,Full Power,National
Standard,122.5,,,JuniorDT,F,56,Single-ply,D,Full Power,National
Standard,345,,,JuniorDT,F,56,Single-ply,Total,Full Power,National
Standard,70,,,JuniorDT,F,56,Single-ply,B,Single Lift,National
Standard,122.5,,,JuniorDT,F,56,Single-ply,D,Single Lift,National
Standard,147.5,,,JuniorDT,F,60,Single-ply,S,Full Power,National
Standard,75,,,JuniorDT,F,60,Single-ply,B,Full Power,National
Standard,130,,,JuniorDT,F,60,Single-ply,D,Full Power,National
Standard,365,,,JuniorDT,F,60,Single-ply,Total,Full Power,National
Standard,75,,,JuniorDT,F,60,Single-ply,B,Single Lift,National
Standard,130,,,JuniorDT,F,60,Single-ply,D,Single Lift,National
Standard,152.5,,,JuniorDT,F,67.5,Single-ply,S,Full Power,National
Standard,77.5,,,JuniorDT,F,67.5,Single-ply,B,Full Power,National
Standard,135,,,JuniorDT,F,67.5,Single-ply,D,Full Power,National
Standard,380,,,JuniorDT,F,67.5,Single-ply,Total,Full Power,National
Standard,77.5,,,JuniorDT,F,67.5,Single-ply,B,Single Lift,National
Standard,135,,,JuniorDT,F,67.5,Single-ply,D,Single Lift,National
Standard,157.5,,,JuniorDT,F,75,Single-ply,S,Full Power,National
Standard,80,,,JuniorDT,F,75,Single-ply,B,Full Power,National
Standard,140,,,JuniorDT,F,75,Single-ply,D,Full Power,National
Standard,392.5,,,JuniorDT,F,75,Single-ply,Total,Full Power,National
Standard,80,,,JuniorDT,F,75,Single-ply,B,Single Lift,National
Standard,140,,,JuniorDT,F,75,Single-ply,D,Single Lift,National
Standard,165,,,JuniorDT,F,82.5,Single-ply,S,Full Power,National
Standard,85,,,JuniorDT,F,82.5,Single-ply,B,Full Power,National
Standard,142.5,,,JuniorDT,F,82.5,Single-ply,D,Full Power,National
Standard,407.5,,,JuniorDT,F,82.5,Single-ply,Total,Full Power,National
Standard,85,,,JuniorDT,F,82.5,Single-ply,B,Single Lift,National
Standard,142.5,,,JuniorDT,F,82.5,Single-ply,D,Single Lift,National
Standard,157.5,,,JuniorDT,F,90,Single-ply,S,Full Power,National
Standard,80,,,JuniorDT,F,90,Single-ply,B,Full Power,National
Standard,140,,,JuniorDT,F,90,Single-ply,D,Full Power,National
Standard,390,,,JuniorDT,F,90,Single-ply,Total,Full Power,National
Standard,80,,,JuniorDT,F,90,Single-ply,B,Single Lift,National
Standard,140,,,JuniorDT,F,90,Single-ply,D,Single Lift,National
Standard,180,,,JuniorDT,F,100,Single-ply,S,Full Power,National
Standard,112.5,,,JuniorDT,F,100,Single-ply,B,Full Power,National
Standard,157.5,,,JuniorDT,F,100,Single-ply,D,Full Power,National
Standard,445,,,JuniorDT,F,100,Single-ply,Total,Full Power,National
Standard,95,,,JuniorDT,F,100,Single-ply,B,Single Lift,National
Standard,162.5,,,JuniorDT,F,100,Single-ply,D,Single Lift,National
Standard,190,,,JuniorDT,F,110,Single-ply,S,Full Power,National
Standard,117.5,,,JuniorDT,F,110,Single-ply,B,Full Power,National
Standard,165,,,JuniorDT,F,110,Single-ply,D,Full Power,National
Standard,467.5,,,JuniorDT,F,110,Single-ply,Total,Full Power,National
Standard,100,,,JuniorDT,F,110,Single-ply,B,Single Lift,National
Standard,175,,,JuniorDT,F,110,Single-ply,D,Single Lift,National
Standard,197.5,,,JuniorDT,F,110+,Single-ply,S,Full Power,National
Standard,125,,,JuniorDT,F,110+,Single-ply,B,Full Power,National
Standard,175,,,JuniorDT,F,110+,Single-ply,D,Full Power,National
Standard,490,,,JuniorDT,F,110+,Single-ply,Total,Full Power,National
Standard,107.5,,,JuniorDT,F,110+,Single-ply,B,Single Lift,National
Standard,190,,,JuniorDT,F,110+,Single-ply,D,Single Lift,National
Standard,102.5,,,M40-49,F,44,Single-ply,S,Full Power,National
Standard,65,,,M40-49,F,44,Single-ply,B,Full Power,National
Standard,92.5,,,M40-49,F,44,Single-ply,D,Full Power,National
Standard,252.5,,,M40-49,F,44,Single-ply,Total,Full Power,National
Standard,65,,,M40-49,F,44,Single-ply,B,Single Lift,National
Standard,92.5,,,M40-49,F,44,Single-ply,D,Single Lift,National
Standard,112.5,,,M40-49,F,48,Single-ply,S,Full Power,National
Standard,70,,,M40-49,F,48,Single-ply,B,Full Power,National
Standard,97.5,,,M40-49,F,48,Single-ply,D,Full Power,National
Standard,277.5,,,M40-49,F,48,Single-ply,Total,Full Power,National
Standard,70,,,M40-49,F,48,Single-ply,B,Single Lift,National
Standard,97.5,,,M40-49,F,48,Single-ply,D,Single Lift,National
Standard,130,,,M40-49,F,52,Single-ply,S,Full Power,National
Standard,82.5,,,M40-49,F,52,Single-ply,B,Full Power,National
Standard,112.5,,,M40-49,F,52,Single-ply,D,Full Power,National
Standard,317.5,,,M40-49,F,52,Single-ply,Total,Full Power,National
Standard,82.5,,,M40-49,F,52,Single-ply,B,Single Lift,National
Standard,112.5,,,M40-49,F,52,Single-ply,D,Single Lift,National
Standard,142.5,,,M40-49,F,56,Single-ply,S,Full Power,National
Standard,90,,,M40-49,F,56,Single-ply,B,Full Power,National
Standard,125,,,M40-49,F,56,Single-ply,D,Full Power,National
Standard,350,,,M40-49,F,56,Single-ply,Total,Full Power,National
Standard,90,,,M40-49,F,56,Single-ply,B,Single Lift,National
Standard,125,,,M40-49,F,56,Single-ply,D,Single Lift,National
Standard,155,,,M40-49,F,60,Single-ply,S,Full Power,National
Standard,97.5,,,M40-49,F,60,Single-ply,B,Full Power,National
Standard,137.5,,,M40-49,F,60,Single-ply,D,Full Power,National
Standard,382.5,,,M40-49,F,60,Single-ply,Total,Full Power,National
Standard,97.5,,,M40-49,F,60,Single-ply,B,Single Lift,National
Standard,137.5,,,M40-49,F,60,Single-ply,D,Single Lift,National
Standard,152.5,,,M40-49,F,67.5,Single-ply,S,Full Power,National
Standard,95,,,M40-49,F,67.5,Single-ply,B,Full Power,National
Standard,135,,,M40-49,F,67.5,Single-ply,D,Full Power,National
Standard,380,,,M40-49,F,67.5,Single-ply,Total,Full Power,National
Standard,95,,,M40-49,F,67.5,Single-ply,B,Single Lift,National
Standard,135,,,M40-49,F,67.5,Single-ply,D,Single Lift,National
Standard,172.5,,,M40-49,F,75,Single-ply,S,Full Power,National
Standard,107.5,,,M40-49,F,75,Single-ply,B,Full Power,National
Standard,150,,,M40-49,F,75,Single-ply,D,Full Power,National
Standard,427.5,,,M40-49,F,75,Single-ply,Total,Full Power,National
Standard,107.5,,,M40-49,F,75,Single-ply,B,Single Lift,National
Standard,150,,,M40-49,F,75,Single-ply,D,Single Lift,National
Standard,177.5,,,M40-49,F,82.5,Single-ply,S,Full Power,National
Standard,110,,,M40-49,F,82.5,Single-ply,B,Full Power,National
Standard,155,,,M40-49,F,82.5,Single-ply,D,Full Power,National
Standard,437.5,,,M40-49,F,82.5,Single-ply,Total,Full Power,National
Standard,110,,,M40-49,F,82.5,Single-ply,B,Single Lift,National
Standard,155,,,M40-49,F,82.5,Single-ply,D,Single Lift,National
Standard,182.5,,,M40-49,F,90,Single-ply,S,Full Power,National
Standard,115,,,M40-49,F,90,Single-ply,B,Full Power,National
Standard,160,,,M40-49,F,90,Single-ply,D,Full Power,National
Standard,452.5,,,M40-49,F,90,Single-ply,Total,Full Power,National
Standard,115,,,M40-49,F,90,Single-ply,B,Single Lift,National
Standard,160,,,M40-49,F,90,Single-ply,D,Single Lift,National
Standard,190,,,M40-49,F,100,Single-ply,S,Full Power,National
Standard,120,,,M40-49,F,100,Single-ply,B,Full Power,National
Standard,167.5,,,M40-49,F,100,Single-ply,D,Full Power,National
Standard,475,,,M40-49,F,100,Single-ply,Total,Full Power,National
Standard,100,,,M40-49,F,100,Single-ply,B,Single Lift,National
Standard,175,,,M40-49,F,100,Single-ply,D,Single Lift,National
Standard,200,,,M40-49,F,110,Single-ply,S,Full Power,National
Standard,127.5,,,M40-49,F,110,Single-ply,B,Full Power,National
Standard,177.5,,,M40-49,F,110,Single-ply,D,Full Power,National
Standard,500,,,M40-49,F,110,Single-ply,Total,Full Power,National
Standard,107.5,,,M40-49,F,110,Single-ply,B,Single Lift,National
Standard,190,,,M40-49,F,110,Single-ply,D,Single Lift,National
Standard,212.5,,,M40-49,F,110+,Single-ply,S,Full Power,National
Standard,135,,,M40-49,F,110+,Single-ply,B,Full Power,National
Standard,187.5,,,M40-49,F,110+,Single-ply,D,Full Power,National
Standard,525,,,M40-49,F,110+,Single-ply,Total,Full Power,National
Standard,117.5,,,M40-49,F,110+,Single-ply,B,Single Lift,National
Standard,202.5,,,M40-49,F,110+,Single-ply,D,Single Lift,National
Standard,92.5,,,M50-59,F,44,Single-ply,S,Full Power,National
Standard,57.5,,,M50-59,F,44,Single-ply,B,Full Power,National
Standard,80,,,M50-59,F,44,Single-ply,D,Full Power,National
Standard,222.5,,,M50-59,F,44,Single-ply,Total,Full Power,National
Standard,57.5,,,M50-59,F,44,Single-ply,B,Single Lift,National
Standard,80,,,M50-59,F,44,Single-ply,D,Single Lift,National
Standard,97.5,,,M50-59,F,48,Single-ply,S,Full Power,National
Standard,62.5,,,M50-59,F,48,Single-ply,B,Full Power,National
Standard,87.5,,,M50-59,F,48,Single-ply,D,Full Power,National
Standard,242.5,,,M50-59,F,48,Single-ply,Total,Full Power,National
Standard,62.5,,,M50-59,F,48,Single-ply,B,Single Lift,National
Standard,87.5,,,M50-59,F,48,Single-ply,D,Single Lift,National
Standard,112.5,,,M50-59,F,52,Single-ply,S,Full Power,National
Standard,72.5,,,M50-59,F,52,Single-ply,B,Full Power,National
Standard,97.5,,,M50-59,F,52,Single-ply,D,Full Power,National
Standard,280,,,M50-59,F,52,Single-ply,Total,Full Power,National
Standard,72.5,,,M50-59,F,52,Single-ply,B,Single Lift,National
Standard,97.5,,,M50-59,F,52,Single-ply,D,Single Lift,National
Standard,125,,,M50-59,F,56,Single-ply,S,Full Power,National
Standard,80,,,M50-59,F,56,Single-ply,B,Full Power,National
Standard,110,,,M50-59,F,56,Single-ply,D,Full Power,National
Standard,307.5,,,M50-59,F,56,Single-ply,Total,Full Power,National
Standard,80,,,M50-59,F,56,Single-ply,B,Single Lift,National
Standard,110,,,M50-59,F,56,Single-ply,D,Single Lift,National
Standard,137.5,,,M50-59,F,60,Single-ply,S,Full Power,National
Standard,87.5,,,M50-59,F,60,Single-ply,B,Full Power,National
Standard,120,,,M50-59,F,60,Single-ply,D,Full Power,National
Standard,335,,,M50-59,F,60,Single-ply,Total,Full Power,National
Standard,87.5,,,M50-59,F,60,Single-ply,B,Single Lift,National
Standard,120,,,M50-59,F,60,Single-ply,D,Single Lift,National
Standard,152.5,,,M50-59,F,67.5,Single-ply,S,Full Power,National
Standard,95,,,M50-59,F,67.5,Single-ply,B,Full Power,National
Standard,135,,,M50-59,F,67.5,Single-ply,D,Full Power,National
Standard,380,,,M50-59,F,67.5,Single-ply,Total,Full Power,National
Standard,95,,,M50-59,F,67.5,Single-ply,B,Single Lift,National
Standard,135,,,M50-59,F,67.5,Single-ply,D,Single Lift,National
Standard,150,,,M50-59,F,75,Single-ply,S,Full Power,National
Standard,95,,,M50-59,F,75,Single-ply,B,Full Power,National
Standard,132.5,,,M50-59,F,75,Single-ply,D,Full Power,National
Standard,375,,,M50-59,F,75,Single-ply,Total,Full Power,National
Standard,95,,,M50-59,F,75,Single-ply,B,Single Lift,National
Standard,132.5,,,M50-59,F,75,Single-ply,D,Single Lift,National
Standard,155,,,M50-59,F,82.5,Single-ply,S,Full Power,National
Standard,97.5,,,M50-59,F,82.5,Single-ply,B,Full Power,National
Standard,137.5,,,M50-59,F,82.5,Single-ply,D,Full Power,National
Standard,382.5,,,M50-59,F,82.5,Single-ply,Total,Full Power,National
Standard,97.5,,,M50-59,F,82.5,Single-ply,B,Single Lift,National
Standard,137.5,,,M50-59,F,82.5,Single-ply,D,Single Lift,National
Standard,160,,,M50-59,F,90,Single-ply,S,Full Power,National
Standard,100,,,M50-59,F,90,Single-ply,B,Full Power,National
Standard,142.5,,,M50-59,F,90,Single-ply,D,Full Power,National
Standard,397.5,,,M50-59,F,90,Single-ply,Total,Full Power,National
Standard,100,,,M50-59,F,90,Single-ply,B,Single Lift,National
Standard,142.5,,,M50-59,F,90,Single-ply,D,Single Lift,National
Standard,167.5,,,M50-59,F,100,Single-ply,S,Full Power,National
Standard,105,,,M50-59,F,100,Single-ply,B,Full Power,National
Standard,147.5,,,M50-59,F,100,Single-ply,D,Full Power,National
Standard,417.5,,,M50-59,F,100,Single-ply,Total,Full Power,National
Standard,90,,,M50-59,F,100,Single-ply,B,Single Lift,National
Standard,152.5,,,M50-59,F,100,Single-ply,D,Single Lift,National
Standard,177.5,,,M50-59,F,110,Single-ply,S,Full Power,National
Standard,110,,,M50-59,F,110,Single-ply,B,Full Power,National
Standard,155,,,M50-59,F,110,Single-ply,D,Full Power,National
Standard,437.5,,,M50-59,F,110,Single-ply,Total,Full Power,National
Standard,95,,,M50-59,F,110,Single-ply,B,Single Lift,National
Standard,165,,,M50-59,F,110,Single-ply,D,Single Lift,National
Standard,187.5,,,M50-59,F,110+,Single-ply,S,Full Power,National
Standard,117.5,,,M50-59,F,110+,Single-ply,B,Full Power,National
Standard,162.5,,,M50-59,F,110+,Single-ply,D,Full Power,National
Standard,462.5,,,M50-59,F,110+,Single-ply,Total,Full Power,National
Standard,102.5,,,M50-59,F,110+,Single-ply,B,Single Lift,National
Standard,177.5,,,M50-59,F,110+,Single-ply,D,Single Lift,National
Standard,80,,,M60-69,F,44,Single-ply,S,Full Power,National
Standard,50,,,M60-69,F,44,Single-ply,B,Full Power,National
Standard,70,,,M60-69,F,44,Single-ply,D,Full Power,National
Standard,195,,,M60-69,F,44,Single-ply,Total,Full Power,National
Standard,50,,,M60-69,F,44,Single-ply,B,Single Lift,National
Standard,70,,,M60-69,F,44,Single-ply,D,Single Lift,National
Standard,87.5,,,M60-69,F,48,Single-ply,S,Full Power,National
Standard,55,,,M60-69,F,48,Single-ply,B,Full Power,National
Standard,77.5,,,M60-69,F,48,Single-ply,D,Full Power,National
Standard,215,,,M60-69,F,48,Single-ply,Total,Full Power,National
Standard,55,,,M60-69,F,48,Single-ply,B,Single Lift,National
Standard,77.5,,,M60-69,F,48,Single-ply,D,Single Lift,National
Standard,100,,,M60-69,F,52,Single-ply,S,Full Power,National
Standard,62.5,,,M60-69,F,52,Single-ply,B,Full Power,National
Standard,90,,,M60-69,F,52,Single-ply,D,Full Power,National
Standard,245,,,M60-69,F,52,Single-ply,Total,Full Power,National
Standard,62.5,,,M60-69,F,52,Single-ply,B,Single Lift,National
Standard,90,,,M60-69,F,52,Single-ply,D,Single Lift,National
Standard,110,,,M60-69,F,56,Single-ply,S,Full Power,National
Standard,70,,,M60-69,F,56,Single-ply,B,Full Power,National
Standard,95,,,M60-69,F,56,Single-ply,D,Full Power,National
Standard,270,,,M60-69,F,56,Single-ply,Total,Full Power,National
Standard,70,,,M60-69,F,56,Single-ply,B,Single Lift,National
Standard,95,,,M60-69,F,56,Single-ply,D,Single Lift,National
Standard,120,,,M60-69,F,60,Single-ply,S,Full Power,National
Standard,75,,,M60-69,F,60,Single-ply,B,Full Power,National
Standard,105,,,M60-69,F,60,Single-ply,D,Full Power,National
Standard,295,,,M60-69,F,60,Single-ply,Total,Full Power,National
Standard,75,,,M60-69,F,60,Single-ply,B,Single Lift,National
Standard,105,,,M60-69,F,60,Single-ply,D,Single Lift,National
Standard,152.5,,,M60-69,F,67.5,Single-ply,S,Full Power,National
Standard,95,,,M60-69,F,67.5,Single-ply,B,Full Power,National
Standard,135,,,M60-69,F,67.5,Single-ply,D,Full Power,National
Standard,380,,,M60-69,F,67.5,Single-ply,Total,Full Power,National
Standard,95,,,M60-69,F,67.5,Single-ply,B,Single Lift,National
Standard,135,,,M60-69,F,67.5,Single-ply,D,Single Lift,National
Standard,135,,,M60-69,F,75,Single-ply,S,Full Power,National
Standard,85,,,M60-69,F,75,Single-ply,B,Full Power,National
Standard,117.5,,,M60-69,F,75,Single-ply,D,Full Power,National
Standard,330,,,M60-69,F,75,Single-ply,Total,Full Power,National
Standard,85,,,M60-69,F,75,Single-ply,B,Single Lift,National
Standard,117.5,,,M60-69,F,75,Single-ply,D,Single Lift,National
Standard,137.5,,,M60-69,F,82.5,Single-ply,S,Full Power,National
Standard,87.5,,,M60-69,F,82.5,Single-ply,B,Full Power,National
Standard,120,,,M60-69,F,82.5,Single-ply,D,Full Power,National
Standard,335,,,M60-69,F,82.5,Single-ply,Total,Full Power,National
Standard,87.5,,,M60-69,F,82.5,Single-ply,B,Single Lift,National
Standard,120,,,M60-69,F,82.5,Single-ply,D,Single Lift,National
Standard,142.5,,,M60-69,F,90,Single-ply,S,Full Power,National
Standard,90,,,M60-69,F,90,Single-ply,B,Full Power,National
Standard,125,,,M60-69,F,90,Single-ply,D,Full Power,National
Standard,350,,,M60-69,F,90,Single-ply,Total,Full Power,National
Standard,90,,,M60-69,F,90,Single-ply,B,Single Lift,National
Standard,125,,,M60-69,F,90,Single-ply,D,Single Lift,National
Standard,147.5,,,M60-69,F,100,Single-ply,S,Full Power,National
Standard,95,,,M60-69,F,100,Single-ply,B,Full Power,National
Standard,130,,,M60-69,F,100,Single-ply,D,Full Power,National
Standard,367.5,,,M60-69,F,100,Single-ply,Total,Full Power,National
Standard,77.5,,,M60-69,F,100,Single-ply,B,Single Lift,National
Standard,135,,,M60-69,F,100,Single-ply,D,Single Lift,National
Standard,155,,,M60-69,F,110,Single-ply,S,Full Power,National
Standard,97.5,,,M60-69,F,110,Single-ply,B,Full Power,National
Standard,137.5,,,M60-69,F,110,Single-ply,D,Full Power,National
Standard,382.5,,,M60-69,F,110,Single-ply,Total,Full Power,National
Standard,85,,,M60-69,F,110,Single-ply,B,Single Lift,National
Standard,145,,,M60-69,F,110,Single-ply,D,Single Lift,National
Standard,162.5,,,M60-69,F,110+,Single-ply,S,Full Power,National
Standard,102.5,,,M60-69,F,110+,Single-ply,B,Full Power,National
Standard,142.5,,,M60-69,F,110+,Single-ply,D,Full Power,National
Standard,405,,,M60-69,F,110+,Single-ply,Total,Full Power,National
Standard,90,,,M60-69,F,110+,Single-ply,B,Single Lift,National
Standard,155,,,M60-69,F,110+,Single-ply,D,Single Lift,National
Standard,87.5,,,M40-49DT,F,44,Single-ply,S,Full Power,National
Standard,45,,,M40-49DT,F,44,Single-ply,B,Full Power,National
Standard,77.5,,,M40-49DT,F,44,Single-ply,D,Full Power,National
Standard,215,,,M40-49DT,F,44,Single-ply,Total,Full Power,National
Standard,45,,,M40-49DT,F,44,Single-ply,B,Single Lift,National
Standard,77.5,,,M40-49DT,F,44,Single-ply,D,Single Lift,National
Standard,122.5,,,M40-49DT,F,48,Single-ply,S,Full Power,National
Standard,62.5,,,M40-49DT,F,48,Single-ply,B,Full Power,National
Standard,107.5,,,M40-49DT,F,48,Single-ply,D,Full Power,National
Standard,300,,,M40-49DT,F,48,Single-ply,Total,Full Power,National
Standard,62.5,,,M40-49DT,F,48,Single-ply,B,Single Lift,National
Standard,107.5,,,M40-49DT,F,48,Single-ply,D,Single Lift,National
Standard,137.5,,,M40-49DT,F,52,Single-ply,S,Full Power,National
Standard,70,,,M40-49DT,F,52,Single-ply,B,Full Power,National
Standard,120,,,M40-49DT,F,52,Single-ply,D,Full Power,National
Standard,335,,,M40-49DT,F,52,Single-ply,Total,Full Power,National
Standard,70,,,M40-49DT,F,52,Single-ply,B,Single Lift,National
Standard,120,,,M40-49DT,F,52,Single-ply,D,Single Lift,National
Standard,142.5,,,M40-49DT,F,56,Single-ply,S,Full Power,National
Standard,72.5,,,M40-49DT,F,56,Single-ply,B,Full Power,National
Standard,127.5,,,M40-49DT,F,56,Single-ply,D,Full Power,National
Standard,355,,,M40-49DT,F,56,Single-ply,Total,Full Power,National
Standard,72.5,,,M40-49DT,F,56,Single-ply,B,Single Lift,National
Standard,127.5,,,M40-49DT,F,56,Single-ply,D,Single Lift,National
Standard,150,,,M40-49DT,F,60,Single-ply,S,Full Power,National
Standard,77.5,,,M40-49DT,F,60,Single-ply,B,Full Power,National
Standard,132.5,,,M40-49DT,F,60,Single-ply,D,Full Power,National
Standard,375,,,M40-49DT,F,60,Single-ply,Total,Full Power,National
Standard,77.5,,,M40-49DT,F,60,Single-ply,B,Single Lift,National
Standard,132.5,,,M40-49DT,F,60,Single-ply,D,Single Lift,National
Standard,157.5,,,M40-49DT,F,67.5,Single-ply,S,Full Power,National
Standard,80,,,M40-49DT,F,67.5,Single-ply,B,Full Power,National
Standard,140,,,M40-49DT,F,67.5,Single-ply,D,Full Power,National
Standard,390,,,M40-49DT,F,67.5,Single-ply,Total,Full Power,National
Standard,80,,,M40-49DT,F,67.5,Single-ply,B,Single Lift,National
Standard,140,,,M40-49DT,F,67.5,Single-ply,D,Single Lift,National
Standard,162.5,,,M40-49DT,F,75,Single-ply,S,Full Power,National
Standard,82.5,,,M40-49DT,F,75,Single-ply,B,Full Power,National
Standard,142.5,,,M40-49DT,F,75,Single-ply,D,Full Power,National
Standard,402.5,,,M40-49DT,F,75,Single-ply,Total,Full Power,National
Standard,82.5,,,M40-49DT,F,75,Single-ply,B,Single Lift,National
Standard,142.5,,,M40-49DT,F,75,Single-ply,D,Single Lift,National
Standard,170,,,M40-49DT,F,82.5,Single-ply,S,Full Power,National
Standard,87.5,,,M40-49DT,F,82.5,Single-ply,B,Full Power,National
Standard,147.5,,,M40-49DT,F,82.5,Single-ply,D,Full Power,National
Standard,420,,,M40-49DT,F,82.5,Single-ply,Total,Full Power,National
Standard,87.5,,,M40-49DT,F,82.5,Single-ply,B,Single Lift,National
Standard,147.5,,,M40-49DT,F,82.5,Single-ply,D,Single Lift,National
Standard,162.5,,,M40-49DT,F,90,Single-ply,S,Full Power,National
Standard,82.5,,,M40-49DT,F,90,Single-ply,B,Full Power,National
Standard,142.5,,,M40-49DT,F,90,Single-ply,D,Full Power,National
Standard,400,,,M40-49DT,F,90,Single-ply,Total,Full Power,National
Standard,82.5,,,M40-49DT,F,90,Single-ply,B,Single Lift,National
Standard,142.5,,,M40-49DT,F,90,Single-ply,D,Single Lift,National
Standard,185,,,M40-49DT,F,100,Single-ply,S,Full Power,National
Standard,115,,,M40-49DT,F,100,Single-ply,B,Full Power,National
Standard,162.5,,,M40-49DT,F,100,Single-ply,D,Full Power,National
Standard,457.5,,,M40-49DT,F,100,Single-ply,Total,Full Power,National
Standard,95,,,M40-49DT,F,100,Single-ply,B,Single Lift,National
Standard,165,,,M40-49DT,F,100,Single-ply,D,Single Lift,National
Standard,192.5,,,M40-49DT,F,110,Single-ply,S,Full Power,National
Standard,122.5,,,M40-49DT,F,110,Single-ply,B,Full Power,National
Standard,170,,,M40-49DT,F,110,Single-ply,D,Full Power,National
Standard,480,,,M40-49DT,F,110,Single-ply,Total,Full Power,National
Standard,102.5,,,M40-49DT,F,110,Single-ply,B,Single Lift,National
Standard,180,,,M40-49DT,F,110,Single-ply,D,Single Lift,National
Standard,202.5,,,M40-49DT,F,110+,Single-ply,S,Full Power,National
Standard,127.5,,,M40-49DT,F,110+,Single-ply,B,Full Power,National
Standard,180,,,M40-49DT,F,110+,Single-ply,D,Full Power,National
Standard,505,,,M40-49DT,F,110+,Single-ply,Total,Full Power,National
Standard,112.5,,,M40-49DT,F,110+,Single-ply,B,Single Lift,National
Standard,192.5,,,M40-49DT,F,110+,Single-ply,D,Single Lift,National
Standard,77.5,,,M50-59DT,F,44,Single-ply,S,Full Power,National
Standard,40,,,M50-59DT,F,44,Single-ply,B,Full Power,National
Standard,67.5,,,M50-59DT,F,44,Single-ply,D,Full Power,National
Standard,190,,,M50-59DT,F,44,Single-ply,Total,Full Power,National
Standard,40,,,M50-59DT,F,44,Single-ply,B,Single Lift,National
Standard,67.5,,,M50-59DT,F,44,Single-ply,D,Single Lift,National
Standard,107.5,,,M50-59DT,F,48,Single-ply,S,Full Power,National
Standard,55,,,M50-59DT,F,48,Single-ply,B,Full Power,National
Standard,95,,,M50-59DT,F,48,Single-ply,D,Full Power,National
Standard,265,,,M50-59DT,F,48,Single-ply,Total,Full Power,National
Standard,55,,,M50-59DT,F,48,Single-ply,B,Single Lift,National
Standard,95,,,M50-59DT,F,48,Single-ply,D,Single Lift,National
Standard,120,,,M50-59DT,F,52,Single-ply,S,Full Power,National
Standard,60,,,M50-59DT,F,52,Single-ply,B,Full Power,National
Standard,105,,,M50-59DT,F,52,Single-ply,D,Full Power,National
Standard,295,,,M50-59DT,F,52,Single-ply,Total,Full Power,National
Standard,60,,,M50-59DT,F,52,Single-ply,B,Single Lift,National
Standard,105,,,M50-59DT,F,52,Single-ply,D,Single Lift,National
Standard,127.5,,,M50-59DT,F,56,Single-ply,S,Full Power,National
Standard,65,,,M50-59DT,F,56,Single-ply,B,Full Power,National
Standard,110,,,M50-59DT,F,56,Single-ply,D,Full Power,National
Standard,312.5,,,M50-59DT,F,56,Single-ply,Total,Full Power,National
Standard,65,,,M50-59DT,F,56,Single-ply,B,Single Lift,National
Standard,110,,,M50-59DT,F,56,Single-ply,D,Single Lift,National
Standard,135,,,M50-59DT,F,60,Single-ply,S,Full Power,National
Standard,67.5,,,M50-59DT,F,60,Single-ply,B,Full Power,National
Standard,117.5,,,M50-59DT,F,60,Single-ply,D,Full Power,National
Standard,330,,,M50-59DT,F,60,Single-ply,Total,Full Power,National
Standard,67.5,,,M50-59DT,F,60,Single-ply,B,Single Lift,National
Standard,117.5,,,M50-59DT,F,60,Single-ply,D,Single Lift,National
Standard,140,,,M50-59DT,F,67.5,Single-ply,S,Full Power,National
Michelle Franklin,75,27/07/2025,East Midlands,M50-59DT,F,67.5,Single-ply,B,Full Power,National
Michelle Franklin,140,27/07/2025,East Midlands,M50-59DT,F,67.5,Single-ply,D,Full Power,National
Standard,342.5,,,M50-59DT,F,67.5,Single-ply,Total,Full Power,National
Michelle Franklin,75,27/07/2025,East Midlands,M50-59DT,F,67.5,Single-ply,B,Single Lift,National
Standard,122.5,,,M50-59DT,F,67.5,Single-ply,D,Single Lift,National
Standard,142.5,,,M50-59DT,F,75,Single-ply,S,Full Power,National
Michelle Franklin,82.5,05/10/2025,South West,M50-59DT,F,75,Single-ply,B,Full Power,National
Michelle Franklin,140,05/10/2025,South West,M50-59DT,F,75,Single-ply,D,Full Power,National
Michelle Franklin,352.5,05/10/2025,South West,M50-59DT,F,75,Single-ply,Total,Full Power,National
Standard,72.5,,,M50-59DT,F,75,Single-ply,B,Single Lift,National
Standard,125,,,M50-59DT,F,75,Single-ply,D,Single Lift,National
Standard,147.5,,,M50-59DT,F,82.5,Single-ply,S,Full Power,National
Standard,75,,,M50-59DT,F,82.5,Single-ply,B,Full Power,National
Standard,130,,,M50-59DT,F,82.5,Single-ply,D,Full Power,National
Standard,367.5,,,M50-59DT,F,82.5,Single-ply,Total,Full Power,National
Standard,75,,,M50-59DT,F,82.5,Single-ply,B,Single Lift,National
Standard,130,,,M50-59DT,F,82.5,Single-ply,D,Single Lift,National
Standard,162.5,,,M50-59DT,F,90,Single-ply,S,Full Power,National
Standard,82.5,,,M50-59DT,F,90,Single-ply,B,Full Power,National
Standard,142.5,,,M50-59DT,F,90,Single-ply,D,Full Power,National
Standard,400,,,M50-59DT,F,90,Single-ply,Total,Full Power,National
Standard,82.5,,,M50-59DT,F,90,Single-ply,B,Single Lift,National
Standard,142.5,,,M50-59DT,F,90,Single-ply,D,Single Lift,National
Standard,162.5,,,M50-59DT,F,100,Single-ply,S,Full Power,National
Standard,100,,,M50-59DT,F,100,Single-ply,B,Full Power,National
Standard,142.5,,,M50-59DT,F,100,Single-ply,D,Full Power,National
Standard,400,,,M50-59DT,F,100,Single-ply,Total,Full Power,National
Standard,85,,,M50-59DT,F,100,Single-ply,B,Single Lift,National
Standard,145,,,M50-59DT,F,100,Single-ply,D,Single Lift,National
Standard,170,,,M50-59DT,F,110,Single-ply,S,Full Power,National
Standard,107.5,,,M50-59DT,F,110,Single-ply,B,Full Power,National
Standard,147.5,,,M50-59DT,F,110,Single-ply,D,Full Power,National
Standard,422.5,,,M50-59DT,F,110,Single-ply,Total,Full Power,National
Standard,92.5,,,M50-59DT,F,110,Single-ply,B,Single Lift,National
Standard,157.5,,,M50-59DT,F,110,Single-ply,D,Single Lift,National
Standard,180,,,M50-59DT,F,110+,Single-ply,S,Full Power,National
Standard,112.5,,,M50-59DT,F,110+,Single-ply,B,Full Power,National
Standard,157.5,,,M50-59DT,F,110+,Single-ply,D,Full Power,National
Standard,442.5,,,M50-59DT,F,110+,Single-ply,Total,Full Power,National
Standard,97.5,,,M50-59DT,F,110+,Single-ply,B,Single Lift,National
Standard,172.5,,,M50-59DT,F,110+,Single-ply,D,Single Lift,National
Standard,67.5,,,M60-69DT,F,44,Single-ply,S,Full Power,National
Standard,35,,,M60-69DT,F,44,Single-ply,B,Full Power,National
Standard,60,,,M60-69DT,F,44,Single-ply,D,Full Power,National
Standard,167.5,,,M60-69DT,F,44,Single-ply,Total,Full Power,National
Standard,35,,,M60-69DT,F,44,Single-ply,B,Single Lift,National
Standard,60,,,M60-69DT,F,44,Single-ply,D,Single Lift,National
Standard,95,,,M60-69DT,F,48,Single-ply,S,Full Power,National
Standard,47.5,,,M60-69DT,F,48,Single-ply,B,Full Power,National
Standard,85,,,M60-69DT,F,48,Single-ply,D,Full Power,National
Standard,235,,,M60-69DT,F,48,Single-ply,Total,Full Power,National
Standard,47.5,,,M60-69DT,F,48,Single-ply,B,Single Lift,National
Standard,85,,,M60-69DT,F,48,Single-ply,D,Single Lift,National
Standard,105,,,M60-69DT,F,52,Single-ply,S,Full Power,National
Standard,52.5,,,M60-69DT,F,52,Single-ply,B,Full Power,National
Standard,95,,,M60-69DT,F,52,Single-ply,D,Full Power,National
Standard,260,,,M60-69DT,F,52,Single-ply,Total,Full Power,National
Standard,52.5,,,M60-69DT,F,52,Single-ply,B,Single Lift,National
Standard,95,,,M60-69DT,F,52,Single-ply,D,Single Lift,National
Standard,110,,,M60-69DT,F,56,Single-ply,S,Full Power,National
Standard,55,,,M60-69DT,F,56,Single-ply,B,Full Power,National
Standard,97.5,,,M60-69DT,F,56,Single-ply,D,Full Power,National
Standard,275,,,M60-69DT,F,56,Single-ply,Total,Full Power,National
Standard,55,,,M60-69DT,F,56,Single-ply,B,Single Lift,National
Standard,97.5,,,M60-69DT,F,56,Single-ply,D,Single Lift,National
Standard,117.5,,,M60-69DT,F,60,Single-ply,S,Full Power,National
Standard,60,,,M60-69DT,F,60,Single-ply,B,Full Power,National
Standard,102.5,,,M60-69DT,F,60,Single-ply,D,Full Power,National
Standard,287.5,,,M60-69DT,F,60,Single-ply,Total,Full Power,National
Standard,60,,,M60-69DT,F,60,Single-ply,B,Single Lift,National
Standard,102.5,,,M60-69DT,F,60,Single-ply,D,Single Lift,National
Standard,122.5,,,M60-69DT,F,67.5,Single-ply,S,Full Power,National
Standard,62.5,,,M60-69DT,F,67.5,Single-ply,B,Full Power,National
Standard,107.5,,,M60-69DT,F,67.5,Single-ply,D,Full Power,National
Standard,300,,,M60-69DT,F,67.5,Single-ply,Total,Full Power,National
Standard,62.5,,,M60-69DT,F,67.5,Single-ply,B,Single Lift,National
Standard,107.5,,,M60-69DT,F,67.5,Single-ply,D,Single Lift,National
Standard,125,,,M60-69DT,F,75,Single-ply,S,Full Power,National
Standard,62.5,,,M60-69DT,F,75,Single-ply,B,Full Power,National
Standard,110,,,M60-69DT,F,75,Single-ply,D,Full Power,National
Standard,310,,,M60-69DT,F,75,Single-ply,Total,Full Power,National
Kelly Clark,72.5,07/12/2025,National Championships,M60-69DT,F,75,Single-ply,B,Single Lift,National
Kelly Clark,141,07/12/2025,National Championships,M60-69DT,F,75,Single-ply,D,Single Lift,National
Standard,130,,,M60-69DT,F,82.5,Single-ply,S,Full Power,National
Standard,65,,,M60-69DT,F,82.5,Single-ply,B,Full Power,National
Standard,115,,,M60-69DT,F,82.5,Single-ply,D,Full Power,National
Standard,322.5,,,M60-69DT,F,82.5,Single-ply,Total,Full Power,National
Standard,65,,,M60-69DT,F,82.5,Single-ply,B,Single Lift,National
Standard,115,,,M60-69DT,F,82.5,Single-ply,D,Single Lift,National
Standard,162.5,,,M60-69DT,F,90,Single-ply,S,Full Power,National
Standard,82.5,,,M60-69DT,F,90,Single-ply,B,Full Power,National
Standard,142.5,,,M60-69DT,F,90,Single-ply,D,Full Power,National
Standard,400,,,M60-69DT,F,90,Single-ply,Total,Full Power,National
Standard,82.5,,,M60-69DT,F,90,Single-ply,B,Single Lift,National
Standard,142.5,,,M60-69DT,F,90,Single-ply,D,Single Lift,National
Standard,142.5,,,M60-69DT,F,100,Single-ply,S,Full Power,National
Standard,90,,,M60-69DT,F,100,Single-ply,B,Full Power,National
Standard,125,,,M60-69DT,F,100,Single-ply,D,Full Power,National
Standard,350,,,M60-69DT,F,100,Single-ply,Total,Full Power,National
Standard,75,,,M60-69DT,F,100,Single-ply,B,Single Lift,National
Standard,130,,,M60-69DT,F,100,Single-ply,D,Single Lift,National
Standard,147.5,,,M60-69DT,F,110,Single-ply,S,Full Power,National
Standard,95,,,M60-69DT,F,110,Single-ply,B,Full Power,National
Standard,132.5,,,M60-69DT,F,110,Single-ply,D,Full Power,National
Standard,370,,,M60-69DT,F,110,Single-ply,Total,Full Power,National
Standard,80,,,M60-69DT,F,110,Single-ply,B,Single Lift,National
Standard,140,,,M60-69DT,F,110,Single-ply,D,Single Lift,National
Standard,157.5,,,M60-69DT,F,110+,Single-ply,S,Full Power,National
Standard,97.5,,,M60-69DT,F,110+,Single-ply,B,Full Power,National
Standard,140,,,M60-69DT,F,110+,Single-ply,D,Full Power,National
Standard,387.5,,,M60-69DT,F,110+,Single-ply,Total,Full Power,National
Standard,87.5,,,M60-69DT,F,110+,Single-ply,B,Single Lift,National
Standard,150,,,M60-69DT,F,110+,Single-ply,D,Single Lift,National
Standard,72.5,,,M70-79,F,44,Single-ply,S,Full Power,National
Standard,45,,,M70-79,F,44,Single-ply,B,Full Power,National
Standard,65,,,M70-79,F,44,Single-ply,D,Full Power,National
Standard,177.5,,,M70-79,F,44,Single-ply,Total,Full Power,National
Standard,45,,,M70-79,F,44,Single-ply,B,Single Lift,National
Standard,65,,,M70-79,F,44,Single-ply,D,Single Lift,National
Standard,80,,,M70-79,F,48,Single-ply,S,Full Power,National
Standard,50,,,M70-79,F,48,Single-ply,B,Full Power,National
Standard,70,,,M70-79,F,48,Single-ply,D,Full Power,National
Standard,195,,,M70-79,F,48,Single-ply,Total,Full Power,National
Standard,50,,,M70-79,F,48,Single-ply,B,Single Lift,National
Standard,70,,,M70-79,F,48,Single-ply,D,Single Lift,National
Standard,90,,,M70-79,F,52,Single-ply,S,Full Power,National
Standard,57.5,,,M70-79,F,52,Single-ply,B,Full Power,National
Standard,82.5,,,M70-79,F,52,Single-ply,D,Full Power,National
Standard,222.5,,,M70-79,F,52,Single-ply,Total,Full Power,National
Standard,57.5,,,M70-79,F,52,Single-ply,B,Single Lift,National
Standard,82.5,,,M70-79,F,52,Single-ply,D,Single Lift,National
Standard,100,,,M70-79,F,56,Single-ply,S,Full Power,National
Standard,65,,,M70-79,F,56,Single-ply,B,Full Power,National
Standard,87.5,,,M70-79,F,56,Single-ply,D,Full Power,National
Standard,245,,,M70-79,F,56,Single-ply,Total,Full Power,National
Standard,65,,,M70-79,F,56,Single-ply,B,Single Lift,National
Standard,87.5,,,M70-79,F,56,Single-ply,D,Single Lift,National
Standard,110,,,M70-79,F,60,Single-ply,S,Full Power,National
Standard,67.5,,,M70-79,F,60,Single-ply,B,Full Power,National
Standard,95,,,M70-79,F,60,Single-ply,D,Full Power,National
Standard,267.5,,,M70-79,F,60,Single-ply,Total,Full Power,National
Standard,67.5,,,M70-79,F,60,Single-ply,B,Single Lift,National
Standard,95,,,M70-79,F,60,Single-ply,D,Single Lift,National
Standard,137.5,,,M70-79,F,67.5,Single-ply,S,Full Power,National
Standard,87.5,,,M70-79,F,67.5,Single-ply,B,Full Power,National
Standard,122.5,,,M70-79,F,67.5,Single-ply,D,Full Power,National
Standard,342.5,,,M70-79,F,67.5,Single-ply,Total,Full Power,National
Standard,87.5,,,M70-79,F,67.5,Single-ply,B,Single Lift,National
Standard,122.5,,,M70-79,F,67.5,Single-ply,D,Single Lift,National
Standard,122.5,,,M70-79,F,75,Single-ply,S,Full Power,National
Standard,77.5,,,M70-79,F,75,Single-ply,B,Full Power,National
Standard,107.5,,,M70-79,F,75,Single-ply,D,Full Power,National
Standard,297.5,,,M70-79,F,75,Single-ply,Total,Full Power,National
Standard,77.5,,,M70-79,F,75,Single-ply,B,Single Lift,National
Standard,107.5,,,M70-79,F,75,Single-ply,D,Single Lift,National
Standard,125,,,M70-79,F,82.5,Single-ply,S,Full Power,National
Standard,80,,,M70-79,F,82.5,Single-ply,B,Full Power,National
Standard,110,,,M70-79,F,82.5,Single-ply,D,Full Power,National
Standard,302.5,,,M70-79,F,82.5,Single-ply,Total,Full Power,National
Standard,80,,,M70-79,F,82.5,Single-ply,B,Single Lift,National
Standard,110,,,M70-79,F,82.5,Single-ply,D,Single Lift,National
Standard,130,,,M70-79,F,90,Single-ply,S,Full Power,National
Standard,82.5,,,M70-79,F,90,Single-ply,B,Full Power,National
Standard,112.5,,,M70-79,F,90,Single-ply,D,Full Power,National
Standard,315,,,M70-79,F,90,Single-ply,Total,Full Power,National
Standard,82.5,,,M70-79,F,90,Single-ply,B,Single Lift,National
Standard,112.5,,,M70-79,F,90,Single-ply,D,Single Lift,National
Standard,135,,,M70-79,F,100,Single-ply,S,Full Power,National
Standard,87.5,,,M70-79,F,100,Single-ply,B,Full Power,National
Standard,117.5,,,M70-79,F,100,Single-ply,D,Full Power,National
Standard,332.5,,,M70-79,F,100,Single-ply,Total,Full Power,National
Standard,70,,,M70-79,F,100,Single-ply,B,Single Lift,National
Standard,122.5,,,M70-79,F,100,Single-ply,D,Single Lift,National
Standard,140,,,M70-79,F,110,Single-ply,S,Full Power,National
Standard,90,,,M70-79,F,110,Single-ply,B,Full Power,National
Standard,125,,,M70-79,F,110,Single-ply,D,Full Power,National
Standard,345,,,M70-79,F,110,Single-ply,Total,Full Power,National
Standard,77.5,,,M70-79,F,110,Single-ply,B,Single Lift,National
Standard,132.5,,,M70-79,F,110,Single-ply,D,Single Lift,National
Standard,147.5,,,M70-79,F,110+,Single-ply,S,Full Power,National
Standard,92.5,,,M70-79,F,110+,Single-ply,B,Full Power,National
Standard,130,,,M70-79,F,110+,Single-ply,D,Full Power,National
Standard,365,,,M70-79,F,110+,Single-ply,Total,Full Power,National
Standard,82.5,,,M70-79,F,110+,Single-ply,B,Single Lift,National
Standard,140,,,M70-79,F,110+,Single-ply,D,Single Lift,National
Standard,62.5,,,M70-79DT,F,44,Single-ply,S,Full Power,National
Standard,32.5,,,M70-79DT,F,44,Single-ply,B,Full Power,National
Standard,55,,,M70-79DT,F,44,Single-ply,D,Full Power,National
Standard,152.5,,,M70-79DT,F,44,Single-ply,Total,Full Power,National
Standard,32.5,,,M70-79DT,F,44,Single-ply,B,Single Lift,National
Standard,55,,,M70-79DT,F,44,Single-ply,D,Single Lift,National
Standard,87.5,,,M70-79DT,F,48,Single-ply,S,Full Power,National
Standard,45,,,M70-79DT,F,48,Single-ply,B,Full Power,National
Standard,77.5,,,M70-79DT,F,48,Single-ply,D,Full Power,National
Standard,212.5,,,M70-79DT,F,48,Single-ply,Total,Full Power,National
Standard,45,,,M70-79DT,F,48,Single-ply,B,Single Lift,National
Standard,77.5,,,M70-79DT,F,48,Single-ply,D,Single Lift,National
Standard,95,,,M70-79DT,F,52,Single-ply,S,Full Power,National
Standard,47.5,,,M70-79DT,F,52,Single-ply,B,Full Power,National
Standard,87.5,,,M70-79DT,F,52,Single-ply,D,Full Power,National
Standard,235,,,M70-79DT,F,52,Single-ply,Total,Full Power,National
Standard,47.5,,,M70-79DT,F,52,Single-ply,B,Single Lift,National
Standard,87.5,,,M70-79DT,F,52,Single-ply,D,Single Lift,National
Standard,100,,,M70-79DT,F,56,Single-ply,S,Full Power,National
Standard,50,,,M70-79DT,F,56,Single-ply,B,Full Power,National
Standard,90,,,M70-79DT,F,56,Single-ply,D,Full Power,National
Standard,247.5,,,M70-79DT,F,56,Single-ply,Total,Full Power,National
Standard,50,,,M70-79DT,F,56,Single-ply,B,Single Lift,National
Standard,90,,,M70-79DT,F,56,Single-ply,D,Single Lift,National
Standard,107.5,,,M70-79DT,F,60,Single-ply,S,Full Power,National
Standard,55,,,M70-79DT,F,60,Single-ply,B,Full Power,National
Standard,92.5,,,M70-79DT,F,60,Single-ply,D,Full Power,National
Standard,260,,,M70-79DT,F,60,Single-ply,Total,Full Power,National
Standard,55,,,M70-79DT,F,60,Single-ply,B,Single Lift,National
Standard,92.5,,,M70-79DT,F,60,Single-ply,D,Single Lift,National
Standard,112.5,,,M70-79DT,F,67.5,Single-ply,S,Full Power,National
Standard,57.5,,,M70-79DT,F,67.5,Single-ply,B,Full Power,National
Standard,97.5,,,M70-79DT,F,67.5,Single-ply,D,Full Power,National
Standard,270,,,M70-79DT,F,67.5,Single-ply,Total,Full Power,National
Standard,57.5,,,M70-79DT,F,67.5,Single-ply,B,Single Lift,National
Standard,97.5,,,M70-79DT,F,67.5,Single-ply,D,Single Lift,National
Standard,112.5,,,M70-79DT,F,75,Single-ply,S,Full Power,National
Standard,57.5,,,M70-79DT,F,75,Single-ply,B,Full Power,National
Standard,100,,,M70-79DT,F,75,Single-ply,D,Full Power,National
Standard,280,,,M70-79DT,F,75,Single-ply,Total,Full Power,National
Standard,67.5,,,M70-79DT,F,75,Single-ply,B,Single Lift,National
Standard,127.5,,,M70-79DT,F,75,Single-ply,D,Single Lift,National
Standard,117.5,,,M70-79DT,F,82.5,Single-ply,S,Full Power,National
Standard,60,,,M70-79DT,F,82.5,Single-ply,B,Full Power,National
Standard,105,,,M70-79DT,F,82.5,Single-ply,D,Full Power,National
Standard,292.5,,,M70-79DT,F,82.5,Single-ply,Total,Full Power,National
Standard,60,,,M70-79DT,F,82.5,Single-ply,B,Single Lift,National
Standard,105,,,M70-79DT,F,82.5,Single-ply,D,Single Lift,National
Standard,147.5,,,M70-79DT,F,90,Single-ply,S,Full Power,National
Standard,75,,,M70-79DT,F,90,Single-ply,B,Full Power,National
Standard,130,,,M70-79DT,F,90,Single-ply,D,Full Power,National
Standard,360,,,M70-79DT,F,90,Single-ply,Total,Full Power,National
Standard,75,,,M70-79DT,F,90,Single-ply,B,Single Lift,National
Standard,130,,,M70-79DT,F,90,Single-ply,D,Single Lift,National
Standard,130,,,M70-79DT,F,100,Single-ply,S,Full Power,National
Standard,82.5,,,M70-79DT,F,100,Single-ply,B,Full Power,National
Standard,112.5,,,M70-79DT,F,100,Single-ply,D,Full Power,National
Standard,315,,,M70-79DT,F,100,Single-ply,Total,Full Power,National
Standard,67.5,,,M70-79DT,F,100,Single-ply,B,Single Lift,National
Standard,117.5,,,M70-79DT,F,100,Single-ply,D,Single Lift,National
Standard,135,,,M70-79DT,F,110,Single-ply,S,Full Power,National
Standard,87.5,,,M70-79DT,F,110,Single-ply,B,Full Power,National
Standard,120,,,M70-79DT,F,110,Single-ply,D,Full Power,National
Standard,335,,,M70-79DT,F,110,Single-ply,Total,Full Power,National
Standard,72.5,,,M70-79DT,F,110,Single-ply,B,Single Lift,National
Standard,127.5,,,M70-79DT,F,110,Single-ply,D,Single Lift,National
Standard,142.5,,,M70-79DT,F,110+,Single-ply,S,Full Power,National
Standard,90,,,M70-79DT,F,110+,Single-ply,B,Full Power,National
Standard,127.5,,,M70-79DT,F,110+,Single-ply,D,Full Power,National
Standard,350,,,M70-79DT,F,110+,Single-ply,Total,Full Power,National
Standard,80,,,M70-79DT,F,110+,Single-ply,B,Single Lift,National
Standard,135,,,M70-79DT,F,110+,Single-ply,D,Single Lift,National
Standard,177.5,,,Open,M,52,Multi-ply,S,Full Power,National
Standard,110,,,Open,M,52,Multi-ply,B,Full Power,National
Standard,155,,,Open,M,52,Multi-ply,D,Full Power,National
Standard,440,,,Open,M,52,Multi-ply,Total,Full Power,National
Standard,110,,,Open,M,52,Multi-ply,B,Single Lift,National
Standard,155,,,Open,M,52,Multi-ply,D,Single Lift,National
Standard,210,,,Open,M,56,Multi-ply,S,Full Power,National
Standard,132.5,,,Open,M,56,Multi-ply,B,Full Power,National
Standard,185,,,Open,M,56,Multi-ply,D,Full Power,National
Standard,522.5,,,Open,M,56,Multi-ply,Total,Full Power,National
Standard,132.5,,,Open,M,56,Multi-ply,B,Single Lift,National
Standard,185,,,Open,M,56,Multi-ply,D,Single Lift,National
Standard,242.5,,,Open,M,60,Multi-ply,S,Full Power,National
Standard,152.5,,,Open,M,60,Multi-ply,B,Full Power,National
Standard,212.5,,,Open,M,60,Multi-ply,D,Full Power,National
Standard,605,,,Open,M,60,Multi-ply,Total,Full Power,National
Standard,152.5,,,Open,M,60,Multi-ply,B,Single Lift,National
Standard,212.5,,,Open,M,60,Multi-ply,D,Single Lift,National
Standard,265,,,Open,M,67.5,Multi-ply,S,Full Power,National
Standard,165,,,Open,M,67.5,Multi-ply,B,Full Power,National
Standard,232.5,,,Open,M,67.5,Multi-ply,D,Full Power,National
Standard,657.5,,,Open,M,67.5,Multi-ply,Total,Full Power,National
Standard,165,,,Open,M,67.5,Multi-ply,B,Single Lift,National
Standard,232.5,,,Open,M,67.5,Multi-ply,D,Single Lift,National
Standard,305,,,Open,M,75,Multi-ply,S,Full Power,National
Standard,192.5,,,Open,M,75,Multi-ply,B,Full Power,National
Standard,267.5,,,Open,M,75,Multi-ply,D,Full Power,National
Standard,762.5,,,Open,M,75,Multi-ply,Total,Full Power,National
Standard,192.5,,,Open,M,75,Multi-ply,B,Single Lift,National
Standard,267.5,,,Open,M,75,Multi-ply,D,Single Lift,National
Standard,327.5,,,Open,M,82.5,Multi-ply,S,Full Power,National
Standard,205,,,Open,M,82.5,Multi-ply,B,Full Power,National
Standard,287.5,,,Open,M,82.5,Multi-ply,D,Full Power,National
Standard,815,,,Open,M,82.5,Multi-ply,Total,Full Power,National
Standard,205,,,Open,M,82.5,Multi-ply,B,Single Lift,National
Standard,287.5,,,Open,M,82.5,Multi-ply,D,Single Lift,National
Standard,337.5,,,Open,M,90,Multi-ply,S,Full Power,National
Standard,210,,,Open,M,90,Multi-ply,B,Full Power,National
Standard,295,,,Open,M,90,Multi-ply,D,Full Power,National
Standard,840,,,Open,M,90,Multi-ply,Total,Full Power,National
Standard,210,,,Open,M,90,Multi-ply,B,Single Lift,National
Standard,295,,,Open,M,90,Multi-ply,D,Single Lift,National
Standard,350,,,Open,M,100,Multi-ply,S,Full Power,National
Standard,220,,,Open,M,100,Multi-ply,B,Full Power,National
Standard,307.5,,,Open,M,100,Multi-ply,D,Full Power,National
Standard,872.5,,,Open,M,100,Multi-ply,Total,Full Power,National
Standard,220,,,Open,M,100,Multi-ply,B,Single Lift,National
Standard,307.5,,,Open,M,100,Multi-ply,D,Single Lift,National
Standard,370,,,Open,M,110,Multi-ply,S,Full Power,National
Standard,232.5,,,Open,M,110,Multi-ply,B,Full Power,National
Standard,325,,,Open,M,110,Multi-ply,D,Full Power,National
Standard,925,,,Open,M,110,Multi-ply,Total,Full Power,National
Standard,232.5,,,Open,M,110,Multi-ply,B,Single Lift,National
Standard,325,,,Open,M,110,Multi-ply,D,Single Lift,National
Standard,385,,,Open,M,125,Multi-ply,S,Full Power,National
Standard,242.5,,,Open,M,125,Multi-ply,B,Full Power,National
Standard,337.5,,,Open,M,125,Multi-ply,D,Full Power,National
Standard,962.5,,,Open,M,125,Multi-ply,Total,Full Power,National
Standard,242.5,,,Open,M,125,Multi-ply,B,Single Lift,National
Standard,337.5,,,Open,M,125,Multi-ply,D,Single Lift,National
Standard,402.5,,,Open,M,140,Multi-ply,S,Full Power,National
Standard,252.5,,,Open,M,140,Multi-ply,B,Full Power,National
Standard,352.5,,,Open,M,140,Multi-ply,D,Full Power,National
Standard,1005,,,Open,M,140,Multi-ply,Total,Full Power,National
Standard,252.5,,,Open,M,140,Multi-ply,B,Single Lift,National
Standard,352.5,,,Open,M,140,Multi-ply,D,Single Lift,National
Standard,410,,,Open,M,140+,Multi-ply,S,Full Power,National
Standard,257.5,,,Open,M,140+,Multi-ply,B,Full Power,National
Standard,360,,,Open,M,140+,Multi-ply,D,Full Power,National
Standard,1025,,,Open,M,140+,Multi-ply,Total,Full Power,National
Standard,257.5,,,Open,M,140+,Multi-ply,B,Single Lift,National
Standard,360,,,Open,M,140+,Multi-ply,D,Single Lift,National
Standard,132.5,,,OpenDT,M,52,Multi-ply,S,Full Power,National
Standard,82.5,,,OpenDT,M,52,Multi-ply,B,Full Power,National
Standard,117.5,,,OpenDT,M,52,Multi-ply,D,Full Power,National
Standard,330,,,OpenDT,M,52,Multi-ply,Total,Full Power,National
Standard,82.5,,,OpenDT,M,52,Multi-ply,B,Single Lift,National
Standard,117.5,,,OpenDT,M,52,Multi-ply,D,Single Lift,National
Standard,177.5,,,OpenDT,M,56,Multi-ply,S,Full Power,National
Standard,110,,,OpenDT,M,56,Multi-ply,B,Full Power,National
Standard,155,,,OpenDT,M,56,Multi-ply,D,Full Power,National
Standard,440,,,OpenDT,M,56,Multi-ply,Total,Full Power,National
Standard,110,,,OpenDT,M,56,Multi-ply,B,Single Lift,National
Standard,155,,,OpenDT,M,56,Multi-ply,D,Single Lift,National
Standard,245,,,OpenDT,M,60,Multi-ply,S,Full Power,National
Standard,152.5,,,OpenDT,M,60,Multi-ply,B,Full Power,National
Standard,215,,,OpenDT,M,60,Multi-ply,D,Full Power,National
Standard,607.5,,,OpenDT,M,60,Multi-ply,Total,Full Power,National
Standard,152.5,,,OpenDT,M,60,Multi-ply,B,Single Lift,National
Standard,215,,,OpenDT,M,60,Multi-ply,D,Single Lift,National
Standard,265,,,OpenDT,M,67.5,Multi-ply,S,Full Power,National
Standard,165,,,OpenDT,M,67.5,Multi-ply,B,Full Power,National
Standard,232.5,,,OpenDT,M,67.5,Multi-ply,D,Full Power,National
Standard,660,,,OpenDT,M,67.5,Multi-ply,Total,Full Power,National
Standard,165,,,OpenDT,M,67.5,Multi-ply,B,Single Lift,National
Standard,232.5,,,OpenDT,M,67.5,Multi-ply,D,Single Lift,National
Standard,290,,,OpenDT,M,75,Multi-ply,S,Full Power,National
Standard,180,,,OpenDT,M,75,Multi-ply,B,Full Power,National
Standard,252.5,,,OpenDT,M,75,Multi-ply,D,Full Power,National
Standard,720,,,OpenDT,M,75,Multi-ply,Total,Full Power,National
Standard,180,,,OpenDT,M,75,Multi-ply,B,Single Lift,National
Standard,252.5,,,OpenDT,M,75,Multi-ply,D,Single Lift,National
Paul Campbell,305,27/04/2025,East Midlands,OpenDT,M,82.5,Multi-ply,S,Full Power,National
Standard,190,,,OpenDT,M,82.5,Multi-ply,B,Full Power,National
Standard,265,,,OpenDT,M,82.5,Multi-ply,D,Full Power,National
Standard,752.5,,,OpenDT,M,82.5,Multi-ply,Total,Full Power,National
Standard,190,,,OpenDT,M,82.5,Multi-ply,B,Single Lift,National
Standard,265,,,OpenDT,M,82.5,Multi-ply,D,Single Lift,National
Standard,310,,,OpenDT,M,90,Multi-ply,S,Full Power,National
Standard,195,,,OpenDT,M,90,Multi-ply,B,Full Power,National
Standard,272.5,,,OpenDT,M,90,Multi-ply,D,Full Power,National
Standard,772.5,,,OpenDT,M,90,Multi-ply,Total,Full Power,National
Standard,195,,,OpenDT,M,90,Multi-ply,B,Single Lift,National
Standard,272.5,,,OpenDT,M,90,Multi-ply,D,Single Lift,National
Standard,322.5,,,OpenDT,M,100,Multi-ply,S,Full Power,National
Standard,202.5,,,OpenDT,M,100,Multi-ply,B,Full Power,National
Standard,282.5,,,OpenDT,M,100,Multi-ply,D,Full Power,National
Standard,805,,,OpenDT,M,100,Multi-ply,Total,Full Power,National
Standard,202.5,,,OpenDT,M,100,Multi-ply,B,Single Lift,National
Tom Gee,292.5,06/12/2025,National Championships,OpenDT,M,100,Multi-ply,D,Single Lift,National
Standard,332.5,,,OpenDT,M,110,Multi-ply,S,Full Power,National
Standard,207.5,,,OpenDT,M,110,Multi-ply,B,Full Power,National
Standard,292.5,,,OpenDT,M,110,Multi-ply,D,Full Power,National
Standard,830,,,OpenDT,M,110,Multi-ply,Total,Full Power,National
Standard,207.5,,,OpenDT,M,110,Multi-ply,B,Single Lift,National
Standard,292.5,,,OpenDT,M,110,Multi-ply,D,Single Lift,National
Standard,342.5,,,OpenDT,M,125,Multi-ply,S,Full Power,National
Standard,215,,,OpenDT,M,125,Multi-ply,B,Full Power,National
Standard,300,,,OpenDT,M,125,Multi-ply,D,Full Power,National
Standard,852.5,,,OpenDT,M,125,Multi-ply,Total,Full Power,National
Standard,215,,,OpenDT,M,125,Multi-ply,B,Single Lift,National
Standard,300,,,OpenDT,M,125,Multi-ply,D,Single Lift,National
Standard,350,,,OpenDT,M,140,Multi-ply,S,Full Power,National
Standard,220,,,OpenDT,M,140,Multi-ply,B,Full Power,National
Standard,307.5,,,OpenDT,M,140,Multi-ply,D,Full Power,National
Standard,872.5,,,OpenDT,M,140,Multi-ply,Total,Full Power,National
Standard,220,,,OpenDT,M,140,Multi-ply,B,Single Lift,National
Standard,307.5,,,OpenDT,M,140,Multi-ply,D,Single Lift,National
Standard,357.5,,,OpenDT,M,140+,Multi-ply,S,Full Power,National
Standard,225,,,OpenDT,M,140+,Multi-ply,B,Full Power,National
Standard,312.5,,,OpenDT,M,140+,Multi-ply,D,Full Power,National
Standard,892.5,,,OpenDT,M,140+,Multi-ply,Total,Full Power,National
Standard,225,,,OpenDT,M,140+,Multi-ply,B,Single Lift,National
Mokrane Chir,325,05/10/2025,South West,OpenDT,M,140+,Multi-ply,D,Single Lift,National
Standard,95,,,T14-15,M,52,Multi-ply,S,Full Power,National
Standard,60,,,T14-15,M,52,Multi-ply,B,Full Power,National
Standard,82.5,,,T14-15,M,52,Multi-ply,D,Full Power,National
Standard,232.5,,,T14-15,M,52,Multi-ply,Total,Full Power,National
Standard,60,,,T14-15,M,52,Multi-ply,B,Single Lift,National
Standard,82.5,,,T14-15,M,52,Multi-ply,D,Single Lift,National
Standard,112.5,,,T14-15,M,56,Multi-ply,S,Full Power,National
Standard,70,,,T14-15,M,56,Multi-ply,B,Full Power,National
Standard,97.5,,,T14-15,M,56,Multi-ply,D,Full Power,National
Standard,277.5,,,T14-15,M,56,Multi-ply,Total,Full Power,National
Standard,70,,,T14-15,M,56,Multi-ply,B,Single Lift,National
Standard,97.5,,,T14-15,M,56,Multi-ply,D,Single Lift,National
Standard,130,,,T14-15,M,60,Multi-ply,S,Full Power,National
Standard,80,,,T14-15,M,60,Multi-ply,B,Full Power,National
Standard,112.5,,,T14-15,M,60,Multi-ply,D,Full Power,National
Standard,320,,,T14-15,M,60,Multi-ply,Total,Full Power,National
Standard,80,,,T14-15,M,60,Multi-ply,B,Single Lift,National
Standard,112.5,,,T14-15,M,60,Multi-ply,D,Single Lift,National
Standard,140,,,T14-15,M,67.5,Multi-ply,S,Full Power,National
Standard,87.5,,,T14-15,M,67.5,Multi-ply,B,Full Power,National
Standard,122.5,,,T14-15,M,67.5,Multi-ply,D,Full Power,National
Standard,347.5,,,T14-15,M,67.5,Multi-ply,Total,Full Power,National
Standard,87.5,,,T14-15,M,67.5,Multi-ply,B,Single Lift,National
Standard,122.5,,,T14-15,M,67.5,Multi-ply,D,Single Lift,National
Standard,160,,,T14-15,M,75,Multi-ply,S,Full Power,National
Standard,100,,,T14-15,M,75,Multi-ply,B,Full Power,National
Standard,140,,,T14-15,M,75,Multi-ply,D,Full Power,National
Standard,400,,,T14-15,M,75,Multi-ply,Total,Full Power,National
Standard,100,,,T14-15,M,75,Multi-ply,B,Single Lift,National
Standard,140,,,T14-15,M,75,Multi-ply,D,Single Lift,National
Standard,172.5,,,T14-15,M,82.5,Multi-ply,S,Full Power,National
Standard,107.5,,,T14-15,M,82.5,Multi-ply,B,Full Power,National
Standard,152.5,,,T14-15,M,82.5,Multi-ply,D,Full Power,National
Standard,430,,,T14-15,M,82.5,Multi-ply,Total,Full Power,National
Standard,107.5,,,T14-15,M,82.5,Multi-ply,B,Single Lift,National
Standard,152.5,,,T14-15,M,82.5,Multi-ply,D,Single Lift,National
Standard,177.5,,,T14-15,M,90,Multi-ply,S,Full Power,National
Standard,112.5,,,T14-15,M,90,Multi-ply,B,Full Power,National
Standard,155,,,T14-15,M,90,Multi-ply,D,Full Power,National
Standard,442.5,,,T14-15,M,90,Multi-ply,Total,Full Power,National
Standard,112.5,,,T14-15,M,90,Multi-ply,B,Single Lift,National
Standard,155,,,T14-15,M,90,Multi-ply,D,Single Lift,National
Standard,185,,,T14-15,M,100,Multi-ply,S,Full Power,National
Standard,115,,,T14-15,M,100,Multi-ply,B,Full Power,National
Standard,162.5,,,T14-15,M,100,Multi-ply,D,Full Power,National
Standard,460,,,T14-15,M,100,Multi-ply,Total,Full Power,National
Standard,115,,,T14-15,M,100,Multi-ply,B,Single Lift,National
Standard,162.5,,,T14-15,M,100,Multi-ply,D,Single Lift,National
Standard,195,,,T14-15,M,110,Multi-ply,S,Full Power,National
Standard,122.5,,,T14-15,M,110,Multi-ply,B,Full Power,National
Standard,170,,,T14-15,M,110,Multi-ply,D,Full Power,National
Standard,485,,,T14-15,M,110,Multi-ply,Total,Full Power,National
Standard,122.5,,,T14-15,M,110,Multi-ply,B,Single Lift,National
Standard,170,,,T14-15,M,110,Multi-ply,D,Single Lift,National
Standard,205,,,T14-15,M,125,Multi-ply,S,Full Power,National
Standard,127.5,,,T14-15,M,125,Multi-ply,B,Full Power,National
Standard,180,,,T14-15,M,125,Multi-ply,D,Full Power,National
Standard,507.5,,,T14-15,M,125,Multi-ply,Total,Full Power,National
Standard,127.5,,,T14-15,M,125,Multi-ply,B,Single Lift,National
Standard,180,,,T14-15,M,125,Multi-ply,D,Single Lift,National
Standard,212.5,,,T14-15,M,140,Multi-ply,S,Full Power,National
Standard,132.5,,,T14-15,M,140,Multi-ply,B,Full Power,National
Standard,185,,,T14-15,M,140,Multi-ply,D,Full Power,National
Standard,527.5,,,T14-15,M,140,Multi-ply,Total,Full Power,National
Standard,132.5,,,T14-15,M,140,Multi-ply,B,Single Lift,National
Standard,185,,,T14-15,M,140,Multi-ply,D,Single Lift,National
Standard,217.5,,,T14-15,M,140+,Multi-ply,S,Full Power,National
Standard,135,,,T14-15,M,140+,Multi-ply,B,Full Power,National
Standard,190,,,T14-15,M,140+,Multi-ply,D,Full Power,National
Standard,540,,,T14-15,M,140+,Multi-ply,Total,Full Power,National
Standard,135,,,T14-15,M,140+,Multi-ply,B,Single Lift,National
Standard,190,,,T14-15,M,140+,Multi-ply,D,Single Lift,National
Standard,72.5,,,T14-15DT,M,52,Multi-ply,S,Full Power,National
Standard,45,,,T14-15DT,M,52,Multi-ply,B,Full Power,National
Standard,62.5,,,T14-15DT,M,52,Multi-ply,D,Full Power,National
Standard,177.5,,,T14-15DT,M,52,Multi-ply,Total,Full Power,National
Standard,45,,,T14-15DT,M,52,Multi-ply,B,Single Lift,National
Standard,62.5,,,T14-15DT,M,52,Multi-ply,D,Single Lift,National
Standard,95,,,T14-15DT,M,56,Multi-ply,S,Full Power,National
Standard,60,,,T14-15DT,M,56,Multi-ply,B,Full Power,National
Standard,82.5,,,T14-15DT,M,56,Multi-ply,D,Full Power,National
Standard,232.5,,,T14-15DT,M,56,Multi-ply,Total,Full Power,National
Standard,60,,,T14-15DT,M,56,Multi-ply,B,Single Lift,National
Standard,82.5,,,T14-15DT,M,56,Multi-ply,D,Single Lift,National
Standard,130,,,T14-15DT,M,60,Multi-ply,S,Full Power,National
Standard,80,,,T14-15DT,M,60,Multi-ply,B,Full Power,National
Standard,112.5,,,T14-15DT,M,60,Multi-ply,D,Full Power,National
Standard,320,,,T14-15DT,M,60,Multi-ply,Total,Full Power,National
Standard,80,,,T14-15DT,M,60,Multi-ply,B,Single Lift,National
Standard,112.5,,,T14-15DT,M,60,Multi-ply,D,Single Lift,National
Standard,140,,,T14-15DT,M,67.5,Multi-ply,S,Full Power,National
Standard,87.5,,,T14-15DT,M,67.5,Multi-ply,B,Full Power,National
Standard,122.5,,,T14-15DT,M,67.5,Multi-ply,D,Full Power,National
Standard,350,,,T14-15DT,M,67.5,Multi-ply,Total,Full Power,National
Standard,87.5,,,T14-15DT,M,67.5,Multi-ply,B,Single Lift,National
Standard,122.5,,,T14-15DT,M,67.5,Multi-ply,D,Single Lift,National
Standard,152.5,,,T14-15DT,M,75,Multi-ply,S,Full Power,National
Standard,95,,,T14-15DT,M,75,Multi-ply,B,Full Power,National
Standard,135,,,T14-15DT,M,75,Multi-ply,D,Full Power,National
Standard,380,,,T14-15DT,M,75,Multi-ply,Total,Full Power,National
Standard,95,,,T14-15DT,M,75,Multi-ply,B,Single Lift,National
Standard,135,,,T14-15DT,M,75,Multi-ply,D,Single Lift,National
Standard,160,,,T14-15DT,M,82.5,Multi-ply,S,Full Power,National
Standard,100,,,T14-15DT,M,82.5,Multi-ply,B,Full Power,National
Standard,140,,,T14-15DT,M,82.5,Multi-ply,D,Full Power,National
Standard,397.5,,,T14-15DT,M,82.5,Multi-ply,Total,Full Power,National
Standard,100,,,T14-15DT,M,82.5,Multi-ply,B,Single Lift,National
Standard,140,,,T14-15DT,M,82.5,Multi-ply,D,Single Lift,National
Standard,165,,,T14-15DT,M,90,Multi-ply,S,Full Power,National
Standard,102.5,,,T14-15DT,M,90,Multi-ply,B,Full Power,National
Standard,145,,,T14-15DT,M,90,Multi-ply,D,Full Power,National
Standard,407.5,,,T14-15DT,M,90,Multi-ply,Total,Full Power,National
Standard,102.5,,,T14-15DT,M,90,Multi-ply,B,Single Lift,National
Standard,145,,,T14-15DT,M,90,Multi-ply,D,Single Lift,National
Standard,170,,,T14-15DT,M,100,Multi-ply,S,Full Power,National
Standard,107.5,,,T14-15DT,M,100,Multi-ply,B,Full Power,National
Standard,150,,,T14-15DT,M,100,Multi-ply,D,Full Power,National
Standard,425,,,T14-15DT,M,100,Multi-ply,Total,Full Power,National
Standard,107.5,,,T14-15DT,M,100,Multi-ply,B,Single Lift,National
Standard,150,,,T14-15DT,M,100,Multi-ply,D,Single Lift,National
Standard,175,,,T14-15DT,M,110,Multi-ply,S,Full Power,National
Standard,110,,,T14-15DT,M,110,Multi-ply,B,Full Power,National
Standard,155,,,T14-15DT,M,110,Multi-ply,D,Full Power,National
Standard,437.5,,,T14-15DT,M,110,Multi-ply,Total,Full Power,National
Standard,110,,,T14-15DT,M,110,Multi-ply,B,Single Lift,National
Standard,155,,,T14-15DT,M,110,Multi-ply,D,Single Lift,National
Standard,180,,,T14-15DT,M,125,Multi-ply,S,Full Power,National
Standard,112.5,,,T14-15DT,M,125,Multi-ply,B,Full Power,National
Standard,157.5,,,T14-15DT,M,125,Multi-ply,D,Full Power,National
Standard,447.5,,,T14-15DT,M,125,Multi-ply,Total,Full Power,National
Standard,112.5,,,T14-15DT,M,125,Multi-ply,B,Single Lift,National
Standard,157.5,,,T14-15DT,M,125,Multi-ply,D,Single Lift,National
Standard,185,,,T14-15DT,M,140,Multi-ply,S,Full Power,National
Standard,115,,,T14-15DT,M,140,Multi-ply,B,Full Power,National
Standard,162.5,,,T14-15DT,M,140,Multi-ply,D,Full Power,National
Standard,460,,,T14-15DT,M,140,Multi-ply,Total,Full Power,National
Standard,115,,,T14-15DT,M,140,Multi-ply,B,Single Lift,National
Standard,162.5,,,T14-15DT,M,140,Multi-ply,D,Single Lift,National
Standard,190,,,T14-15DT,M,140+,Multi-ply,S,Full Power,National
Standard,117.5,,,T14-15DT,M,140+,Multi-ply,B,Full Power,National
Standard,165,,,T14-15DT,M,140+,Multi-ply,D,Full Power,National
Standard,470,,,T14-15DT,M,140+,Multi-ply,Total,Full Power,National
Standard,117.5,,,T14-15DT,M,140+,Multi-ply,B,Single Lift,National
Standard,165,,,T14-15DT,M,140+,Multi-ply,D,Single Lift,National
Standard,110,,,T16-17,M,52,Multi-ply,S,Full Power,National
Standard,70,,,T16-17,M,52,Multi-ply,B,Full Power,National
Standard,97.5,,,T16-17,M,52,Multi-ply,D,Full Power,National
Standard,272.5,,,T16-17,M,52,Multi-ply,Total,Full Power,National
Standard,70,,,T16-17,M,52,Multi-ply,B,Single Lift,National
Standard,97.5,,,T16-17,M,52,Multi-ply,D,Single Lift,National
Standard,130,,,T16-17,M,56,Multi-ply,S,Full Power,National
Standard,82.5,,,T16-17,M,56,Multi-ply,B,Full Power,National
Standard,115,,,T16-17,M,56,Multi-ply,D,Full Power,National
Standard,325,,,T16-17,M,56,Multi-ply,Total,Full Power,National
Standard,82.5,,,T16-17,M,56,Multi-ply,B,Single Lift,National
Standard,115,,,T16-17,M,56,Multi-ply,D,Single Lift,National
Standard,150,,,T16-17,M,60,Multi-ply,S,Full Power,National
Standard,95,,,T16-17,M,60,Multi-ply,B,Full Power,National
Standard,132.5,,,T16-17,M,60,Multi-ply,D,Full Power,National
Standard,375,,,T16-17,M,60,Multi-ply,Total,Full Power,National
Standard,95,,,T16-17,M,60,Multi-ply,B,Single Lift,National
Standard,132.5,,,T16-17,M,60,Multi-ply,D,Single Lift,National
Standard,165,,,T16-17,M,67.5,Multi-ply,S,Full Power,National
Standard,102.5,,,T16-17,M,67.5,Multi-ply,B,Full Power,National
Standard,145,,,T16-17,M,67.5,Multi-ply,D,Full Power,National
Standard,407.5,,,T16-17,M,67.5,Multi-ply,Total,Full Power,National
Standard,102.5,,,T16-17,M,67.5,Multi-ply,B,Single Lift,National
Standard,145,,,T16-17,M,67.5,Multi-ply,D,Single Lift,National
Standard,190,,,T16-17,M,75,Multi-ply,S,Full Power,National
Standard,117.5,,,T16-17,M,75,Multi-ply,B,Full Power,National
Standard,165,,,T16-17,M,75,Multi-ply,D,Full Power,National
Standard,470,,,T16-17,M,75,Multi-ply,Total,Full Power,National
Standard,117.5,,,T16-17,M,75,Multi-ply,B,Single Lift,National
Standard,165,,,T16-17,M,75,Multi-ply,D,Single Lift,National
Gregory Pearson,396,05/10/2025,South West,T16-17,M,82.5,Multi-ply,S,Full Power,National
Gregory Pearson,245,05/10/2025,South West,T16-17,M,82.5,Multi-ply,B,Full Power,National
Gregory Pearson,325,05/10/2025,South West,T16-17,M,82.5,Multi-ply,D,Full Power,National
Gregory Pearson,966,05/10/2025,South West,T16-17,M,82.5,Multi-ply,Total,Full Power,National
Standard,127.5,,,T16-17,M,82.5,Multi-ply,B,Single Lift,National
Standard,177.5,,,T16-17,M,82.5,Multi-ply,D,Single Lift,National
Standard,210,,,T16-17,M,90,Multi-ply,S,Full Power,National
Standard,130,,,T16-17,M,90,Multi-ply,B,Full Power,National
Standard,182.5,,,T16-17,M,90,Multi-ply,D,Full Power,National
Standard,520,,,T16-17,M,90,Multi-ply,Total,Full Power,National
Standard,130,,,T16-17,M,90,Multi-ply,B,Single Lift,National
Standard,182.5,,,T16-17,M,90,Multi-ply,D,Single Lift,National
Standard,217.5,,,T16-17,M,100,Multi-ply,S,Full Power,National
Standard,135,,,T16-17,M,100,Multi-ply,B,Full Power,National
Standard,190,,,T16-17,M,100,Multi-ply,D,Full Power,National
Standard,540,,,T16-17,M,100,Multi-ply,Total,Full Power,National
Standard,135,,,T16-17,M,100,Multi-ply,B,Single Lift,National
Standard,190,,,T16-17,M,100,Multi-ply,D,Single Lift,National
Standard,230,,,T16-17,M,110,Multi-ply,S,Full Power,National
Standard,142.5,,,T16-17,M,110,Multi-ply,B,Full Power,National
Standard,200,,,T16-17,M,110,Multi-ply,D,Full Power,National
Standard,570,,,T16-17,M,110,Multi-ply,Total,Full Power,National
Standard,142.5,,,T16-17,M,110,Multi-ply,B,Single Lift,National
Standard,200,,,T16-17,M,110,Multi-ply,D,Single Lift,National
Standard,240,,,T16-17,M,125,Multi-ply,S,Full Power,National
Standard,150,,,T16-17,M,125,Multi-ply,B,Full Power,National
Standard,210,,,T16-17,M,125,Multi-ply,D,Full Power,National
Standard,595,,,T16-17,M,125,Multi-ply,Total,Full Power,National
Standard,150,,,T16-17,M,125,Multi-ply,B,Single Lift,National
Standard,210,,,T16-17,M,125,Multi-ply,D,Single Lift,National
Standard,250,,,T16-17,M,140,Multi-ply,S,Full Power,National
Standard,155,,,T16-17,M,140,Multi-ply,B,Full Power,National
Standard,217.5,,,T16-17,M,140,Multi-ply,D,Full Power,National
Standard,620,,,T16-17,M,140,Multi-ply,Total,Full Power,National
Standard,155,,,T16-17,M,140,Multi-ply,B,Single Lift,National
Standard,217.5,,,T16-17,M,140,Multi-ply,D,Single Lift,National
Standard,255,,,T16-17,M,140+,Multi-ply,S,Full Power,National
Standard,160,,,T16-17,M,140+,Multi-ply,B,Full Power,National
Standard,222.5,,,T16-17,M,140+,Multi-ply,D,Full Power,National
Standard,632.5,,,T16-17,M,140+,Multi-ply,Total,Full Power,National
Standard,160,,,T16-17,M,140+,Multi-ply,B,Single Lift,National
Standard,222.5,,,T16-17,M,140+,Multi-ply,D,Single Lift,National
Standard,85,,,T16-17DT,M,52,Multi-ply,S,Full Power,National
Standard,52.5,,,T16-17DT,M,52,Multi-ply,B,Full Power,National
Standard,75,,,T16-17DT,M,52,Multi-ply,D,Full Power,National
Standard,207.5,,,T16-17DT,M,52,Multi-ply,Total,Full Power,National
Standard,52.5,,,T16-17DT,M,52,Multi-ply,B,Single Lift,National
Standard,75,,,T16-17DT,M,52,Multi-ply,D,Single Lift,National
Standard,110,,,T16-17DT,M,56,Multi-ply,S,Full Power,National
Standard,70,,,T16-17DT,M,56,Multi-ply,B,Full Power,National
Standard,97.5,,,T16-17DT,M,56,Multi-ply,D,Full Power,National
Standard,272.5,,,T16-17DT,M,56,Multi-ply,Total,Full Power,National
Standard,70,,,T16-17DT,M,56,Multi-ply,B,Single Lift,National
Standard,97.5,,,T16-17DT,M,56,Multi-ply,D,Single Lift,National
Standard,150,,,T16-17DT,M,60,Multi-ply,S,Full Power,National
Standard,95,,,T16-17DT,M,60,Multi-ply,B,Full Power,National
Standard,132.5,,,T16-17DT,M,60,Multi-ply,D,Full Power,National
Standard,375,,,T16-17DT,M,60,Multi-ply,Total,Full Power,National
Standard,95,,,T16-17DT,M,60,Multi-ply,B,Single Lift,National
Standard,132.5,,,T16-17DT,M,60,Multi-ply,D,Single Lift,National
Standard,165,,,T16-17DT,M,67.5,Multi-ply,S,Full Power,National
Standard,102.5,,,T16-17DT,M,67.5,Multi-ply,B,Full Power,National
Standard,145,,,T16-17DT,M,67.5,Multi-ply,D,Full Power,National
Standard,410,,,T16-17DT,M,67.5,Multi-ply,Total,Full Power,National
Standard,102.5,,,T16-17DT,M,67.5,Multi-ply,B,Single Lift,National
Standard,145,,,T16-17DT,M,67.5,Multi-ply,D,Single Lift,National
Standard,180,,,T16-17DT,M,75,Multi-ply,S,Full Power,National
Standard,112.5,,,T16-17DT,M,75,Multi-ply,B,Full Power,National
Standard,157.5,,,T16-17DT,M,75,Multi-ply,D,Full Power,National
Standard,445,,,T16-17DT,M,75,Multi-ply,Total,Full Power,National
Standard,112.5,,,T16-17DT,M,75,Multi-ply,B,Single Lift,National
Standard,157.5,,,T16-17DT,M,75,Multi-ply,D,Single Lift,National
Standard,187.5,,,T16-17DT,M,82.5,Multi-ply,S,Full Power,National
Standard,117.5,,,T16-17DT,M,82.5,Multi-ply,B,Full Power,National
Standard,165,,,T16-17DT,M,82.5,Multi-ply,D,Full Power,National
Standard,465,,,T16-17DT,M,82.5,Multi-ply,Total,Full Power,National
Standard,117.5,,,T16-17DT,M,82.5,Multi-ply,B,Single Lift,National
Standard,165,,,T16-17DT,M,82.5,Multi-ply,D,Single Lift,National
Standard,192.5,,,T16-17DT,M,90,Multi-ply,S,Full Power,National
Standard,120,,,T16-17DT,M,90,Multi-ply,B,Full Power,National
Standard,167.5,,,T16-17DT,M,90,Multi-ply,D,Full Power,National
Standard,477.5,,,T16-17DT,M,90,Multi-ply,Total,Full Power,National
Standard,120,,,T16-17DT,M,90,Multi-ply,B,Single Lift,National
Standard,167.5,,,T16-17DT,M,90,Multi-ply,D,Single Lift,National
Standard,200,,,T16-17DT,M,100,Multi-ply,S,Full Power,National
Standard,125,,,T16-17DT,M,100,Multi-ply,B,Full Power,National
Standard,175,,,T16-17DT,M,100,Multi-ply,D,Full Power,National
Standard,497.5,,,T16-17DT,M,100,Multi-ply,Total,Full Power,National
Standard,125,,,T16-17DT,M,100,Multi-ply,B,Single Lift,National
Standard,175,,,T16-17DT,M,100,Multi-ply,D,Single Lift,National
Standard,205,,,T16-17DT,M,110,Multi-ply,S,Full Power,National
Standard,130,,,T16-17DT,M,110,Multi-ply,B,Full Power,National
Standard,180,,,T16-17DT,M,110,Multi-ply,D,Full Power,National
Standard,512.5,,,T16-17DT,M,110,Multi-ply,Total,Full Power,National
Standard,130,,,T16-17DT,M,110,Multi-ply,B,Single Lift,National
Standard,180,,,T16-17DT,M,110,Multi-ply,D,Single Lift,National
Standard,210,,,T16-17DT,M,125,Multi-ply,S,Full Power,National
Standard,132.5,,,T16-17DT,M,125,Multi-ply,B,Full Power,National
Standard,185,,,T16-17DT,M,125,Multi-ply,D,Full Power,National
Standard,525,,,T16-17DT,M,125,Multi-ply,Total,Full Power,National
Standard,132.5,,,T16-17DT,M,125,Multi-ply,B,Single Lift,National
Standard,185,,,T16-17DT,M,125,Multi-ply,D,Single Lift,National
Standard,217.5,,,T16-17DT,M,140,Multi-ply,S,Full Power,National
Standard,135,,,T16-17DT,M,140,Multi-ply,B,Full Power,National
Standard,190,,,T16-17DT,M,140,Multi-ply,D,Full Power,National
Standard,540,,,T16-17DT,M,140,Multi-ply,Total,Full Power,National
Standard,135,,,T16-17DT,M,140,Multi-ply,B,Single Lift,National
Standard,190,,,T16-17DT,M,140,Multi-ply,D,Single Lift,National
Standard,222.5,,,T16-17DT,M,140+,Multi-ply,S,Full Power,National
Standard,140,,,T16-17DT,M,140+,Multi-ply,B,Full Power,National
Standard,195,,,T16-17DT,M,140+,Multi-ply,D,Full Power,National
Standard,552.5,,,T16-17DT,M,140+,Multi-ply,Total,Full Power,National
Standard,140,,,T16-17DT,M,140+,Multi-ply,B,Single Lift,National
Standard,195,,,T16-17DT,M,140+,Multi-ply,D,Single Lift,National
Standard,130,,,T18-19,M,52,Multi-ply,S,Full Power,National
Standard,80,,,T18-19,M,52,Multi-ply,B,Full Power,National
Standard,112.5,,,T18-19,M,52,Multi-ply,D,Full Power,National
Standard,320,,,T18-19,M,52,Multi-ply,Total,Full Power,National
Standard,80,,,T18-19,M,52,Multi-ply,B,Single Lift,National
Standard,112.5,,,T18-19,M,52,Multi-ply,D,Single Lift,National
Standard,152.5,,,T18-19,M,56,Multi-ply,S,Full Power,National
Standard,95,,,T18-19,M,56,Multi-ply,B,Full Power,National
Standard,135,,,T18-19,M,56,Multi-ply,D,Full Power,National
Standard,380,,,T18-19,M,56,Multi-ply,Total,Full Power,National
Standard,95,,,T18-19,M,56,Multi-ply,B,Single Lift,National
Standard,135,,,T18-19,M,56,Multi-ply,D,Single Lift,National
Standard,177.5,,,T18-19,M,60,Multi-ply,S,Full Power,National
Standard,110,,,T18-19,M,60,Multi-ply,B,Full Power,National
Standard,155,,,T18-19,M,60,Multi-ply,D,Full Power,National
Standard,440,,,T18-19,M,60,Multi-ply,Total,Full Power,National
Standard,110,,,T18-19,M,60,Multi-ply,B,Single Lift,National
Standard,155,,,T18-19,M,60,Multi-ply,D,Single Lift,National
Standard,192.5,,,T18-19,M,67.5,Multi-ply,S,Full Power,National
Standard,120,,,T18-19,M,67.5,Multi-ply,B,Full Power,National
Standard,167.5,,,T18-19,M,67.5,Multi-ply,D,Full Power,National
Standard,477.5,,,T18-19,M,67.5,Multi-ply,Total,Full Power,National
Standard,120,,,T18-19,M,67.5,Multi-ply,B,Single Lift,National
Standard,167.5,,,T18-19,M,67.5,Multi-ply,D,Single Lift,National
Standard,222.5,,,T18-19,M,75,Multi-ply,S,Full Power,National
Standard,140,,,T18-19,M,75,Multi-ply,B,Full Power,National
Standard,195,,,T18-19,M,75,Multi-ply,D,Full Power,National
Standard,552.5,,,T18-19,M,75,Multi-ply,Total,Full Power,National
Standard,140,,,T18-19,M,75,Multi-ply,B,Single Lift,National
Standard,195,,,T18-19,M,75,Multi-ply,D,Single Lift,National
Standard,237.5,,,T18-19,M,82.5,Multi-ply,S,Full Power,National
Standard,150,,,T18-19,M,82.5,Multi-ply,B,Full Power,National
Standard,207.5,,,T18-19,M,82.5,Multi-ply,D,Full Power,National
Standard,592.5,,,T18-19,M,82.5,Multi-ply,Total,Full Power,National
Standard,150,,,T18-19,M,82.5,Multi-ply,B,Single Lift,National
Standard,207.5,,,T18-19,M,82.5,Multi-ply,D,Single Lift,National
Standard,245,,,T18-19,M,90,Multi-ply,S,Full Power,National
Standard,152.5,,,T18-19,M,90,Multi-ply,B,Full Power,National
Standard,215,,,T18-19,M,90,Multi-ply,D,Full Power,National
Standard,610,,,T18-19,M,90,Multi-ply,Total,Full Power,National
Standard,152.5,,,T18-19,M,90,Multi-ply,B,Single Lift,National
Standard,215,,,T18-19,M,90,Multi-ply,D,Single Lift,National
Standard,255,,,T18-19,M,100,Multi-ply,S,Full Power,National
Standard,160,,,T18-19,M,100,Multi-ply,B,Full Power,National
Standard,222.5,,,T18-19,M,100,Multi-ply,D,Full Power,National
Standard,632.5,,,T18-19,M,100,Multi-ply,Total,Full Power,National
Standard,160,,,T18-19,M,100,Multi-ply,B,Single Lift,National
Standard,222.5,,,T18-19,M,100,Multi-ply,D,Single Lift,National
Standard,270,,,T18-19,M,110,Multi-ply,S,Full Power,National
Standard,167.5,,,T18-19,M,110,Multi-ply,B,Full Power,National
Standard,235,,,T18-19,M,110,Multi-ply,D,Full Power,National
Standard,670,,,T18-19,M,110,Multi-ply,Total,Full Power,National
Standard,167.5,,,T18-19,M,110,Multi-ply,B,Single Lift,National
Standard,235,,,T18-19,M,110,Multi-ply,D,Single Lift,National
Standard,280,,,T18-19,M,125,Multi-ply,S,Full Power,National
Standard,175,,,T18-19,M,125,Multi-ply,B,Full Power,National
Standard,245,,,T18-19,M,125,Multi-ply,D,Full Power,National
Standard,697.5,,,T18-19,M,125,Multi-ply,Total,Full Power,National
Standard,175,,,T18-19,M,125,Multi-ply,B,Single Lift,National
Standard,245,,,T18-19,M,125,Multi-ply,D,Single Lift,National
Standard,292.5,,,T18-19,M,140,Multi-ply,S,Full Power,National
Standard,182.5,,,T18-19,M,140,Multi-ply,B,Full Power,National
Standard,255,,,T18-19,M,140,Multi-ply,D,Full Power,National
Standard,727.5,,,T18-19,M,140,Multi-ply,Total,Full Power,National
Standard,182.5,,,T18-19,M,140,Multi-ply,B,Single Lift,National
Standard,255,,,T18-19,M,140,Multi-ply,D,Single Lift,National
Standard,297.5,,,T18-19,M,140+,Multi-ply,S,Full Power,National
Standard,187.5,,,T18-19,M,140+,Multi-ply,B,Full Power,National
Standard,260,,,T18-19,M,140+,Multi-ply,D,Full Power,National
Standard,742.5,,,T18-19,M,140+,Multi-ply,Total,Full Power,National
Standard,187.5,,,T18-19,M,140+,Multi-ply,B,Single Lift,National
Standard,260,,,T18-19,M,140+,Multi-ply,D,Single Lift,National
Standard,97.5,,,T18-19DT,M,52,Multi-ply,S,Full Power,National
Standard,62.5,,,T18-19DT,M,52,Multi-ply,B,Full Power,National
Standard,85,,,T18-19DT,M,52,Multi-ply,D,Full Power,National
Standard,242.5,,,T18-19DT,M,52,Multi-ply,Total,Full Power,National
Standard,62.5,,,T18-19DT,M,52,Multi-ply,B,Single Lift,National
Standard,85,,,T18-19DT,M,52,Multi-ply,D,Single Lift,National
Standard,130,,,T18-19DT,M,56,Multi-ply,S,Full Power,National
Standard,80,,,T18-19DT,M,56,Multi-ply,B,Full Power,National
Standard,112.5,,,T18-19DT,M,56,Multi-ply,D,Full Power,National
Standard,320,,,T18-19DT,M,56,Multi-ply,Total,Full Power,National
Standard,80,,,T18-19DT,M,56,Multi-ply,B,Single Lift,National
Standard,112.5,,,T18-19DT,M,56,Multi-ply,D,Single Lift,National
Standard,177.5,,,T18-19DT,M,60,Multi-ply,S,Full Power,National
Standard,110,,,T18-19DT,M,60,Multi-ply,B,Full Power,National
Standard,155,,,T18-19DT,M,60,Multi-ply,D,Full Power,National
Standard,440,,,T18-19DT,M,60,Multi-ply,Total,Full Power,National
Standard,110,,,T18-19DT,M,60,Multi-ply,B,Single Lift,National
Standard,155,,,T18-19DT,M,60,Multi-ply,D,Single Lift,National
Standard,192.5,,,T18-19DT,M,67.5,Multi-ply,S,Full Power,National
Standard,120,,,T18-19DT,M,67.5,Multi-ply,B,Full Power,National
Standard,170,,,T18-19DT,M,67.5,Multi-ply,D,Full Power,National
Standard,480,,,T18-19DT,M,67.5,Multi-ply,Total,Full Power,National
Standard,120,,,T18-19DT,M,67.5,Multi-ply,B,Single Lift,National
Standard,170,,,T18-19DT,M,67.5,Multi-ply,D,Single Lift,National
Standard,210,,,T18-19DT,M,75,Multi-ply,S,Full Power,National
Standard,132.5,,,T18-19DT,M,75,Multi-ply,B,Full Power,National
Standard,185,,,T18-19DT,M,75,Multi-ply,D,Full Power,National
Standard,522.5,,,T18-19DT,M,75,Multi-ply,Total,Full Power,National
Standard,132.5,,,T18-19DT,M,75,Multi-ply,B,Single Lift,National
Standard,185,,,T18-19DT,M,75,Multi-ply,D,Single Lift,National
Standard,220,,,T18-19DT,M,82.5,Multi-ply,S,Full Power,National
Standard,137.5,,,T18-19DT,M,82.5,Multi-ply,B,Full Power,National
Standard,192.5,,,T18-19DT,M,82.5,Multi-ply,D,Full Power,National
Standard,545,,,T18-19DT,M,82.5,Multi-ply,Total,Full Power,National
Standard,137.5,,,T18-19DT,M,82.5,Multi-ply,B,Single Lift,National
Standard,192.5,,,T18-19DT,M,82.5,Multi-ply,D,Single Lift,National
Standard,225,,,T18-19DT,M,90,Multi-ply,S,Full Power,National
Standard,140,,,T18-19DT,M,90,Multi-ply,B,Full Power,National
Standard,197.5,,,T18-19DT,M,90,Multi-ply,D,Full Power,National
Standard,560,,,T18-19DT,M,90,Multi-ply,Total,Full Power,National
Standard,140,,,T18-19DT,M,90,Multi-ply,B,Single Lift,National
Standard,197.5,,,T18-19DT,M,90,Multi-ply,D,Single Lift,National
Standard,235,,,T18-19DT,M,100,Multi-ply,S,Full Power,National
Standard,147.5,,,T18-19DT,M,100,Multi-ply,B,Full Power,National
Standard,205,,,T18-19DT,M,100,Multi-ply,D,Full Power,National
Standard,582.5,,,T18-19DT,M,100,Multi-ply,Total,Full Power,National
Standard,147.5,,,T18-19DT,M,100,Multi-ply,B,Single Lift,National
Standard,205,,,T18-19DT,M,100,Multi-ply,D,Single Lift,National
Charlie Roberts,310,18/08/2024,South West,T18-19DT,M,110,Multi-ply,S,Full Power,National
Charlie Roberts,155,18/08/2024,South West,T18-19DT,M,110,Multi-ply,B,Full Power,National
Charlie Roberts,240,18/08/2024,South West,T18-19DT,M,110,Multi-ply,D,Full Power,National
Charlie Roberts,705,18/08/2024,South West,T18-19DT,M,110,Multi-ply,Total,Full Power,National
Standard,152.5,,,T18-19DT,M,110,Multi-ply,B,Single Lift,National
Standard,212.5,,,T18-19DT,M,110,Multi-ply,D,Single Lift,National
Standard,247.5,,,T18-19DT,M,125,Multi-ply,S,Full Power,National
Standard,155,,,T18-19DT,M,125,Multi-ply,B,Full Power,National
Standard,217.5,,,T18-19DT,M,125,Multi-ply,D,Full Power,National
Standard,617.5,,,T18-19DT,M,125,Multi-ply,Total,Full Power,National
Standard,155,,,T18-19DT,M,125,Multi-ply,B,Single Lift,National
Standard,217.5,,,T18-19DT,M,125,Multi-ply,D,Single Lift,National
Standard,255,,,T18-19DT,M,140,Multi-ply,S,Full Power,National
Standard,160,,,T18-19DT,M,140,Multi-ply,B,Full Power,National
Standard,222.5,,,T18-19DT,M,140,Multi-ply,D,Full Power,National
Standard,632.5,,,T18-19DT,M,140,Multi-ply,Total,Full Power,National
Standard,160,,,T18-19DT,M,140,Multi-ply,B,Single Lift,National
Standard,222.5,,,T18-19DT,M,140,Multi-ply,D,Single Lift,National
Standard,260,,,T18-19DT,M,140+,Multi-ply,S,Full Power,National
Standard,162.5,,,T18-19DT,M,140+,Multi-ply,B,Full Power,National
Standard,227.5,,,T18-19DT,M,140+,Multi-ply,D,Full Power,National
Standard,647.5,,,T18-19DT,M,140+,Multi-ply,Total,Full Power,National
Standard,162.5,,,T18-19DT,M,140+,Multi-ply,B,Single Lift,National
Standard,227.5,,,T18-19DT,M,140+,Multi-ply,D,Single Lift,National
Standard,150,,,Junior,M,52,Multi-ply,S,Full Power,National
Standard,95,,,Junior,M,52,Multi-ply,B,Full Power,National
Standard,132.5,,,Junior,M,52,Multi-ply,D,Full Power,National
Standard,375,,,Junior,M,52,Multi-ply,Total,Full Power,National
Standard,95,,,Junior,M,52,Multi-ply,B,Single Lift,National
Standard,132.5,,,Junior,M,52,Multi-ply,D,Single Lift,National
Standard,180,,,Junior,M,56,Multi-ply,S,Full Power,National
Standard,112.5,,,Junior,M,56,Multi-ply,B,Full Power,National
Standard,157.5,,,Junior,M,56,Multi-ply,D,Full Power,National
Standard,445,,,Junior,M,56,Multi-ply,Total,Full Power,National
Standard,112.5,,,Junior,M,56,Multi-ply,B,Single Lift,National
Standard,157.5,,,Junior,M,56,Multi-ply,D,Single Lift,National
Standard,207.5,,,Junior,M,60,Multi-ply,S,Full Power,National
Standard,130,,,Junior,M,60,Multi-ply,B,Full Power,National
Standard,182.5,,,Junior,M,60,Multi-ply,D,Full Power,National
Standard,515,,,Junior,M,60,Multi-ply,Total,Full Power,National
Standard,130,,,Junior,M,60,Multi-ply,B,Single Lift,National
Standard,182.5,,,Junior,M,60,Multi-ply,D,Single Lift,National
Standard,225,,,Junior,M,67.5,Multi-ply,S,Full Power,National
Standard,140,,,Junior,M,67.5,Multi-ply,B,Full Power,National
Standard,197.5,,,Junior,M,67.5,Multi-ply,D,Full Power,National
Standard,560,,,Junior,M,67.5,Multi-ply,Total,Full Power,National
Standard,140,,,Junior,M,67.5,Multi-ply,B,Single Lift,National
Standard,197.5,,,Junior,M,67.5,Multi-ply,D,Single Lift,National
Standard,260,,,Junior,M,75,Multi-ply,S,Full Power,National
Standard,162.5,,,Junior,M,75,Multi-ply,B,Full Power,National
Standard,227.5,,,Junior,M,75,Multi-ply,D,Full Power,National
Standard,650,,,Junior,M,75,Multi-ply,Total,Full Power,National
Standard,162.5,,,Junior,M,75,Multi-ply,B,Single Lift,National
Standard,227.5,,,Junior,M,75,Multi-ply,D,Single Lift,National
Standard,280,,,Junior,M,82.5,Multi-ply,S,Full Power,National
Standard,175,,,Junior,M,82.5,Multi-ply,B,Full Power,National
Standard,245,,,Junior,M,82.5,Multi-ply,D,Full Power,National
Standard,695,,,Junior,M,82.5,Multi-ply,Total,Full Power,National
Standard,175,,,Junior,M,82.5,Multi-ply,B,Single Lift,National
Standard,245,,,Junior,M,82.5,Multi-ply,D,Single Lift,National
Standard,287.5,,,Junior,M,90,Multi-ply,S,Full Power,National
Standard,180,,,Junior,M,90,Multi-ply,B,Full Power,National
Standard,252.5,,,Junior,M,90,Multi-ply,D,Full Power,National
Standard,715,,,Junior,M,90,Multi-ply,Total,Full Power,National
Standard,180,,,Junior,M,90,Multi-ply,B,Single Lift,National
Standard,252.5,,,Junior,M,90,Multi-ply,D,Single Lift,National
Standard,297.5,,,Junior,M,100,Multi-ply,S,Full Power,National
Standard,187.5,,,Junior,M,100,Multi-ply,B,Full Power,National
Standard,260,,,Junior,M,100,Multi-ply,D,Full Power,National
Standard,742.5,,,Junior,M,100,Multi-ply,Total,Full Power,National
Standard,187.5,,,Junior,M,100,Multi-ply,B,Single Lift,National
Standard,260,,,Junior,M,100,Multi-ply,D,Single Lift,National
Standard,315,,,Junior,M,110,Multi-ply,S,Full Power,National
Standard,197.5,,,Junior,M,110,Multi-ply,B,Full Power,National
Standard,277.5,,,Junior,M,110,Multi-ply,D,Full Power,National
Standard,787.5,,,Junior,M,110,Multi-ply,Total,Full Power,National
Standard,197.5,,,Junior,M,110,Multi-ply,B,Single Lift,National
Standard,277.5,,,Junior,M,110,Multi-ply,D,Single Lift,National
Standard,330,,,Junior,M,125,Multi-ply,S,Full Power,National
Standard,205,,,Junior,M,125,Multi-ply,B,Full Power,National
Standard,287.5,,,Junior,M,125,Multi-ply,D,Full Power,National
Standard,820,,,Junior,M,125,Multi-ply,Total,Full Power,National
Standard,205,,,Junior,M,125,Multi-ply,B,Single Lift,National
Standard,287.5,,,Junior,M,125,Multi-ply,D,Single Lift,National
Standard,342.5,,,Junior,M,140,Multi-ply,S,Full Power,National
Standard,215,,,Junior,M,140,Multi-ply,B,Full Power,National
Standard,300,,,Junior,M,140,Multi-ply,D,Full Power,National
Standard,855,,,Junior,M,140,Multi-ply,Total,Full Power,National
Standard,215,,,Junior,M,140,Multi-ply,B,Single Lift,National
Standard,300,,,Junior,M,140,Multi-ply,D,Single Lift,National
Standard,350,,,Junior,M,140+,Multi-ply,S,Full Power,National
Standard,220,,,Junior,M,140+,Multi-ply,B,Full Power,National
Standard,307.5,,,Junior,M,140+,Multi-ply,D,Full Power,National
Standard,872.5,,,Junior,M,140+,Multi-ply,Total,Full Power,National
Standard,220,,,Junior,M,140+,Multi-ply,B,Single Lift,National
Standard,307.5,,,Junior,M,140+,Multi-ply,D,Single Lift,National
Standard,115,,,JuniorDT,M,52,Multi-ply,S,Full Power,National
Standard,72.5,,,JuniorDT,M,52,Multi-ply,B,Full Power,National
Standard,100,,,JuniorDT,M,52,Multi-ply,D,Full Power,National
Standard,282.5,,,JuniorDT,M,52,Multi-ply,Total,Full Power,National
Standard,72.5,,,JuniorDT,M,52,Multi-ply,B,Single Lift,National
Standard,100,,,JuniorDT,M,52,Multi-ply,D,Single Lift,National
Standard,150,,,JuniorDT,M,56,Multi-ply,S,Full Power,National
Standard,95,,,JuniorDT,M,56,Multi-ply,B,Full Power,National
Standard,132.5,,,JuniorDT,M,56,Multi-ply,D,Full Power,National
Standard,375,,,JuniorDT,M,56,Multi-ply,Total,Full Power,National
Standard,95,,,JuniorDT,M,56,Multi-ply,B,Single Lift,National
Standard,132.5,,,JuniorDT,M,56,Multi-ply,D,Single Lift,National
Standard,207.5,,,JuniorDT,M,60,Multi-ply,S,Full Power,National
Standard,130,,,JuniorDT,M,60,Multi-ply,B,Full Power,National
Standard,182.5,,,JuniorDT,M,60,Multi-ply,D,Full Power,National
Standard,517.5,,,JuniorDT,M,60,Multi-ply,Total,Full Power,National
Standard,130,,,JuniorDT,M,60,Multi-ply,B,Single Lift,National
Standard,182.5,,,JuniorDT,M,60,Multi-ply,D,Single Lift,National
Standard,225,,,JuniorDT,M,67.5,Multi-ply,S,Full Power,National
Standard,142.5,,,JuniorDT,M,67.5,Multi-ply,B,Full Power,National
Standard,197.5,,,JuniorDT,M,67.5,Multi-ply,D,Full Power,National
Standard,562.5,,,JuniorDT,M,67.5,Multi-ply,Total,Full Power,National
Standard,142.5,,,JuniorDT,M,67.5,Multi-ply,B,Single Lift,National
Standard,197.5,,,JuniorDT,M,67.5,Multi-ply,D,Single Lift,National
Standard,245,,,JuniorDT,M,75,Multi-ply,S,Full Power,National
Standard,155,,,JuniorDT,M,75,Multi-ply,B,Full Power,National
Nathan Lynch,240,05/10/2025,South West,JuniorDT,M,75,Multi-ply,D,Full Power,National
Nathan Lynch,620,05/10/2025,South West,JuniorDT,M,75,Multi-ply,Total,Full Power,National
Standard,155,,,JuniorDT,M,75,Multi-ply,B,Single Lift,National
Standard,215,,,JuniorDT,M,75,Multi-ply,D,Single Lift,National
Nathan Lynch,258,06/12/2025,National Championships,JuniorDT,M,82.5,Multi-ply,S,Full Power,National
Nathan Lynch,160.5,06/12/2025,National Championships,JuniorDT,M,82.5,Multi-ply,B,Full Power,National
Nathan Lynch,242.5,06/12/2025,National Championships,JuniorDT,M,82.5,Multi-ply,D,Full Power,National
Nathan Lynch,661,06/12/2025,National Championships,JuniorDT,M,82.5,Multi-ply,Total,Full Power,National
Standard,160,,,JuniorDT,M,82.5,Multi-ply,B,Single Lift,National
Standard,225,,,JuniorDT,M,82.5,Multi-ply,D,Single Lift,National
Standard,265,,,JuniorDT,M,90,Multi-ply,S,Full Power,National
Standard,165,,,JuniorDT,M,90,Multi-ply,B,Full Power,National
Standard,232.5,,,JuniorDT,M,90,Multi-ply,D,Full Power,National
Standard,657.5,,,JuniorDT,M,90,Multi-ply,Total,Full Power,National
Standard,165,,,JuniorDT,M,90,Multi-ply,B,Single Lift,National
Standard,232.5,,,JuniorDT,M,90,Multi-ply,D,Single Lift,National
Standard,275,,,JuniorDT,M,100,Multi-ply,S,Full Power,National
Standard,172.5,,,JuniorDT,M,100,Multi-ply,B,Full Power,National
Standard,240,,,JuniorDT,M,100,Multi-ply,D,Full Power,National
Standard,685,,,JuniorDT,M,100,Multi-ply,Total,Full Power,National
Standard,172.5,,,JuniorDT,M,100,Multi-ply,B,Single Lift,National
Standard,240,,,JuniorDT,M,100,Multi-ply,D,Single Lift,National
Standard,285,,,JuniorDT,M,110,Multi-ply,S,Full Power,National
Standard,177.5,,,JuniorDT,M,110,Multi-ply,B,Full Power,National
Standard,250,,,JuniorDT,M,110,Multi-ply,D,Full Power,National
Standard,707.5,,,JuniorDT,M,110,Multi-ply,Total,Full Power,National
Standard,177.5,,,JuniorDT,M,110,Multi-ply,B,Single Lift,National
Standard,250,,,JuniorDT,M,110,Multi-ply,D,Single Lift,National
Standard,290,,,JuniorDT,M,125,Multi-ply,S,Full Power,National
Standard,182.5,,,JuniorDT,M,125,Multi-ply,B,Full Power,National
Standard,255,,,JuniorDT,M,125,Multi-ply,D,Full Power,National
Standard,725,,,JuniorDT,M,125,Multi-ply,Total,Full Power,National
Standard,182.5,,,JuniorDT,M,125,Multi-ply,B,Single Lift,National
Standard,255,,,JuniorDT,M,125,Multi-ply,D,Single Lift,National
Standard,297.5,,,JuniorDT,M,140,Multi-ply,S,Full Power,National
Standard,187.5,,,JuniorDT,M,140,Multi-ply,B,Full Power,National
Standard,260,,,JuniorDT,M,140,Multi-ply,D,Full Power,National
Standard,742.5,,,JuniorDT,M,140,Multi-ply,Total,Full Power,National
Standard,187.5,,,JuniorDT,M,140,Multi-ply,B,Single Lift,National
Standard,260,,,JuniorDT,M,140,Multi-ply,D,Single Lift,National
Standard,305,,,JuniorDT,M,140+,Multi-ply,S,Full Power,National
Standard,190,,,JuniorDT,M,140+,Multi-ply,B,Full Power,National
Standard,267.5,,,JuniorDT,M,140+,Multi-ply,D,Full Power,National
Standard,760,,,JuniorDT,M,140+,Multi-ply,Total,Full Power,National
Standard,190,,,JuniorDT,M,140+,Multi-ply,B,Single Lift,National
Standard,267.5,,,JuniorDT,M,140+,Multi-ply,D,Single Lift,National
Standard,155,,,M40-49,M,52,Multi-ply,S,Full Power,National
Standard,97.5,,,M40-49,M,52,Multi-ply,B,Full Power,National
Standard,135,,,M40-49,M,52,Multi-ply,D,Full Power,National
Standard,385,,,M40-49,M,52,Multi-ply,Total,Full Power,National
Standard,97.5,,,M40-49,M,52,Multi-ply,B,Single Lift,National
Standard,135,,,M40-49,M,52,Multi-ply,D,Single Lift,National
Standard,185,,,M40-49,M,56,Multi-ply,S,Full Power,National
Standard,115,,,M40-49,M,56,Multi-ply,B,Full Power,National
Standard,162.5,,,M40-49,M,56,Multi-ply,D,Full Power,National
Standard,457.5,,,M40-49,M,56,Multi-ply,Total,Full Power,National
Standard,115,,,M40-49,M,56,Multi-ply,B,Single Lift,National
Standard,162.5,,,M40-49,M,56,Multi-ply,D,Single Lift,National
Standard,212.5,,,M40-49,M,60,Multi-ply,S,Full Power,National
Standard,132.5,,,M40-49,M,60,Multi-ply,B,Full Power,National
Standard,187.5,,,M40-49,M,60,Multi-ply,D,Full Power,National
Standard,530,,,M40-49,M,60,Multi-ply,Total,Full Power,National
Standard,132.5,,,M40-49,M,60,Multi-ply,B,Single Lift,National
Standard,187.5,,,M40-49,M,60,Multi-ply,D,Single Lift,National
Standard,232.5,,,M40-49,M,67.5,Multi-ply,S,Full Power,National
Standard,145,,,M40-49,M,67.5,Multi-ply,B,Full Power,National
Standard,202.5,,,M40-49,M,67.5,Multi-ply,D,Full Power,National
Standard,577.5,,,M40-49,M,67.5,Multi-ply,Total,Full Power,National
Standard,145,,,M40-49,M,67.5,Multi-ply,B,Single Lift,National
Standard,202.5,,,M40-49,M,67.5,Multi-ply,D,Single Lift,National
Standard,267.5,,,M40-49,M,75,Multi-ply,S,Full Power,National
Standard,167.5,,,M40-49,M,75,Multi-ply,B,Full Power,National
Standard,235,,,M40-49,M,75,Multi-ply,D,Full Power,National
Standard,667.5,,,M40-49,M,75,Multi-ply,Total,Full Power,National
Standard,167.5,,,M40-49,M,75,Multi-ply,B,Single Lift,National
Standard,235,,,M40-49,M,75,Multi-ply,D,Single Lift,National
Standard,287.5,,,M40-49,M,82.5,Multi-ply,S,Full Power,National
Standard,180,,,M40-49,M,82.5,Multi-ply,B,Full Power,National
Standard,252.5,,,M40-49,M,82.5,Multi-ply,D,Full Power,National
Standard,715,,,M40-49,M,82.5,Multi-ply,Total,Full Power,National
Standard,180,,,M40-49,M,82.5,Multi-ply,B,Single Lift,National
Standard,252.5,,,M40-49,M,82.5,Multi-ply,D,Single Lift,National
Standard,295,,,M40-49,M,90,Multi-ply,S,Full Power,National
Standard,185,,,M40-49,M,90,Multi-ply,B,Full Power,National
Standard,257.5,,,M40-49,M,90,Multi-ply,D,Full Power,National
Standard,735,,,M40-49,M,90,Multi-ply,Total,Full Power,National
Standard,185,,,M40-49,M,90,Multi-ply,B,Single Lift,National
Standard,257.5,,,M40-49,M,90,Multi-ply,D,Single Lift,National
Standard,307.5,,,M40-49,M,100,Multi-ply,S,Full Power,National
Standard,192.5,,,M40-49,M,100,Multi-ply,B,Full Power,National
Standard,270,,,M40-49,M,100,Multi-ply,D,Full Power,National
Standard,765,,,M40-49,M,100,Multi-ply,Total,Full Power,National
Standard,192.5,,,M40-49,M,100,Multi-ply,B,Single Lift,National
Standard,270,,,M40-49,M,100,Multi-ply,D,Single Lift,National
Standard,325,,,M40-49,M,110,Multi-ply,S,Full Power,National
Standard,202.5,,,M40-49,M,110,Multi-ply,B,Full Power,National
Standard,285,,,M40-49,M,110,Multi-ply,D,Full Power,National
Standard,810,,,M40-49,M,110,Multi-ply,Total,Full Power,National
Standard,202.5,,,M40-49,M,110,Multi-ply,B,Single Lift,National
Standard,285,,,M40-49,M,110,Multi-ply,D,Single Lift,National
Standard,337.5,,,M40-49,M,125,Multi-ply,S,Full Power,National
Standard,212.5,,,M40-49,M,125,Multi-ply,B,Full Power,National
Standard,295,,,M40-49,M,125,Multi-ply,D,Full Power,National
Standard,842.5,,,M40-49,M,125,Multi-ply,Total,Full Power,National
Standard,212.5,,,M40-49,M,125,Multi-ply,B,Single Lift,National
Marian Lighean,305,01/02/2026,West Yorkshire,M40-49,M,125,Multi-ply,D,Single Lift,National
Standard,352.5,,,M40-49,M,140,Multi-ply,S,Full Power,National
Standard,220,,,M40-49,M,140,Multi-ply,B,Full Power,National
Standard,310,,,M40-49,M,140,Multi-ply,D,Full Power,National
Standard,880,,,M40-49,M,140,Multi-ply,Total,Full Power,National
Standard,220,,,M40-49,M,140,Multi-ply,B,Single Lift,National
Standard,310,,,M40-49,M,140,Multi-ply,D,Single Lift,National
Standard,360,,,M40-49,M,140+,Multi-ply,S,Full Power,National
Standard,225,,,M40-49,M,140+,Multi-ply,B,Full Power,National
Standard,315,,,M40-49,M,140+,Multi-ply,D,Full Power,National
Standard,897.5,,,M40-49,M,140+,Multi-ply,Total,Full Power,National
Standard,225,,,M40-49,M,140+,Multi-ply,B,Single Lift,National
Standard,315,,,M40-49,M,140+,Multi-ply,D,Single Lift,National
Standard,135,,,M50-59,M,52,Multi-ply,S,Full Power,National
Standard,85,,,M50-59,M,52,Multi-ply,B,Full Power,National
Standard,120,,,M50-59,M,52,Multi-ply,D,Full Power,National
Standard,337.5,,,M50-59,M,52,Multi-ply,Total,Full Power,National
Standard,85,,,M50-59,M,52,Multi-ply,B,Single Lift,National
Standard,120,,,M50-59,M,52,Multi-ply,D,Single Lift,National
Standard,162.5,,,M50-59,M,56,Multi-ply,S,Full Power,National
Standard,102.5,,,M50-59,M,56,Multi-ply,B,Full Power,National
Standard,142.5,,,M50-59,M,56,Multi-ply,D,Full Power,National
Standard,402.5,,,M50-59,M,56,Multi-ply,Total,Full Power,National
Standard,102.5,,,M50-59,M,56,Multi-ply,B,Single Lift,National
Standard,142.5,,,M50-59,M,56,Multi-ply,D,Single Lift,National
Standard,187.5,,,M50-59,M,60,Multi-ply,S,Full Power,National
Standard,117.5,,,M50-59,M,60,Multi-ply,B,Full Power,National
Standard,165,,,M50-59,M,60,Multi-ply,D,Full Power,National
Standard,465,,,M50-59,M,60,Multi-ply,Total,Full Power,National
Standard,117.5,,,M50-59,M,60,Multi-ply,B,Single Lift,National
Standard,165,,,M50-59,M,60,Multi-ply,D,Single Lift,National
Standard,205,,,M50-59,M,67.5,Multi-ply,S,Full Power,National
Standard,127.5,,,M50-59,M,67.5,Multi-ply,B,Full Power,National
Standard,180,,,M50-59,M,67.5,Multi-ply,D,Full Power,National
Standard,507.5,,,M50-59,M,67.5,Multi-ply,Total,Full Power,National
Standard,127.5,,,M50-59,M,67.5,Multi-ply,B,Single Lift,National
Standard,180,,,M50-59,M,67.5,Multi-ply,D,Single Lift,National
Standard,235,,,M50-59,M,75,Multi-ply,S,Full Power,National
Standard,147.5,,,M50-59,M,75,Multi-ply,B,Full Power,National
Standard,205,,,M50-59,M,75,Multi-ply,D,Full Power,National
Standard,585,,,M50-59,M,75,Multi-ply,Total,Full Power,National
Standard,147.5,,,M50-59,M,75,Multi-ply,B,Single Lift,National
Standard,205,,,M50-59,M,75,Multi-ply,D,Single Lift,National
Standard,252.5,,,M50-59,M,82.5,Multi-ply,S,Full Power,National
Standard,157.5,,,M50-59,M,82.5,Multi-ply,B,Full Power,National
Standard,220,,,M50-59,M,82.5,Multi-ply,D,Full Power,National
Standard,627.5,,,M50-59,M,82.5,Multi-ply,Total,Full Power,National
Richard Lambert,158,09/03/2025,East Coast,M50-59,M,82.5,Multi-ply,B,Single Lift,National
Standard,220,,,M50-59,M,82.5,Multi-ply,D,Single Lift,National
Standard,260,,,M50-59,M,90,Multi-ply,S,Full Power,National
Standard,162.5,,,M50-59,M,90,Multi-ply,B,Full Power,National
Standard,227.5,,,M50-59,M,90,Multi-ply,D,Full Power,National
Standard,645,,,M50-59,M,90,Multi-ply,Total,Full Power,National
Standard,162.5,,,M50-59,M,90,Multi-ply,B,Single Lift,National
Standard,227.5,,,M50-59,M,90,Multi-ply,D,Single Lift,National
Standard,270,,,M50-59,M,100,Multi-ply,S,Full Power,National
Standard,167.5,,,M50-59,M,100,Multi-ply,B,Full Power,National
Standard,235,,,M50-59,M,100,Multi-ply,D,Full Power,National
Standard,670,,,M50-59,M,100,Multi-ply,Total,Full Power,National
Standard,167.5,,,M50-59,M,100,Multi-ply,B,Single Lift,National
Standard,235,,,M50-59,M,100,Multi-ply,D,Single Lift,National
Standard,285,,,M50-59,M,110,Multi-ply,S,Full Power,National
Standard,177.5,,,M50-59,M,110,Multi-ply,B,Full Power,National
Standard,250,,,M50-59,M,110,Multi-ply,D,Full Power,National
Standard,710,,,M50-59,M,110,Multi-ply,Total,Full Power,National
Standard,177.5,,,M50-59,M,110,Multi-ply,B,Single Lift,National
Standard,250,,,M50-59,M,110,Multi-ply,D,Single Lift,National
Standard,295,,,M50-59,M,125,Multi-ply,S,Full Power,National
Standard,185,,,M50-59,M,125,Multi-ply,B,Full Power,National
Standard,260,,,M50-59,M,125,Multi-ply,D,Full Power,National
Standard,737.5,,,M50-59,M,125,Multi-ply,Total,Full Power,National
Standard,185,,,M50-59,M,125,Multi-ply,B,Single Lift,National
Standard,260,,,M50-59,M,125,Multi-ply,D,Single Lift,National
Standard,310,,,M50-59,M,140,Multi-ply,S,Full Power,National
Standard,192.5,,,M50-59,M,140,Multi-ply,B,Full Power,National
Standard,270,,,M50-59,M,140,Multi-ply,D,Full Power,National
Standard,770,,,M50-59,M,140,Multi-ply,Total,Full Power,National
Standard,192.5,,,M50-59,M,140,Multi-ply,B,Single Lift,National
Standard,270,,,M50-59,M,140,Multi-ply,D,Single Lift,National
Standard,315,,,M50-59,M,140+,Multi-ply,S,Full Power,National
Standard,197.5,,,M50-59,M,140+,Multi-ply,B,Full Power,National
Standard,277.5,,,M50-59,M,140+,Multi-ply,D,Full Power,National
Standard,787.5,,,M50-59,M,140+,Multi-ply,Total,Full Power,National
Standard,197.5,,,M50-59,M,140+,Multi-ply,B,Single Lift,National
Standard,277.5,,,M50-59,M,140+,Multi-ply,D,Single Lift,National
Standard,120,,,M60-69,M,52,Multi-ply,S,Full Power,National
Standard,75,,,M60-69,M,52,Multi-ply,B,Full Power,National
Standard,105,,,M60-69,M,52,Multi-ply,D,Full Power,National
Standard,297.5,,,M60-69,M,52,Multi-ply,Total,Full Power,National
Standard,75,,,M60-69,M,52,Multi-ply,B,Single Lift,National
Standard,105,,,M60-69,M,52,Multi-ply,D,Single Lift,National
Standard,142.5,,,M60-69,M,56,Multi-ply,S,Full Power,National
Standard,90,,,M60-69,M,56,Multi-ply,B,Full Power,National
Standard,125,,,M60-69,M,56,Multi-ply,D,Full Power,National
Standard,352.5,,,M60-69,M,56,Multi-ply,Total,Full Power,National
Standard,90,,,M60-69,M,56,Multi-ply,B,Single Lift,National
Standard,125,,,M60-69,M,56,Multi-ply,D,Single Lift,National
Standard,165,,,M60-69,M,60,Multi-ply,S,Full Power,National
Standard,102.5,,,M60-69,M,60,Multi-ply,B,Full Power,National
Standard,145,,,M60-69,M,60,Multi-ply,D,Full Power,National
Standard,407.5,,,M60-69,M,60,Multi-ply,Total,Full Power,National
Standard,102.5,,,M60-69,M,60,Multi-ply,B,Single Lift,National
Standard,145,,,M60-69,M,60,Multi-ply,D,Single Lift,National
Standard,180,,,M60-69,M,67.5,Multi-ply,S,Full Power,National
Standard,112.5,,,M60-69,M,67.5,Multi-ply,B,Full Power,National
Standard,157.5,,,M60-69,M,67.5,Multi-ply,D,Full Power,National
Standard,445,,,M60-69,M,67.5,Multi-ply,Total,Full Power,National
Standard,112.5,,,M60-69,M,67.5,Multi-ply,B,Single Lift,National
Standard,157.5,,,M60-69,M,67.5,Multi-ply,D,Single Lift,National
Standard,205,,,M60-69,M,75,Multi-ply,S,Full Power,National
Standard,130,,,M60-69,M,75,Multi-ply,B,Full Power,National
Standard,180,,,M60-69,M,75,Multi-ply,D,Full Power,National
Standard,512.5,,,M60-69,M,75,Multi-ply,Total,Full Power,National
Standard,130,,,M60-69,M,75,Multi-ply,B,Single Lift,National
Standard,180,,,M60-69,M,75,Multi-ply,D,Single Lift,National
Standard,220,,,M60-69,M,82.5,Multi-ply,S,Full Power,National
Standard,137.5,,,M60-69,M,82.5,Multi-ply,B,Full Power,National
Standard,192.5,,,M60-69,M,82.5,Multi-ply,D,Full Power,National
Standard,550,,,M60-69,M,82.5,Multi-ply,Total,Full Power,National
Standard,137.5,,,M60-69,M,82.5,Multi-ply,B,Single Lift,National
Standard,192.5,,,M60-69,M,82.5,Multi-ply,D,Single Lift,National
Standard,227.5,,,M60-69,M,90,Multi-ply,S,Full Power,National
Standard,142.5,,,M60-69,M,90,Multi-ply,B,Full Power,National
Standard,200,,,M60-69,M,90,Multi-ply,D,Full Power,National
Standard,565,,,M60-69,M,90,Multi-ply,Total,Full Power,National
Standard,142.5,,,M60-69,M,90,Multi-ply,B,Single Lift,National
Standard,200,,,M60-69,M,90,Multi-ply,D,Single Lift,National
Standard,235,,,M60-69,M,100,Multi-ply,S,Full Power,National
Standard,147.5,,,M60-69,M,100,Multi-ply,B,Full Power,National
Standard,207.5,,,M60-69,M,100,Multi-ply,D,Full Power,National
Standard,587.5,,,M60-69,M,100,Multi-ply,Total,Full Power,National
Standard,147.5,,,M60-69,M,100,Multi-ply,B,Single Lift,National
Standard,207.5,,,M60-69,M,100,Multi-ply,D,Single Lift,National
Standard,250,,,M60-69,M,110,Multi-ply,S,Full Power,National
Standard,157.5,,,M60-69,M,110,Multi-ply,B,Full Power,National
Standard,220,,,M60-69,M,110,Multi-ply,D,Full Power,National
Standard,622.5,,,M60-69,M,110,Multi-ply,Total,Full Power,National
Standard,157.5,,,M60-69,M,110,Multi-ply,B,Single Lift,National
Standard,220,,,M60-69,M,110,Multi-ply,D,Single Lift,National
Standard,260,,,M60-69,M,125,Multi-ply,S,Full Power,National
Standard,162.5,,,M60-69,M,125,Multi-ply,B,Full Power,National
Standard,227.5,,,M60-69,M,125,Multi-ply,D,Full Power,National
Standard,647.5,,,M60-69,M,125,Multi-ply,Total,Full Power,National
Standard,162.5,,,M60-69,M,125,Multi-ply,B,Single Lift,National
Standard,227.5,,,M60-69,M,125,Multi-ply,D,Single Lift,National
Standard,270,,,M60-69,M,140,Multi-ply,S,Full Power,National
Standard,170,,,M60-69,M,140,Multi-ply,B,Full Power,National
Standard,237.5,,,M60-69,M,140,Multi-ply,D,Full Power,National
Standard,675,,,M60-69,M,140,Multi-ply,Total,Full Power,National
Standard,170,,,M60-69,M,140,Multi-ply,B,Single Lift,National
Standard,237.5,,,M60-69,M,140,Multi-ply,D,Single Lift,National
Standard,277.5,,,M60-69,M,140+,Multi-ply,S,Full Power,National
Standard,172.5,,,M60-69,M,140+,Multi-ply,B,Full Power,National
Standard,242.5,,,M60-69,M,140+,Multi-ply,D,Full Power,National
Standard,690,,,M60-69,M,140+,Multi-ply,Total,Full Power,National
Standard,172.5,,,M60-69,M,140+,Multi-ply,B,Single Lift,National
Standard,242.5,,,M60-69,M,140+,Multi-ply,D,Single Lift,National
Standard,117.5,,,M40-49DT,M,52,Multi-ply,S,Full Power,National
Standard,72.5,,,M40-49DT,M,52,Multi-ply,B,Full Power,National
Standard,102.5,,,M40-49DT,M,52,Multi-ply,D,Full Power,National
Standard,290,,,M40-49DT,M,52,Multi-ply,Total,Full Power,National
Standard,72.5,,,M40-49DT,M,52,Multi-ply,B,Single Lift,National
Standard,102.5,,,M40-49DT,M,52,Multi-ply,D,Single Lift,National
Standard,155,,,M40-49DT,M,56,Multi-ply,S,Full Power,National
Standard,97.5,,,M40-49DT,M,56,Multi-ply,B,Full Power,National
Standard,135,,,M40-49DT,M,56,Multi-ply,D,Full Power,National
Standard,385,,,M40-49DT,M,56,Multi-ply,Total,Full Power,National
Standard,97.5,,,M40-49DT,M,56,Multi-ply,B,Single Lift,National
Standard,135,,,M40-49DT,M,56,Multi-ply,D,Single Lift,National
Standard,215,,,M40-49DT,M,60,Multi-ply,S,Full Power,National
Standard,135,,,M40-49DT,M,60,Multi-ply,B,Full Power,National
Standard,187.5,,,M40-49DT,M,60,Multi-ply,D,Full Power,National
Standard,532.5,,,M40-49DT,M,60,Multi-ply,Total,Full Power,National
Standard,135,,,M40-49DT,M,60,Multi-ply,B,Single Lift,National
Standard,187.5,,,M40-49DT,M,60,Multi-ply,D,Single Lift,National
Standard,232.5,,,M40-49DT,M,67.5,Multi-ply,S,Full Power,National
Standard,145,,,M40-49DT,M,67.5,Multi-ply,B,Full Power,National
Standard,202.5,,,M40-49DT,M,67.5,Multi-ply,D,Full Power,National
Standard,577.5,,,M40-49DT,M,67.5,Multi-ply,Total,Full Power,National
Standard,145,,,M40-49DT,M,67.5,Multi-ply,B,Single Lift,National
Standard,202.5,,,M40-49DT,M,67.5,Multi-ply,D,Single Lift,National
Standard,252.5,,,M40-49DT,M,75,Multi-ply,S,Full Power,National
Standard,157.5,,,M40-49DT,M,75,Multi-ply,B,Full Power,National
Standard,222.5,,,M40-49DT,M,75,Multi-ply,D,Full Power,National
Standard,630,,,M40-49DT,M,75,Multi-ply,Total,Full Power,National
Standard,157.5,,,M40-49DT,M,75,Multi-ply,B,Single Lift,National
Standard,222.5,,,M40-49DT,M,75,Multi-ply,D,Single Lift,National
Paul Campbell,305,27/04/2025,East Midlands,M40-49DT,M,82.5,Multi-ply,S,Full Power,National
Paul Campbell,180,27/04/2025,East Midlands,M40-49DT,M,82.5,Multi-ply,B,Full Power,National
Paul Campbell,240,27/04/2025,East Midlands,M40-49DT,M,82.5,Multi-ply,D,Full Power,National
Paul Campbell,725,27/04/2025,East Midlands,M40-49DT,M,82.5,Multi-ply,Total,Full Power,National
Standard,165,,,M40-49DT,M,82.5,Multi-ply,B,Single Lift,National
Standard,232.5,,,M40-49DT,M,82.5,Multi-ply,D,Single Lift,National
Standard,272.5,,,M40-49DT,M,90,Multi-ply,S,Full Power,National
Standard,170,,,M40-49DT,M,90,Multi-ply,B,Full Power,National
Standard,237.5,,,M40-49DT,M,90,Multi-ply,D,Full Power,National
Standard,677.5,,,M40-49DT,M,90,Multi-ply,Total,Full Power,National
Standard,170,,,M40-49DT,M,90,Multi-ply,B,Single Lift,National
Standard,237.5,,,M40-49DT,M,90,Multi-ply,D,Single Lift,National
Standard,282.5,,,M40-49DT,M,100,Multi-ply,S,Full Power,National
Standard,177.5,,,M40-49DT,M,100,Multi-ply,B,Full Power,National
Standard,247.5,,,M40-49DT,M,100,Multi-ply,D,Full Power,National
Standard,705,,,M40-49DT,M,100,Multi-ply,Total,Full Power,National
Standard,177.5,,,M40-49DT,M,100,Multi-ply,B,Single Lift,National
Standard,280,,,M40-49DT,M,100,Multi-ply,D,Single Lift,National
Standard,292.5,,,M40-49DT,M,110,Multi-ply,S,Full Power,National
Standard,182.5,,,M40-49DT,M,110,Multi-ply,B,Full Power,National
Standard,255,,,M40-49DT,M,110,Multi-ply,D,Full Power,National
Standard,727.5,,,M40-49DT,M,110,Multi-ply,Total,Full Power,National
Standard,182.5,,,M40-49DT,M,110,Multi-ply,B,Single Lift,National
Standard,255,,,M40-49DT,M,110,Multi-ply,D,Single Lift,National
Standard,300,,,M40-49DT,M,125,Multi-ply,S,Full Power,National
Standard,187.5,,,M40-49DT,M,125,Multi-ply,B,Full Power,National
Standard,262.5,,,M40-49DT,M,125,Multi-ply,D,Full Power,National
Standard,747.5,,,M40-49DT,M,125,Multi-ply,Total,Full Power,National
Standard,187.5,,,M40-49DT,M,125,Multi-ply,B,Single Lift,National
Standard,262.5,,,M40-49DT,M,125,Multi-ply,D,Single Lift,National
Standard,307.5,,,M40-49DT,M,140,Multi-ply,S,Full Power,National
Standard,192.5,,,M40-49DT,M,140,Multi-ply,B,Full Power,National
John Strange,270.5,30/03/2025,South West,M40-49DT,M,140,Multi-ply,D,Full Power,National
Standard,765,,,M40-49DT,M,140,Multi-ply,Total,Full Power,National
Standard,192.5,,,M40-49DT,M,140,Multi-ply,B,Single Lift,National
Standard,270,,,M40-49DT,M,140,Multi-ply,D,Single Lift,National
Standard,315,,,M40-49DT,M,140+,Multi-ply,S,Full Power,National
Standard,197.5,,,M40-49DT,M,140+,Multi-ply,B,Full Power,National
Standard,275,,,M40-49DT,M,140+,Multi-ply,D,Full Power,National
Standard,782.5,,,M40-49DT,M,140+,Multi-ply,Total,Full Power,National
Standard,197.5,,,M40-49DT,M,140+,Multi-ply,B,Single Lift,National
Standard,275,,,M40-49DT,M,140+,Multi-ply,D,Single Lift,National
Standard,102.5,,,M50-59DT,M,52,Multi-ply,S,Full Power,National
Standard,65,,,M50-59DT,M,52,Multi-ply,B,Full Power,National
Standard,90,,,M50-59DT,M,52,Multi-ply,D,Full Power,National
Standard,255,,,M50-59DT,M,52,Multi-ply,Total,Full Power,National
Standard,65,,,M50-59DT,M,52,Multi-ply,B,Single Lift,National
Standard,90,,,M50-59DT,M,52,Multi-ply,D,Single Lift,National
Standard,135,,,M50-59DT,M,56,Multi-ply,S,Full Power,National
Standard,85,,,M50-59DT,M,56,Multi-ply,B,Full Power,National
Standard,120,,,M50-59DT,M,56,Multi-ply,D,Full Power,National
Standard,337.5,,,M50-59DT,M,56,Multi-ply,Total,Full Power,National
Standard,85,,,M50-59DT,M,56,Multi-ply,B,Single Lift,National
Standard,120,,,M50-59DT,M,56,Multi-ply,D,Single Lift,National
Standard,187.5,,,M50-59DT,M,60,Multi-ply,S,Full Power,National
Standard,117.5,,,M50-59DT,M,60,Multi-ply,B,Full Power,National
Standard,165,,,M50-59DT,M,60,Multi-ply,D,Full Power,National
Standard,467.5,,,M50-59DT,M,60,Multi-ply,Total,Full Power,National
Standard,117.5,,,M50-59DT,M,60,Multi-ply,B,Single Lift,National
Standard,165,,,M50-59DT,M,60,Multi-ply,D,Single Lift,National
Standard,205,,,M50-59DT,M,67.5,Multi-ply,S,Full Power,National
Standard,127.5,,,M50-59DT,M,67.5,Multi-ply,B,Full Power,National
Standard,180,,,M50-59DT,M,67.5,Multi-ply,D,Full Power,National
Standard,507.5,,,M50-59DT,M,67.5,Multi-ply,Total,Full Power,National
Standard,127.5,,,M50-59DT,M,67.5,Multi-ply,B,Single Lift,National
Standard,180,,,M50-59DT,M,67.5,Multi-ply,D,Single Lift,National
Standard,222.5,,,M50-59DT,M,75,Multi-ply,S,Full Power,National
Standard,140,,,M50-59DT,M,75,Multi-ply,B,Full Power,National
Standard,195,,,M50-59DT,M,75,Multi-ply,D,Full Power,National
Standard,552.5,,,M50-59DT,M,75,Multi-ply,Total,Full Power,National
Standard,140,,,M50-59DT,M,75,Multi-ply,B,Single Lift,National
Standard,195,,,M50-59DT,M,75,Multi-ply,D,Single Lift,National
Standard,232.5,,,M50-59DT,M,82.5,Multi-ply,S,Full Power,National
Standard,145,,,M50-59DT,M,82.5,Multi-ply,B,Full Power,National
Standard,202.5,,,M50-59DT,M,82.5,Multi-ply,D,Full Power,National
Standard,577.5,,,M50-59DT,M,82.5,Multi-ply,Total,Full Power,National
Standard,145,,,M50-59DT,M,82.5,Multi-ply,B,Single Lift,National
Standard,202.5,,,M50-59DT,M,82.5,Multi-ply,D,Single Lift,National
Standard,240,,,M50-59DT,M,90,Multi-ply,S,Full Power,National
Standard,150,,,M50-59DT,M,90,Multi-ply,B,Full Power,National
Standard,210,,,M50-59DT,M,90,Multi-ply,D,Full Power,National
Standard,595,,,M50-59DT,M,90,Multi-ply,Total,Full Power,National
Standard,150,,,M50-59DT,M,90,Multi-ply,B,Single Lift,National
Standard,210,,,M50-59DT,M,90,Multi-ply,D,Single Lift,National
Standard,247.5,,,M50-59DT,M,100,Multi-ply,S,Full Power,National
Standard,155,,,M50-59DT,M,100,Multi-ply,B,Full Power,National
Standard,217.5,,,M50-59DT,M,100,Multi-ply,D,Full Power,National
Standard,617.5,,,M50-59DT,M,100,Multi-ply,Total,Full Power,National
Standard,155,,,M50-59DT,M,100,Multi-ply,B,Single Lift,National
Standard,217.5,,,M50-59DT,M,100,Multi-ply,D,Single Lift,National
Standard,255,,,M50-59DT,M,110,Multi-ply,S,Full Power,National
Standard,160,,,M50-59DT,M,110,Multi-ply,B,Full Power,National
Standard,225,,,M50-59DT,M,110,Multi-ply,D,Full Power,National
Standard,637.5,,,M50-59DT,M,110,Multi-ply,Total,Full Power,National
Standard,160,,,M50-59DT,M,110,Multi-ply,B,Single Lift,National
Standard,225,,,M50-59DT,M,110,Multi-ply,D,Single Lift,National
Standard,262.5,,,M50-59DT,M,125,Multi-ply,S,Full Power,National
Standard,165,,,M50-59DT,M,125,Multi-ply,B,Full Power,National
Standard,230,,,M50-59DT,M,125,Multi-ply,D,Full Power,National
Standard,655,,,M50-59DT,M,125,Multi-ply,Total,Full Power,National
Standard,165,,,M50-59DT,M,125,Multi-ply,B,Single Lift,National
Standard,230,,,M50-59DT,M,125,Multi-ply,D,Single Lift,National
Standard,270,,,M50-59DT,M,140,Multi-ply,S,Full Power,National
Standard,167.5,,,M50-59DT,M,140,Multi-ply,B,Full Power,National
Standard,235,,,M50-59DT,M,140,Multi-ply,D,Full Power,National
Standard,670,,,M50-59DT,M,140,Multi-ply,Total,Full Power,National
Standard,167.5,,,M50-59DT,M,140,Multi-ply,B,Single Lift,National
Standard,235,,,M50-59DT,M,140,Multi-ply,D,Single Lift,National
Standard,275,,,M50-59DT,M,140+,Multi-ply,S,Full Power,National
Standard,172.5,,,M50-59DT,M,140+,Multi-ply,B,Full Power,National
Standard,240,,,M50-59DT,M,140+,Multi-ply,D,Full Power,National
Standard,685,,,M50-59DT,M,140+,Multi-ply,Total,Full Power,National
Standard,172.5,,,M50-59DT,M,140+,Multi-ply,B,Single Lift,National
Standard,240,,,M50-59DT,M,140+,Multi-ply,D,Single Lift,National
Standard,90,,,M60-69DT,M,52,Multi-ply,S,Full Power,National
Standard,57.5,,,M60-69DT,M,52,Multi-ply,B,Full Power,National
Standard,80,,,M60-69DT,M,52,Multi-ply,D,Full Power,National
Standard,225,,,M60-69DT,M,52,Multi-ply,Total,Full Power,National
Standard,57.5,,,M60-69DT,M,52,Multi-ply,B,Single Lift,National
Standard,80,,,M60-69DT,M,52,Multi-ply,D,Single Lift,National
Standard,120,,,M60-69DT,M,56,Multi-ply,S,Full Power,National
Standard,75,,,M60-69DT,M,56,Multi-ply,B,Full Power,National
Standard,105,,,M60-69DT,M,56,Multi-ply,D,Full Power,National
Standard,297.5,,,M60-69DT,M,56,Multi-ply,Total,Full Power,National
Standard,75,,,M60-69DT,M,56,Multi-ply,B,Single Lift,National
Standard,105,,,M60-69DT,M,56,Multi-ply,D,Single Lift,National
Standard,165,,,M60-69DT,M,60,Multi-ply,S,Full Power,National
Standard,102.5,,,M60-69DT,M,60,Multi-ply,B,Full Power,National
Standard,145,,,M60-69DT,M,60,Multi-ply,D,Full Power,National
Standard,410,,,M60-69DT,M,60,Multi-ply,Total,Full Power,National
Standard,102.5,,,M60-69DT,M,60,Multi-ply,B,Single Lift,National
Standard,145,,,M60-69DT,M,60,Multi-ply,D,Single Lift,National
Standard,180,,,M60-69DT,M,67.5,Multi-ply,S,Full Power,National
Standard,112.5,,,M60-69DT,M,67.5,Multi-ply,B,Full Power,National
Standard,157.5,,,M60-69DT,M,67.5,Multi-ply,D,Full Power,National
Standard,445,,,M60-69DT,M,67.5,Multi-ply,Total,Full Power,National
Standard,112.5,,,M60-69DT,M,67.5,Multi-ply,B,Single Lift,National
Standard,157.5,,,M60-69DT,M,67.5,Multi-ply,D,Single Lift,National
Standard,195,,,M60-69DT,M,75,Multi-ply,S,Full Power,National
Standard,122.5,,,M60-69DT,M,75,Multi-ply,B,Full Power,National
Standard,170,,,M60-69DT,M,75,Multi-ply,D,Full Power,National
Standard,485,,,M60-69DT,M,75,Multi-ply,Total,Full Power,National
Standard,122.5,,,M60-69DT,M,75,Multi-ply,B,Single Lift,National
Standard,170,,,M60-69DT,M,75,Multi-ply,D,Single Lift,National
Standard,205,,,M60-69DT,M,82.5,Multi-ply,S,Full Power,National
Standard,127.5,,,M60-69DT,M,82.5,Multi-ply,B,Full Power,National
Standard,180,,,M60-69DT,M,82.5,Multi-ply,D,Full Power,National
Standard,507.5,,,M60-69DT,M,82.5,Multi-ply,Total,Full Power,National
Standard,127.5,,,M60-69DT,M,82.5,Multi-ply,B,Single Lift,National
Standard,180,,,M60-69DT,M,82.5,Multi-ply,D,Single Lift,National
Standard,210,,,M60-69DT,M,90,Multi-ply,S,Full Power,National
Standard,132.5,,,M60-69DT,M,90,Multi-ply,B,Full Power,National
Standard,185,,,M60-69DT,M,90,Multi-ply,D,Full Power,National
Standard,522.5,,,M60-69DT,M,90,Multi-ply,Total,Full Power,National
Standard,132.5,,,M60-69DT,M,90,Multi-ply,B,Single Lift,National
Standard,185,,,M60-69DT,M,90,Multi-ply,D,Single Lift,National
Standard,217.5,,,M60-69DT,M,100,Multi-ply,S,Full Power,National
Standard,137.5,,,M60-69DT,M,100,Multi-ply,B,Full Power,National
Standard,190,,,M60-69DT,M,100,Multi-ply,D,Full Power,National
Standard,542.5,,,M60-69DT,M,100,Multi-ply,Total,Full Power,National
Standard,137.5,,,M60-69DT,M,100,Multi-ply,B,Single Lift,National
Standard,190,,,M60-69DT,M,100,Multi-ply,D,Single Lift,National
Standard,225,,,M60-69DT,M,110,Multi-ply,S,Full Power,National
Standard,140,,,M60-69DT,M,110,Multi-ply,B,Full Power,National
Standard,197.5,,,M60-69DT,M,110,Multi-ply,D,Full Power,National
Standard,560,,,M60-69DT,M,110,Multi-ply,Total,Full Power,National
Standard,140,,,M60-69DT,M,110,Multi-ply,B,Single Lift,National
Standard,197.5,,,M60-69DT,M,110,Multi-ply,D,Single Lift,National
Standard,230,,,M60-69DT,M,125,Multi-ply,S,Full Power,National
Standard,145,,,M60-69DT,M,125,Multi-ply,B,Full Power,National
Standard,202.5,,,M60-69DT,M,125,Multi-ply,D,Full Power,National
Standard,575,,,M60-69DT,M,125,Multi-ply,Total,Full Power,National
Standard,145,,,M60-69DT,M,125,Multi-ply,B,Single Lift,National
Standard,202.5,,,M60-69DT,M,125,Multi-ply,D,Single Lift,National
Standard,235,,,M60-69DT,M,140,Multi-ply,S,Full Power,National
Standard,147.5,,,M60-69DT,M,140,Multi-ply,B,Full Power,National
Standard,207.5,,,M60-69DT,M,140,Multi-ply,D,Full Power,National
Standard,587.5,,,M60-69DT,M,140,Multi-ply,Total,Full Power,National
Standard,147.5,,,M60-69DT,M,140,Multi-ply,B,Single Lift,National
Standard,207.5,,,M60-69DT,M,140,Multi-ply,D,Single Lift,National
Standard,240,,,M60-69DT,M,140+,Multi-ply,S,Full Power,National
Standard,150,,,M60-69DT,M,140+,Multi-ply,B,Full Power,National
Standard,210,,,M60-69DT,M,140+,Multi-ply,D,Full Power,National
Standard,600,,,M60-69DT,M,140+,Multi-ply,Total,Full Power,National
Standard,150,,,M60-69DT,M,140+,Multi-ply,B,Single Lift,National
Standard,210,,,M60-69DT,M,140+,Multi-ply,D,Single Lift,National
Standard,110,,,M70-79,M,52,Multi-ply,S,Full Power,National
Standard,67.5,,,M70-79,M,52,Multi-ply,B,Full Power,National
Standard,95,,,M70-79,M,52,Multi-ply,D,Full Power,National
Standard,270,,,M70-79,M,52,Multi-ply,Total,Full Power,National
Standard,67.5,,,M70-79,M,52,Multi-ply,B,Single Lift,National
Standard,95,,,M70-79,M,52,Multi-ply,D,Single Lift,National
Standard,130,,,M70-79,M,56,Multi-ply,S,Full Power,National
Standard,82.5,,,M70-79,M,56,Multi-ply,B,Full Power,National
Standard,112.5,,,M70-79,M,56,Multi-ply,D,Full Power,National
Standard,317.5,,,M70-79,M,56,Multi-ply,Total,Full Power,National
Standard,82.5,,,M70-79,M,56,Multi-ply,B,Single Lift,National
Standard,112.5,,,M70-79,M,56,Multi-ply,D,Single Lift,National
Standard,150,,,M70-79,M,60,Multi-ply,S,Full Power,National
Standard,92.5,,,M70-79,M,60,Multi-ply,B,Full Power,National
Standard,132.5,,,M70-79,M,60,Multi-ply,D,Full Power,National
Standard,367.5,,,M70-79,M,60,Multi-ply,Total,Full Power,National
Standard,92.5,,,M70-79,M,60,Multi-ply,B,Single Lift,National
Standard,132.5,,,M70-79,M,60,Multi-ply,D,Single Lift,National
Standard,162.5,,,M70-79,M,67.5,Multi-ply,S,Full Power,National
Standard,102.5,,,M70-79,M,67.5,Multi-ply,B,Full Power,National
Standard,142.5,,,M70-79,M,67.5,Multi-ply,D,Full Power,National
Standard,402.5,,,M70-79,M,67.5,Multi-ply,Total,Full Power,National
Standard,102.5,,,M70-79,M,67.5,Multi-ply,B,Single Lift,National
Standard,142.5,,,M70-79,M,67.5,Multi-ply,D,Single Lift,National
Standard,185,,,M70-79,M,75,Multi-ply,S,Full Power,National
Standard,117.5,,,M70-79,M,75,Multi-ply,B,Full Power,National
Standard,162.5,,,M70-79,M,75,Multi-ply,D,Full Power,National
Standard,462.5,,,M70-79,M,75,Multi-ply,Total,Full Power,National
Standard,117.5,,,M70-79,M,75,Multi-ply,B,Single Lift,National
Standard,162.5,,,M70-79,M,75,Multi-ply,D,Single Lift,National
Standard,200,,,M70-79,M,82.5,Multi-ply,S,Full Power,National
Standard,125,,,M70-79,M,82.5,Multi-ply,B,Full Power,National
Standard,175,,,M70-79,M,82.5,Multi-ply,D,Full Power,National
Standard,495,,,M70-79,M,82.5,Multi-ply,Total,Full Power,National
Standard,125,,,M70-79,M,82.5,Multi-ply,B,Single Lift,National
Standard,175,,,M70-79,M,82.5,Multi-ply,D,Single Lift,National
Standard,205,,,M70-79,M,90,Multi-ply,S,Full Power,National
Standard,130,,,M70-79,M,90,Multi-ply,B,Full Power,National
Standard,180,,,M70-79,M,90,Multi-ply,D,Full Power,National
Standard,510,,,M70-79,M,90,Multi-ply,Total,Full Power,National
Standard,130,,,M70-79,M,90,Multi-ply,B,Single Lift,National
Standard,180,,,M70-79,M,90,Multi-ply,D,Single Lift,National
Standard,212.5,,,M70-79,M,100,Multi-ply,S,Full Power,National
Standard,135,,,M70-79,M,100,Multi-ply,B,Full Power,National
Standard,187.5,,,M70-79,M,100,Multi-ply,D,Full Power,National
Standard,530,,,M70-79,M,100,Multi-ply,Total,Full Power,National
Standard,135,,,M70-79,M,100,Multi-ply,B,Single Lift,National
Standard,187.5,,,M70-79,M,100,Multi-ply,D,Single Lift,National
Standard,225,,,M70-79,M,110,Multi-ply,S,Full Power,National
Standard,142.5,,,M70-79,M,110,Multi-ply,B,Full Power,National
Standard,200,,,M70-79,M,110,Multi-ply,D,Full Power,National
Standard,562.5,,,M70-79,M,110,Multi-ply,Total,Full Power,National
Standard,142.5,,,M70-79,M,110,Multi-ply,B,Single Lift,National
Standard,200,,,M70-79,M,110,Multi-ply,D,Single Lift,National
Standard,235,,,M70-79,M,125,Multi-ply,S,Full Power,National
Standard,147.5,,,M70-79,M,125,Multi-ply,B,Full Power,National
Standard,205,,,M70-79,M,125,Multi-ply,D,Full Power,National
Standard,585,,,M70-79,M,125,Multi-ply,Total,Full Power,National
Standard,147.5,,,M70-79,M,125,Multi-ply,B,Single Lift,National
Standard,205,,,M70-79,M,125,Multi-ply,D,Single Lift,National
Standard,245,,,M70-79,M,140,Multi-ply,S,Full Power,National
Standard,155,,,M70-79,M,140,Multi-ply,B,Full Power,National
Standard,215,,,M70-79,M,140,Multi-ply,D,Full Power,National
Standard,607.5,,,M70-79,M,140,Multi-ply,Total,Full Power,National
Standard,155,,,M70-79,M,140,Multi-ply,B,Single Lift,National
Standard,215,,,M70-79,M,140,Multi-ply,D,Single Lift,National
Standard,250,,,M70-79,M,140+,Multi-ply,S,Full Power,National
Standard,157.5,,,M70-79,M,140+,Multi-ply,B,Full Power,National
Standard,220,,,M70-79,M,140+,Multi-ply,D,Full Power,National
Standard,622.5,,,M70-79,M,140+,Multi-ply,Total,Full Power,National
Standard,157.5,,,M70-79,M,140+,Multi-ply,B,Single Lift,National
Standard,220,,,M70-79,M,140+,Multi-ply,D,Single Lift,National
Standard,82.5,,,M70-79DT,M,52,Multi-ply,S,Full Power,National
Standard,52.5,,,M70-79DT,M,52,Multi-ply,B,Full Power,National
Standard,72.5,,,M70-79DT,M,52,Multi-ply,D,Full Power,National
Standard,202.5,,,M70-79DT,M,52,Multi-ply,Total,Full Power,National
Standard,52.5,,,M70-79DT,M,52,Multi-ply,B,Single Lift,National
Standard,72.5,,,M70-79DT,M,52,Multi-ply,D,Single Lift,National
Standard,110,,,M70-79DT,M,56,Multi-ply,S,Full Power,National
Standard,67.5,,,M70-79DT,M,56,Multi-ply,B,Full Power,National
Standard,95,,,M70-79DT,M,56,Multi-ply,D,Full Power,National
Standard,270,,,M70-79DT,M,56,Multi-ply,Total,Full Power,National
Standard,67.5,,,M70-79DT,M,56,Multi-ply,B,Single Lift,National
Standard,95,,,M70-79DT,M,56,Multi-ply,D,Single Lift,National
Standard,150,,,M70-79DT,M,60,Multi-ply,S,Full Power,National
Standard,92.5,,,M70-79DT,M,60,Multi-ply,B,Full Power,National
Standard,132.5,,,M70-79DT,M,60,Multi-ply,D,Full Power,National
Standard,370,,,M70-79DT,M,60,Multi-ply,Total,Full Power,National
Standard,92.5,,,M70-79DT,M,60,Multi-ply,B,Single Lift,National
Standard,132.5,,,M70-79DT,M,60,Multi-ply,D,Single Lift,National
Standard,162.5,,,M70-79DT,M,67.5,Multi-ply,S,Full Power,National
Standard,102.5,,,M70-79DT,M,67.5,Multi-ply,B,Full Power,National
Standard,142.5,,,M70-79DT,M,67.5,Multi-ply,D,Full Power,National
Standard,402.5,,,M70-79DT,M,67.5,Multi-ply,Total,Full Power,National
Standard,102.5,,,M70-79DT,M,67.5,Multi-ply,B,Single Lift,National
Standard,142.5,,,M70-79DT,M,67.5,Multi-ply,D,Single Lift,National
Standard,177.5,,,M70-79DT,M,75,Multi-ply,S,Full Power,National
Standard,112.5,,,M70-79DT,M,75,Multi-ply,B,Full Power,National
Standard,155,,,M70-79DT,M,75,Multi-ply,D,Full Power,National
Standard,437.5,,,M70-79DT,M,75,Multi-ply,Total,Full Power,National
Standard,112.5,,,M70-79DT,M,75,Multi-ply,B,Single Lift,National
Standard,155,,,M70-79DT,M,75,Multi-ply,D,Single Lift,National
Standard,185,,,M70-79DT,M,82.5,Multi-ply,S,Full Power,National
Standard,115,,,M70-79DT,M,82.5,Multi-ply,B,Full Power,National
Standard,162.5,,,M70-79DT,M,82.5,Multi-ply,D,Full Power,National
Standard,457.5,,,M70-79DT,M,82.5,Multi-ply,Total,Full Power,National
Standard,115,,,M70-79DT,M,82.5,Multi-ply,B,Single Lift,National
Standard,162.5,,,M70-79DT,M,82.5,Multi-ply,D,Single Lift,National
Standard,190,,,M70-79DT,M,90,Multi-ply,S,Full Power,National
Standard,120,,,M70-79DT,M,90,Multi-ply,B,Full Power,National
Standard,167.5,,,M70-79DT,M,90,Multi-ply,D,Full Power,National
Standard,472.5,,,M70-79DT,M,90,Multi-ply,Total,Full Power,National
Standard,120,,,M70-79DT,M,90,Multi-ply,B,Single Lift,National
Standard,167.5,,,M70-79DT,M,90,Multi-ply,D,Single Lift,National
Standard,197.5,,,M70-79DT,M,100,Multi-ply,S,Full Power,National
Standard,125,,,M70-79DT,M,100,Multi-ply,B,Full Power,National
Standard,172.5,,,M70-79DT,M,100,Multi-ply,D,Full Power,National
Standard,490,,,M70-79DT,M,100,Multi-ply,Total,Full Power,National
Standard,125,,,M70-79DT,M,100,Multi-ply,B,Single Lift,National
Standard,172.5,,,M70-79DT,M,100,Multi-ply,D,Single Lift,National
Standard,202.5,,,M70-79DT,M,110,Multi-ply,S,Full Power,National
Standard,127.5,,,M70-79DT,M,110,Multi-ply,B,Full Power,National
Standard,180,,,M70-79DT,M,110,Multi-ply,D,Full Power,National
Standard,505,,,M70-79DT,M,110,Multi-ply,Total,Full Power,National
Standard,127.5,,,M70-79DT,M,110,Multi-ply,B,Single Lift,National
Standard,180,,,M70-79DT,M,110,Multi-ply,D,Single Lift,National
Standard,207.5,,,M70-79DT,M,125,Multi-ply,S,Full Power,National
Standard,132.5,,,M70-79DT,M,125,Multi-ply,B,Full Power,National
Standard,182.5,,,M70-79DT,M,125,Multi-ply,D,Full Power,National
Standard,517.5,,,M70-79DT,M,125,Multi-ply,Total,Full Power,National
Standard,132.5,,,M70-79DT,M,125,Multi-ply,B,Single Lift,National
Standard,182.5,,,M70-79DT,M,125,Multi-ply,D,Single Lift,National
Standard,212.5,,,M70-79DT,M,140,Multi-ply,S,Full Power,National
Standard,135,,,M70-79DT,M,140,Multi-ply,B,Full Power,National
Standard,187.5,,,M70-79DT,M,140,Multi-ply,D,Full Power,National
Standard,530,,,M70-79DT,M,140,Multi-ply,Total,Full Power,National
Standard,135,,,M70-79DT,M,140,Multi-ply,B,Single Lift,National
Standard,187.5,,,M70-79DT,M,140,Multi-ply,D,Single Lift,National
Standard,217.5,,,M70-79DT,M,140+,Multi-ply,S,Full Power,National
Standard,135,,,M70-79DT,M,140+,Multi-ply,B,Full Power,National
Standard,190,,,M70-79DT,M,140+,Multi-ply,D,Full Power,National
Standard,540,,,M70-79DT,M,140+,Multi-ply,Total,Full Power,National
Standard,135,,,M70-79DT,M,140+,Multi-ply,B,Single Lift,National
Standard,190,,,M70-79DT,M,140+,Multi-ply,D,Single Lift,National
Standard,122.5,,,Open,F,44,Multi-ply,S,Full Power,National
Standard,77.5,,,Open,F,44,Multi-ply,B,Full Power,National
Standard,107.5,,,Open,F,44,Multi-ply,D,Full Power,National
Standard,302.5,,,Open,F,44,Multi-ply,Total,Full Power,National
Standard,77.5,,,Open,F,44,Multi-ply,B,Single Lift,National
Standard,107.5,,,Open,F,44,Multi-ply,D,Single Lift,National
Standard,132.5,,,Open,F,48,Multi-ply,S,Full Power,National
Standard,82.5,,,Open,F,48,Multi-ply,B,Full Power,National
Standard,117.5,,,Open,F,48,Multi-ply,D,Full Power,National
Standard,330,,,Open,F,48,Multi-ply,Total,Full Power,National
Standard,82.5,,,Open,F,48,Multi-ply,B,Single Lift,National
Standard,117.5,,,Open,F,48,Multi-ply,D,Single Lift,National
Standard,152.5,,,Open,F,52,Multi-ply,S,Full Power,National
Standard,95,,,Open,F,52,Multi-ply,B,Full Power,National
Standard,135,,,Open,F,52,Multi-ply,D,Full Power,National
Standard,380,,,Open,F,52,Multi-ply,Total,Full Power,National
Standard,95,,,Open,F,52,Multi-ply,B,Single Lift,National
Standard,135,,,Open,F,52,Multi-ply,D,Single Lift,National
Standard,170,,,Open,F,56,Multi-ply,S,Full Power,National
Standard,105,,,Open,F,56,Multi-ply,B,Full Power,National
Standard,147.5,,,Open,F,56,Multi-ply,D,Full Power,National
Standard,420,,,Open,F,56,Multi-ply,Total,Full Power,National
Standard,105,,,Open,F,56,Multi-ply,B,Single Lift,National
Standard,147.5,,,Open,F,56,Multi-ply,D,Single Lift,National
Standard,185,,,Open,F,60,Multi-ply,S,Full Power,National
Standard,115,,,Open,F,60,Multi-ply,B,Full Power,National
Standard,162.5,,,Open,F,60,Multi-ply,D,Full Power,National
Standard,457.5,,,Open,F,60,Multi-ply,Total,Full Power,National
Standard,115,,,Open,F,60,Multi-ply,B,Single Lift,National
Standard,162.5,,,Open,F,60,Multi-ply,D,Single Lift,National
Standard,192.5,,,Open,F,67.5,Multi-ply,S,Full Power,National
Standard,120,,,Open,F,67.5,Multi-ply,B,Full Power,National
Standard,170,,,Open,F,67.5,Multi-ply,D,Full Power,National
Standard,480,,,Open,F,67.5,Multi-ply,Total,Full Power,National
Standard,120,,,Open,F,67.5,Multi-ply,B,Single Lift,National
Standard,170,,,Open,F,67.5,Multi-ply,D,Single Lift,National
Standard,205,,,Open,F,75,Multi-ply,S,Full Power,National
Standard,127.5,,,Open,F,75,Multi-ply,B,Full Power,National
Standard,180,,,Open,F,75,Multi-ply,D,Full Power,National
Standard,510,,,Open,F,75,Multi-ply,Total,Full Power,National
Standard,127.5,,,Open,F,75,Multi-ply,B,Single Lift,National
Standard,180,,,Open,F,75,Multi-ply,D,Single Lift,National
Standard,210,,,Open,F,82.5,Multi-ply,S,Full Power,National
Standard,132.5,,,Open,F,82.5,Multi-ply,B,Full Power,National
Standard,185,,,Open,F,82.5,Multi-ply,D,Full Power,National
Standard,525,,,Open,F,82.5,Multi-ply,Total,Full Power,National
Standard,132.5,,,Open,F,82.5,Multi-ply,B,Single Lift,National
Standard,185,,,Open,F,82.5,Multi-ply,D,Single Lift,National
Standard,217.5,,,Open,F,90,Multi-ply,S,Full Power,National
Standard,137.5,,,Open,F,90,Multi-ply,B,Full Power,National
Standard,190,,,Open,F,90,Multi-ply,D,Full Power,National
Standard,542.5,,,Open,F,90,Multi-ply,Total,Full Power,National
Standard,137.5,,,Open,F,90,Multi-ply,B,Single Lift,National
Standard,190,,,Open,F,90,Multi-ply,D,Single Lift,National
Standard,230,,,Open,F,100,Multi-ply,S,Full Power,National
Standard,142.5,,,Open,F,100,Multi-ply,B,Full Power,National
Standard,200,,,Open,F,100,Multi-ply,D,Full Power,National
Standard,570,,,Open,F,100,Multi-ply,Total,Full Power,National
Standard,117.5,,,Open,F,100,Multi-ply,B,Single Lift,National
Standard,207.5,,,Open,F,100,Multi-ply,D,Single Lift,National
Standard,240,,,Open,F,110,Multi-ply,S,Full Power,National
Standard,150,,,Open,F,110,Multi-ply,B,Full Power,National
Standard,210,,,Open,F,110,Multi-ply,D,Full Power,National
Standard,600,,,Open,F,110,Multi-ply,Total,Full Power,National
Standard,127.5,,,Open,F,110,Multi-ply,B,Single Lift,National
Standard,222.5,,,Open,F,110,Multi-ply,D,Single Lift,National
Standard,252.5,,,Open,F,110+,Multi-ply,S,Full Power,National
Standard,157.5,,,Open,F,110+,Multi-ply,B,Full Power,National
Standard,222.5,,,Open,F,110+,Multi-ply,D,Full Power,National
Standard,630,,,Open,F,110+,Multi-ply,Total,Full Power,National
Standard,137.5,,,Open,F,110+,Multi-ply,B,Single Lift,National
Standard,242.5,,,Open,F,110+,Multi-ply,D,Single Lift,National
Standard,102.5,,,OpenDT,F,44,Multi-ply,S,Full Power,National
Standard,52.5,,,OpenDT,F,44,Multi-ply,B,Full Power,National
Standard,90,,,OpenDT,F,44,Multi-ply,D,Full Power,National
Standard,255,,,OpenDT,F,44,Multi-ply,Total,Full Power,National
Standard,52.5,,,OpenDT,F,44,Multi-ply,B,Single Lift,National
Standard,90,,,OpenDT,F,44,Multi-ply,D,Single Lift,National
Standard,145,,,OpenDT,F,48,Multi-ply,S,Full Power,National
Standard,72.5,,,OpenDT,F,48,Multi-ply,B,Full Power,National
Standard,127.5,,,OpenDT,F,48,Multi-ply,D,Full Power,National
Standard,357.5,,,OpenDT,F,48,Multi-ply,Total,Full Power,National
Standard,72.5,,,OpenDT,F,48,Multi-ply,B,Single Lift,National
Standard,127.5,,,OpenDT,F,48,Multi-ply,D,Single Lift,National
Standard,162.5,,,OpenDT,F,52,Multi-ply,S,Full Power,National
Standard,82.5,,,OpenDT,F,52,Multi-ply,B,Full Power,National
Standard,142.5,,,OpenDT,F,52,Multi-ply,D,Full Power,National
Standard,402.5,,,OpenDT,F,52,Multi-ply,Total,Full Power,National
Standard,82.5,,,OpenDT,F,52,Multi-ply,B,Single Lift,National
Standard,142.5,,,OpenDT,F,52,Multi-ply,D,Single Lift,National
Standard,170,,,OpenDT,F,56,Multi-ply,S,Full Power,National
Standard,85,,,OpenDT,F,56,Multi-ply,B,Full Power,National
Linzi Waite,150,27/04/2025,East Midlands,OpenDT,F,56,Multi-ply,D,Full Power,National
Standard,425,,,OpenDT,F,56,Multi-ply,Total,Full Power,National
Standard,85,,,OpenDT,F,56,Multi-ply,B,Single Lift,National
Standard,150,,,OpenDT,F,56,Multi-ply,D,Single Lift,National
Standard,180,,,OpenDT,F,60,Multi-ply,S,Full Power,National
Jodie Davies,122.5,05/10/2025,South West,OpenDT,F,60,Multi-ply,B,Full Power,National
Standard,157.5,,,OpenDT,F,60,Multi-ply,D,Full Power,National
Standard,447.5,,,OpenDT,F,60,Multi-ply,Total,Full Power,National
Standard,90,,,OpenDT,F,60,Multi-ply,B,Single Lift,National
Standard,157.5,,,OpenDT,F,60,Multi-ply,D,Single Lift,National
Jodie Dyble,205,05/10/2025,South West,OpenDT,F,67.5,Multi-ply,S,Full Power,National
Jodie Dyble,115,05/10/2025,South West,OpenDT,F,67.5,Multi-ply,B,Full Power,National
Jodie Dyble,175,05/10/2025,South West,OpenDT,F,67.5,Multi-ply,D,Full Power,National
Jodie Dyble,495,05/10/2025,South West,OpenDT,F,67.5,Multi-ply,Total,Full Power,National
Standard,95,,,OpenDT,F,67.5,Multi-ply,B,Single Lift,National
Standard,165,,,OpenDT,F,67.5,Multi-ply,D,Single Lift,National
Standard,195,,,OpenDT,F,75,Multi-ply,S,Full Power,National
Standard,97.5,,,OpenDT,F,75,Multi-ply,B,Full Power,National
Standard,170,,,OpenDT,F,75,Multi-ply,D,Full Power,National
Standard,482.5,,,OpenDT,F,75,Multi-ply,Total,Full Power,National
Standard,97.5,,,OpenDT,F,75,Multi-ply,B,Single Lift,National
Standard,170,,,OpenDT,F,75,Multi-ply,D,Single Lift,National
Standard,202.5,,,OpenDT,F,82.5,Multi-ply,S,Full Power,National
Standard,102.5,,,OpenDT,F,82.5,Multi-ply,B,Full Power,National
Standard,177.5,,,OpenDT,F,82.5,Multi-ply,D,Full Power,National
Standard,502.5,,,OpenDT,F,82.5,Multi-ply,Total,Full Power,National
Standard,102.5,,,OpenDT,F,82.5,Multi-ply,B,Single Lift,National
Standard,177.5,,,OpenDT,F,82.5,Multi-ply,D,Single Lift,National
Standard,210,,,OpenDT,F,90,Multi-ply,S,Full Power,National
Standard,105,,,OpenDT,F,90,Multi-ply,B,Full Power,National
Standard,182.5,,,OpenDT,F,90,Multi-ply,D,Full Power,National
Standard,520,,,OpenDT,F,90,Multi-ply,Total,Full Power,National
Standard,105,,,OpenDT,F,90,Multi-ply,B,Single Lift,National
Standard,182.5,,,OpenDT,F,90,Multi-ply,D,Single Lift,National
Standard,220,,,OpenDT,F,100,Multi-ply,S,Full Power,National
Standard,137.5,,,OpenDT,F,100,Multi-ply,B,Full Power,National
Standard,192.5,,,OpenDT,F,100,Multi-ply,D,Full Power,National
Standard,547.5,,,OpenDT,F,100,Multi-ply,Total,Full Power,National
Standard,112.5,,,OpenDT,F,100,Multi-ply,B,Single Lift,National
Standard,197.5,,,OpenDT,F,100,Multi-ply,D,Single Lift,National
Standard,230,,,OpenDT,F,110,Multi-ply,S,Full Power,National
Standard,145,,,OpenDT,F,110,Multi-ply,B,Full Power,National
Standard,202.5,,,OpenDT,F,110,Multi-ply,D,Full Power,National
Standard,575,,,OpenDT,F,110,Multi-ply,Total,Full Power,National
Standard,122.5,,,OpenDT,F,110,Multi-ply,B,Single Lift,National
Standard,215,,,OpenDT,F,110,Multi-ply,D,Single Lift,National
Standard,242.5,,,OpenDT,F,110+,Multi-ply,S,Full Power,National
Standard,152.5,,,OpenDT,F,110+,Multi-ply,B,Full Power,National
Standard,212.5,,,OpenDT,F,110+,Multi-ply,D,Full Power,National
Standard,605,,,OpenDT,F,110+,Multi-ply,Total,Full Power,National
Standard,132.5,,,OpenDT,F,110+,Multi-ply,B,Single Lift,National
Standard,232.5,,,OpenDT,F,110+,Multi-ply,D,Single Lift,National
Standard,65,,,T14-15,F,44,Multi-ply,S,Full Power,National
Standard,40,,,T14-15,F,44,Multi-ply,B,Full Power,National
Standard,57.5,,,T14-15,F,44,Multi-ply,D,Full Power,National
Standard,160,,,T14-15,F,44,Multi-ply,Total,Full Power,National
Standard,40,,,T14-15,F,44,Multi-ply,B,Single Lift,National
Standard,57.5,,,T14-15,F,44,Multi-ply,D,Single Lift,National
Standard,72.5,,,T14-15,F,48,Multi-ply,S,Full Power,National
Standard,45,,,T14-15,F,48,Multi-ply,B,Full Power,National
Standard,62.5,,,T14-15,F,48,Multi-ply,D,Full Power,National
Standard,177.5,,,T14-15,F,48,Multi-ply,Total,Full Power,National
Standard,45,,,T14-15,F,48,Multi-ply,B,Single Lift,National
Standard,62.5,,,T14-15,F,48,Multi-ply,D,Single Lift,National
Standard,82.5,,,T14-15,F,52,Multi-ply,S,Full Power,National
Standard,52.5,,,T14-15,F,52,Multi-ply,B,Full Power,National
Standard,72.5,,,T14-15,F,52,Multi-ply,D,Full Power,National
Standard,202.5,,,T14-15,F,52,Multi-ply,Total,Full Power,National
Standard,52.5,,,T14-15,F,52,Multi-ply,B,Single Lift,National
Standard,72.5,,,T14-15,F,52,Multi-ply,D,Single Lift,National
Standard,90,,,T14-15,F,56,Multi-ply,S,Full Power,National
Standard,57.5,,,T14-15,F,56,Multi-ply,B,Full Power,National
Standard,80,,,T14-15,F,56,Multi-ply,D,Full Power,National
Standard,222.5,,,T14-15,F,56,Multi-ply,Total,Full Power,National
Standard,57.5,,,T14-15,F,56,Multi-ply,B,Single Lift,National
Standard,80,,,T14-15,F,56,Multi-ply,D,Single Lift,National
Standard,97.5,,,T14-15,F,60,Multi-ply,S,Full Power,National
Standard,62.5,,,T14-15,F,60,Multi-ply,B,Full Power,National
Standard,85,,,T14-15,F,60,Multi-ply,D,Full Power,National
Standard,242.5,,,T14-15,F,60,Multi-ply,Total,Full Power,National
Standard,62.5,,,T14-15,F,60,Multi-ply,B,Single Lift,National
Standard,85,,,T14-15,F,60,Multi-ply,D,Single Lift,National
Standard,132.5,,,T14-15,F,67.5,Multi-ply,S,Full Power,National
Standard,82.5,,,T14-15,F,67.5,Multi-ply,B,Full Power,National
Standard,117.5,,,T14-15,F,67.5,Multi-ply,D,Full Power,National
Standard,330,,,T14-15,F,67.5,Multi-ply,Total,Full Power,National
Standard,82.5,,,T14-15,F,67.5,Multi-ply,B,Single Lift,National
Standard,117.5,,,T14-15,F,67.5,Multi-ply,D,Single Lift,National
Standard,110,,,T14-15,F,75,Multi-ply,S,Full Power,National
Standard,67.5,,,T14-15,F,75,Multi-ply,B,Full Power,National
Standard,95,,,T14-15,F,75,Multi-ply,D,Full Power,National
Standard,270,,,T14-15,F,75,Multi-ply,Total,Full Power,National
Standard,67.5,,,T14-15,F,75,Multi-ply,B,Single Lift,National
Standard,95,,,T14-15,F,75,Multi-ply,D,Single Lift,National
Standard,112.5,,,T14-15,F,82.5,Multi-ply,S,Full Power,National
Standard,70,,,T14-15,F,82.5,Multi-ply,B,Full Power,National
Standard,100,,,T14-15,F,82.5,Multi-ply,D,Full Power,National
Standard,280,,,T14-15,F,82.5,Multi-ply,Total,Full Power,National
Standard,70,,,T14-15,F,82.5,Multi-ply,B,Single Lift,National
Standard,100,,,T14-15,F,82.5,Multi-ply,D,Single Lift,National
Standard,115,,,T14-15,F,90,Multi-ply,S,Full Power,National
Standard,72.5,,,T14-15,F,90,Multi-ply,B,Full Power,National
Standard,102.5,,,T14-15,F,90,Multi-ply,D,Full Power,National
Standard,287.5,,,T14-15,F,90,Multi-ply,Total,Full Power,National
Standard,72.5,,,T14-15,F,90,Multi-ply,B,Single Lift,National
Standard,102.5,,,T14-15,F,90,Multi-ply,D,Single Lift,National
Standard,120,,,T14-15,F,100,Multi-ply,S,Full Power,National
Standard,75,,,T14-15,F,100,Multi-ply,B,Full Power,National
Standard,105,,,T14-15,F,100,Multi-ply,D,Full Power,National
Standard,300,,,T14-15,F,100,Multi-ply,Total,Full Power,National
Standard,62.5,,,T14-15,F,100,Multi-ply,B,Single Lift,National
Standard,110,,,T14-15,F,100,Multi-ply,D,Single Lift,National
Standard,127.5,,,T14-15,F,110,Multi-ply,S,Full Power,National
Standard,80,,,T14-15,F,110,Multi-ply,B,Full Power,National
Standard,112.5,,,T14-15,F,110,Multi-ply,D,Full Power,National
Standard,315,,,T14-15,F,110,Multi-ply,Total,Full Power,National
Standard,67.5,,,T14-15,F,110,Multi-ply,B,Single Lift,National
Standard,117.5,,,T14-15,F,110,Multi-ply,D,Single Lift,National
Standard,135,,,T14-15,F,110+,Multi-ply,S,Full Power,National
Standard,85,,,T14-15,F,110+,Multi-ply,B,Full Power,National
Standard,117.5,,,T14-15,F,110+,Multi-ply,D,Full Power,National
Standard,332.5,,,T14-15,F,110+,Multi-ply,Total,Full Power,National
Standard,72.5,,,T14-15,F,110+,Multi-ply,B,Single Lift,National
Standard,127.5,,,T14-15,F,110+,Multi-ply,D,Single Lift,National
Standard,55,,,T14-15DT,F,44,Multi-ply,S,Full Power,National
Standard,27.5,,,T14-15DT,F,44,Multi-ply,B,Full Power,National
Standard,47.5,,,T14-15DT,F,44,Multi-ply,D,Full Power,National
Standard,135,,,T14-15DT,F,44,Multi-ply,Total,Full Power,National
Standard,27.5,,,T14-15DT,F,44,Multi-ply,B,Single Lift,National
Standard,47.5,,,T14-15DT,F,44,Multi-ply,D,Single Lift,National
Standard,77.5,,,T14-15DT,F,48,Multi-ply,S,Full Power,National
Standard,40,,,T14-15DT,F,48,Multi-ply,B,Full Power,National
Standard,67.5,,,T14-15DT,F,48,Multi-ply,D,Full Power,National
Standard,190,,,T14-15DT,F,48,Multi-ply,Total,Full Power,National
Standard,40,,,T14-15DT,F,48,Multi-ply,B,Single Lift,National
Standard,67.5,,,T14-15DT,F,48,Multi-ply,D,Single Lift,National
Standard,85,,,T14-15DT,F,52,Multi-ply,S,Full Power,National
Standard,42.5,,,T14-15DT,F,52,Multi-ply,B,Full Power,National
Standard,75,,,T14-15DT,F,52,Multi-ply,D,Full Power,National
Standard,212.5,,,T14-15DT,F,52,Multi-ply,Total,Full Power,National
Standard,42.5,,,T14-15DT,F,52,Multi-ply,B,Single Lift,National
Standard,75,,,T14-15DT,F,52,Multi-ply,D,Single Lift,National
Standard,92.5,,,T14-15DT,F,56,Multi-ply,S,Full Power,National
Standard,47.5,,,T14-15DT,F,56,Multi-ply,B,Full Power,National
Standard,80,,,T14-15DT,F,56,Multi-ply,D,Full Power,National
Standard,227.5,,,T14-15DT,F,56,Multi-ply,Total,Full Power,National
Standard,47.5,,,T14-15DT,F,56,Multi-ply,B,Single Lift,National
Standard,80,,,T14-15DT,F,56,Multi-ply,D,Single Lift,National
Standard,97.5,,,T14-15DT,F,60,Multi-ply,S,Full Power,National
Standard,50,,,T14-15DT,F,60,Multi-ply,B,Full Power,National
Standard,85,,,T14-15DT,F,60,Multi-ply,D,Full Power,National
Standard,240,,,T14-15DT,F,60,Multi-ply,Total,Full Power,National
Standard,50,,,T14-15DT,F,60,Multi-ply,B,Single Lift,National
Standard,85,,,T14-15DT,F,60,Multi-ply,D,Single Lift,National
Standard,100,,,T14-15DT,F,67.5,Multi-ply,S,Full Power,National
Standard,50,,,T14-15DT,F,67.5,Multi-ply,B,Full Power,National
Standard,87.5,,,T14-15DT,F,67.5,Multi-ply,D,Full Power,National
Standard,247.5,,,T14-15DT,F,67.5,Multi-ply,Total,Full Power,National
Standard,50,,,T14-15DT,F,67.5,Multi-ply,B,Single Lift,National
Standard,87.5,,,T14-15DT,F,67.5,Multi-ply,D,Single Lift,National
Standard,102.5,,,T14-15DT,F,75,Multi-ply,S,Full Power,National
Standard,52.5,,,T14-15DT,F,75,Multi-ply,B,Full Power,National
Standard,90,,,T14-15DT,F,75,Multi-ply,D,Full Power,National
Standard,255,,,T14-15DT,F,75,Multi-ply,Total,Full Power,National
Standard,52.5,,,T14-15DT,F,75,Multi-ply,B,Single Lift,National
Standard,90,,,T14-15DT,F,75,Multi-ply,D,Single Lift,National
Standard,107.5,,,T14-15DT,F,82.5,Multi-ply,S,Full Power,National
Standard,55,,,T14-15DT,F,82.5,Multi-ply,B,Full Power,National
Standard,95,,,T14-15DT,F,82.5,Multi-ply,D,Full Power,National
Standard,267.5,,,T14-15DT,F,82.5,Multi-ply,Total,Full Power,National
Standard,55,,,T14-15DT,F,82.5,Multi-ply,B,Single Lift,National
Standard,95,,,T14-15DT,F,82.5,Multi-ply,D,Single Lift,National
Standard,102.5,,,T14-15DT,F,90,Multi-ply,S,Full Power,National
Standard,52.5,,,T14-15DT,F,90,Multi-ply,B,Full Power,National
Standard,90,,,T14-15DT,F,90,Multi-ply,D,Full Power,National
Standard,255,,,T14-15DT,F,90,Multi-ply,Total,Full Power,National
Standard,52.5,,,T14-15DT,F,90,Multi-ply,B,Single Lift,National
Standard,90,,,T14-15DT,F,90,Multi-ply,D,Single Lift,National
Standard,117.5,,,T14-15DT,F,100,Multi-ply,S,Full Power,National
Standard,72.5,,,T14-15DT,F,100,Multi-ply,B,Full Power,National
Standard,102.5,,,T14-15DT,F,100,Multi-ply,D,Full Power,National
Standard,290,,,T14-15DT,F,100,Multi-ply,Total,Full Power,National
Standard,60,,,T14-15DT,F,100,Multi-ply,B,Single Lift,National
Standard,105,,,T14-15DT,F,100,Multi-ply,D,Single Lift,National
Standard,122.5,,,T14-15DT,F,110,Multi-ply,S,Full Power,National
Standard,77.5,,,T14-15DT,F,110,Multi-ply,B,Full Power,National
Standard,107.5,,,T14-15DT,F,110,Multi-ply,D,Full Power,National
Standard,302.5,,,T14-15DT,F,110,Multi-ply,Total,Full Power,National
Standard,65,,,T14-15DT,F,110,Multi-ply,B,Single Lift,National
Standard,112.5,,,T14-15DT,F,110,Multi-ply,D,Single Lift,National
Standard,70,,,T14-15DT,F,110+,Multi-ply,B,Single Lift,National
Standard,122.5,,,T14-15DT,F,110+,Multi-ply,D,Single Lift,National
Standard,75,,,T16-17,F,44,Multi-ply,S,Full Power,National
Standard,47.5,,,T16-17,F,44,Multi-ply,B,Full Power,National
Standard,67.5,,,T16-17,F,44,Multi-ply,D,Full Power,National
Standard,187.5,,,T16-17,F,44,Multi-ply,Total,Full Power,National
Standard,47.5,,,T16-17,F,44,Multi-ply,B,Single Lift,National
Standard,67.5,,,T16-17,F,44,Multi-ply,D,Single Lift,National
Standard,85,,,T16-17,F,48,Multi-ply,S,Full Power,National
Standard,52.5,,,T16-17,F,48,Multi-ply,B,Full Power,National
Standard,75,,,T16-17,F,48,Multi-ply,D,Full Power,National
Standard,207.5,,,T16-17,F,48,Multi-ply,Total,Full Power,National
Standard,52.5,,,T16-17,F,48,Multi-ply,B,Single Lift,National
Standard,75,,,T16-17,F,48,Multi-ply,D,Single Lift,National
Standard,95,,,T16-17,F,52,Multi-ply,S,Full Power,National
Standard,60,,,T16-17,F,52,Multi-ply,B,Full Power,National
Standard,85,,,T16-17,F,52,Multi-ply,D,Full Power,National
Standard,237.5,,,T16-17,F,52,Multi-ply,Total,Full Power,National
Standard,60,,,T16-17,F,52,Multi-ply,B,Single Lift,National
Standard,85,,,T16-17,F,52,Multi-ply,D,Single Lift,National
Standard,105,,,T16-17,F,56,Multi-ply,S,Full Power,National
Standard,65,,,T16-17,F,56,Multi-ply,B,Full Power,National
Standard,92.5,,,T16-17,F,56,Multi-ply,D,Full Power,National
Standard,260,,,T16-17,F,56,Multi-ply,Total,Full Power,National
Standard,65,,,T16-17,F,56,Multi-ply,B,Single Lift,National
Standard,92.5,,,T16-17,F,56,Multi-ply,D,Single Lift,National
Standard,115,,,T16-17,F,60,Multi-ply,S,Full Power,National
Standard,72.5,,,T16-17,F,60,Multi-ply,B,Full Power,National
Standard,100,,,T16-17,F,60,Multi-ply,D,Full Power,National
Standard,285,,,T16-17,F,60,Multi-ply,Total,Full Power,National
Standard,72.5,,,T16-17,F,60,Multi-ply,B,Single Lift,National
Standard,100,,,T16-17,F,60,Multi-ply,D,Single Lift,National
Standard,132.5,,,T16-17,F,67.5,Multi-ply,S,Full Power,National
Standard,82.5,,,T16-17,F,67.5,Multi-ply,B,Full Power,National
Standard,117.5,,,T16-17,F,67.5,Multi-ply,D,Full Power,National
Standard,330,,,T16-17,F,67.5,Multi-ply,Total,Full Power,National
Standard,82.5,,,T16-17,F,67.5,Multi-ply,B,Single Lift,National
Standard,117.5,,,T16-17,F,67.5,Multi-ply,D,Single Lift,National
Standard,127.5,,,T16-17,F,75,Multi-ply,S,Full Power,National
Standard,80,,,T16-17,F,75,Multi-ply,B,Full Power,National
Standard,112.5,,,T16-17,F,75,Multi-ply,D,Full Power,National
Standard,315,,,T16-17,F,75,Multi-ply,Total,Full Power,National
Standard,80,,,T16-17,F,75,Multi-ply,B,Single Lift,National
Standard,112.5,,,T16-17,F,75,Multi-ply,D,Single Lift,National
Standard,132.5,,,T16-17,F,82.5,Multi-ply,S,Full Power,National
Standard,82.5,,,T16-17,F,82.5,Multi-ply,B,Full Power,National
Standard,115,,,T16-17,F,82.5,Multi-ply,D,Full Power,National
Standard,327.5,,,T16-17,F,82.5,Multi-ply,Total,Full Power,National
Standard,82.5,,,T16-17,F,82.5,Multi-ply,B,Single Lift,National
Standard,115,,,T16-17,F,82.5,Multi-ply,D,Single Lift,National
Standard,135,,,T16-17,F,90,Multi-ply,S,Full Power,National
Standard,85,,,T16-17,F,90,Multi-ply,B,Full Power,National
Standard,120,,,T16-17,F,90,Multi-ply,D,Full Power,National
Standard,337.5,,,T16-17,F,90,Multi-ply,Total,Full Power,National
Standard,85,,,T16-17,F,90,Multi-ply,B,Single Lift,National
Standard,120,,,T16-17,F,90,Multi-ply,D,Single Lift,National
Standard,142.5,,,T16-17,F,100,Multi-ply,S,Full Power,National
Standard,90,,,T16-17,F,100,Multi-ply,B,Full Power,National
Standard,125,,,T16-17,F,100,Multi-ply,D,Full Power,National
Standard,352.5,,,T16-17,F,100,Multi-ply,Total,Full Power,National
Standard,72.5,,,T16-17,F,100,Multi-ply,B,Single Lift,National
Standard,127.5,,,T16-17,F,100,Multi-ply,D,Single Lift,National
Standard,150,,,T16-17,F,110,Multi-ply,S,Full Power,National
Standard,92.5,,,T16-17,F,110,Multi-ply,B,Full Power,National
Standard,130,,,T16-17,F,110,Multi-ply,D,Full Power,National
Standard,370,,,T16-17,F,110,Multi-ply,Total,Full Power,National
Standard,80,,,T16-17,F,110,Multi-ply,B,Single Lift,National
Standard,137.5,,,T16-17,F,110,Multi-ply,D,Single Lift,National
Standard,157.5,,,T16-17,F,110+,Multi-ply,S,Full Power,National
Standard,97.5,,,T16-17,F,110+,Multi-ply,B,Full Power,National
Standard,137.5,,,T16-17,F,110+,Multi-ply,D,Full Power,National
Standard,390,,,T16-17,F,110+,Multi-ply,Total,Full Power,National
Standard,85,,,T16-17,F,110+,Multi-ply,B,Single Lift,National
Standard,150,,,T16-17,F,110+,Multi-ply,D,Single Lift,National
Standard,65,,,T16-17DT,F,44,Multi-ply,S,Full Power,National
Standard,32.5,,,T16-17DT,F,44,Multi-ply,B,Full Power,National
Standard,57.5,,,T16-17DT,F,44,Multi-ply,D,Full Power,National
Standard,157.5,,,T16-17DT,F,44,Multi-ply,Total,Full Power,National
Standard,32.5,,,T16-17DT,F,44,Multi-ply,B,Single Lift,National
Standard,57.5,,,T16-17DT,F,44,Multi-ply,D,Single Lift,National
Standard,90,,,T16-17DT,F,48,Multi-ply,S,Full Power,National
Standard,45,,,T16-17DT,F,48,Multi-ply,B,Full Power,National
Standard,80,,,T16-17DT,F,48,Multi-ply,D,Full Power,National
Standard,222.5,,,T16-17DT,F,48,Multi-ply,Total,Full Power,National
Standard,45,,,T16-17DT,F,48,Multi-ply,B,Single Lift,National
Standard,80,,,T16-17DT,F,48,Multi-ply,D,Single Lift,National
Standard,100,,,T16-17DT,F,52,Multi-ply,S,Full Power,National
Standard,50,,,T16-17DT,F,52,Multi-ply,B,Full Power,National
Standard,87.5,,,T16-17DT,F,52,Multi-ply,D,Full Power,National
Standard,250,,,T16-17DT,F,52,Multi-ply,Total,Full Power,National
Standard,50,,,T16-17DT,F,52,Multi-ply,B,Single Lift,National
Standard,87.5,,,T16-17DT,F,52,Multi-ply,D,Single Lift,National
Standard,107.5,,,T16-17DT,F,56,Multi-ply,S,Full Power,National
Standard,55,,,T16-17DT,F,56,Multi-ply,B,Full Power,National
Standard,95,,,T16-17DT,F,56,Multi-ply,D,Full Power,National
Standard,265,,,T16-17DT,F,56,Multi-ply,Total,Full Power,National
Standard,55,,,T16-17DT,F,56,Multi-ply,B,Single Lift,National
Standard,95,,,T16-17DT,F,56,Multi-ply,D,Single Lift,National
Standard,112.5,,,T16-17DT,F,60,Multi-ply,S,Full Power,National
Standard,57.5,,,T16-17DT,F,60,Multi-ply,B,Full Power,National
Standard,100,,,T16-17DT,F,60,Multi-ply,D,Full Power,National
Standard,280,,,T16-17DT,F,60,Multi-ply,Total,Full Power,National
Standard,57.5,,,T16-17DT,F,60,Multi-ply,B,Single Lift,National
Standard,100,,,T16-17DT,F,60,Multi-ply,D,Single Lift,National
Standard,117.5,,,T16-17DT,F,67.5,Multi-ply,S,Full Power,National
Standard,60,,,T16-17DT,F,67.5,Multi-ply,B,Full Power,National
Standard,102.5,,,T16-17DT,F,67.5,Multi-ply,D,Full Power,National
Standard,290,,,T16-17DT,F,67.5,Multi-ply,Total,Full Power,National
Standard,60,,,T16-17DT,F,67.5,Multi-ply,B,Single Lift,National
Standard,102.5,,,T16-17DT,F,67.5,Multi-ply,D,Single Lift,National
Standard,120,,,T16-17DT,F,75,Multi-ply,S,Full Power,National
Standard,60,,,T16-17DT,F,75,Multi-ply,B,Full Power,National
Standard,105,,,T16-17DT,F,75,Multi-ply,D,Full Power,National
Standard,300,,,T16-17DT,F,75,Multi-ply,Total,Full Power,National
Standard,60,,,T16-17DT,F,75,Multi-ply,B,Single Lift,National
Standard,105,,,T16-17DT,F,75,Multi-ply,D,Single Lift,National
Standard,125,,,T16-17DT,F,82.5,Multi-ply,S,Full Power,National
Standard,62.5,,,T16-17DT,F,82.5,Multi-ply,B,Full Power,National
Standard,110,,,T16-17DT,F,82.5,Multi-ply,D,Full Power,National
Standard,312.5,,,T16-17DT,F,82.5,Multi-ply,Total,Full Power,National
Standard,62.5,,,T16-17DT,F,82.5,Multi-ply,B,Single Lift,National
Standard,110,,,T16-17DT,F,82.5,Multi-ply,D,Single Lift,National
Standard,120,,,T16-17DT,F,90,Multi-ply,S,Full Power,National
Standard,60,,,T16-17DT,F,90,Multi-ply,B,Full Power,National
Standard,105,,,T16-17DT,F,90,Multi-ply,D,Full Power,National
Standard,297.5,,,T16-17DT,F,90,Multi-ply,Total,Full Power,National
Standard,60,,,T16-17DT,F,90,Multi-ply,B,Single Lift,National
Standard,105,,,T16-17DT,F,90,Multi-ply,D,Single Lift,National
Standard,137.5,,,T16-17DT,F,100,Multi-ply,S,Full Power,National
Standard,85,,,T16-17DT,F,100,Multi-ply,B,Full Power,National
Standard,120,,,T16-17DT,F,100,Multi-ply,D,Full Power,National
Standard,340,,,T16-17DT,F,100,Multi-ply,Total,Full Power,National
Standard,70,,,T16-17DT,F,100,Multi-ply,B,Single Lift,National
Standard,122.5,,,T16-17DT,F,100,Multi-ply,D,Single Lift,National
Standard,142.5,,,T16-17DT,F,110,Multi-ply,S,Full Power,National
Standard,90,,,T16-17DT,F,110,Multi-ply,B,Full Power,National
Standard,125,,,T16-17DT,F,110,Multi-ply,D,Full Power,National
Standard,355,,,T16-17DT,F,110,Multi-ply,Total,Full Power,National
Standard,75,,,T16-17DT,F,110,Multi-ply,B,Single Lift,National
Standard,132.5,,,T16-17DT,F,110,Multi-ply,D,Single Lift,National
Standard,150,,,T16-17DT,F,110+,Multi-ply,S,Full Power,National
Standard,95,,,T16-17DT,F,110+,Multi-ply,B,Full Power,National
Standard,132.5,,,T16-17DT,F,110+,Multi-ply,D,Full Power,National
Standard,375,,,T16-17DT,F,110+,Multi-ply,Total,Full Power,National
Standard,82.5,,,T16-17DT,F,110+,Multi-ply,B,Single Lift,National
Standard,145,,,T16-17DT,F,110+,Multi-ply,D,Single Lift,National
Standard,90,,,T18-19,F,44,Multi-ply,S,Full Power,National
Standard,55,,,T18-19,F,44,Multi-ply,B,Full Power,National
Standard,77.5,,,T18-19,F,44,Multi-ply,D,Full Power,National
Standard,220,,,T18-19,F,44,Multi-ply,Total,Full Power,National
Standard,55,,,T18-19,F,44,Multi-ply,B,Single Lift,National
Standard,77.5,,,T18-19,F,44,Multi-ply,D,Single Lift,National
Standard,97.5,,,T18-19,F,48,Multi-ply,S,Full Power,National
Standard,62.5,,,T18-19,F,48,Multi-ply,B,Full Power,National
Standard,85,,,T18-19,F,48,Multi-ply,D,Full Power,National
Standard,242.5,,,T18-19,F,48,Multi-ply,Total,Full Power,National
Standard,62.5,,,T18-19,F,48,Multi-ply,B,Single Lift,National
Standard,85,,,T18-19,F,48,Multi-ply,D,Single Lift,National
Standard,112.5,,,T18-19,F,52,Multi-ply,S,Full Power,National
Standard,70,,,T18-19,F,52,Multi-ply,B,Full Power,National
Standard,97.5,,,T18-19,F,52,Multi-ply,D,Full Power,National
Standard,277.5,,,T18-19,F,52,Multi-ply,Total,Full Power,National
Standard,70,,,T18-19,F,52,Multi-ply,B,Single Lift,National
Standard,97.5,,,T18-19,F,52,Multi-ply,D,Single Lift,National
Standard,122.5,,,T18-19,F,56,Multi-ply,S,Full Power,National
Standard,77.5,,,T18-19,F,56,Multi-ply,B,Full Power,National
Standard,107.5,,,T18-19,F,56,Multi-ply,D,Full Power,National
Standard,305,,,T18-19,F,56,Multi-ply,Total,Full Power,National
Standard,77.5,,,T18-19,F,56,Multi-ply,B,Single Lift,National
Standard,107.5,,,T18-19,F,56,Multi-ply,D,Single Lift,National
Standard,135,,,T18-19,F,60,Multi-ply,S,Full Power,National
Standard,85,,,T18-19,F,60,Multi-ply,B,Full Power,National
Standard,117.5,,,T18-19,F,60,Multi-ply,D,Full Power,National
Standard,332.5,,,T18-19,F,60,Multi-ply,Total,Full Power,National
Standard,85,,,T18-19,F,60,Multi-ply,B,Single Lift,National
Standard,117.5,,,T18-19,F,60,Multi-ply,D,Single Lift,National
Standard,132.5,,,T18-19,F,67.5,Multi-ply,S,Full Power,National
Standard,82.5,,,T18-19,F,67.5,Multi-ply,B,Full Power,National
Standard,117.5,,,T18-19,F,67.5,Multi-ply,D,Full Power,National
Standard,330,,,T18-19,F,67.5,Multi-ply,Total,Full Power,National
Standard,82.5,,,T18-19,F,67.5,Multi-ply,B,Single Lift,National
Standard,117.5,,,T18-19,F,67.5,Multi-ply,D,Single Lift,National
Standard,150,,,T18-19,F,75,Multi-ply,S,Full Power,National
Standard,92.5,,,T18-19,F,75,Multi-ply,B,Full Power,National
Standard,130,,,T18-19,F,75,Multi-ply,D,Full Power,National
Standard,370,,,T18-19,F,75,Multi-ply,Total,Full Power,National
Standard,92.5,,,T18-19,F,75,Multi-ply,B,Single Lift,National
Standard,130,,,T18-19,F,75,Multi-ply,D,Single Lift,National
Standard,155,,,T18-19,F,82.5,Multi-ply,S,Full Power,National
Standard,97.5,,,T18-19,F,82.5,Multi-ply,B,Full Power,National
Standard,135,,,T18-19,F,82.5,Multi-ply,D,Full Power,National
Standard,382.5,,,T18-19,F,82.5,Multi-ply,Total,Full Power,National
Standard,97.5,,,T18-19,F,82.5,Multi-ply,B,Single Lift,National
Standard,135,,,T18-19,F,82.5,Multi-ply,D,Single Lift,National
Standard,160,,,T18-19,F,90,Multi-ply,S,Full Power,National
Standard,100,,,T18-19,F,90,Multi-ply,B,Full Power,National
Standard,140,,,T18-19,F,90,Multi-ply,D,Full Power,National
Standard,395,,,T18-19,F,90,Multi-ply,Total,Full Power,National
Standard,100,,,T18-19,F,90,Multi-ply,B,Single Lift,National
Standard,140,,,T18-19,F,90,Multi-ply,D,Single Lift,National
Standard,165,,,T18-19,F,100,Multi-ply,S,Full Power,National
Standard,105,,,T18-19,F,100,Multi-ply,B,Full Power,National
Standard,145,,,T18-19,F,100,Multi-ply,D,Full Power,National
Standard,412.5,,,T18-19,F,100,Multi-ply,Total,Full Power,National
Standard,85,,,T18-19,F,100,Multi-ply,B,Single Lift,National
Standard,150,,,T18-19,F,100,Multi-ply,D,Single Lift,National
Standard,175,,,T18-19,F,110,Multi-ply,S,Full Power,National
Standard,110,,,T18-19,F,110,Multi-ply,B,Full Power,National
Standard,152.5,,,T18-19,F,110,Multi-ply,D,Full Power,National
Standard,435,,,T18-19,F,110,Multi-ply,Total,Full Power,National
Standard,92.5,,,T18-19,F,110,Multi-ply,B,Single Lift,National
Standard,162.5,,,T18-19,F,110,Multi-ply,D,Single Lift,National
Standard,185,,,T18-19,F,110+,Multi-ply,S,Full Power,National
Standard,115,,,T18-19,F,110+,Multi-ply,B,Full Power,National
Standard,162.5,,,T18-19,F,110+,Multi-ply,D,Full Power,National
Standard,457.5,,,T18-19,F,110+,Multi-ply,Total,Full Power,National
Standard,100,,,T18-19,F,110+,Multi-ply,B,Single Lift,National
Standard,175,,,T18-19,F,110+,Multi-ply,D,Single Lift,National
Standard,75,,,T18-19DT,F,44,Multi-ply,S,Full Power,National
Standard,37.5,,,T18-19DT,F,44,Multi-ply,B,Full Power,National
Standard,65,,,T18-19DT,F,44,Multi-ply,D,Full Power,National
Standard,185,,,T18-19DT,F,44,Multi-ply,Total,Full Power,National
Standard,37.5,,,T18-19DT,F,44,Multi-ply,B,Single Lift,National
Standard,65,,,T18-19DT,F,44,Multi-ply,D,Single Lift,National
Standard,105,,,T18-19DT,F,48,Multi-ply,S,Full Power,National
Standard,52.5,,,T18-19DT,F,48,Multi-ply,B,Full Power,National
Standard,92.5,,,T18-19DT,F,48,Multi-ply,D,Full Power,National
Standard,260,,,T18-19DT,F,48,Multi-ply,Total,Full Power,National
Standard,52.5,,,T18-19DT,F,48,Multi-ply,B,Single Lift,National
Standard,92.5,,,T18-19DT,F,48,Multi-ply,D,Single Lift,National
Standard,117.5,,,T18-19DT,F,52,Multi-ply,S,Full Power,National
Standard,60,,,T18-19DT,F,52,Multi-ply,B,Full Power,National
Standard,102.5,,,T18-19DT,F,52,Multi-ply,D,Full Power,National
Standard,292.5,,,T18-19DT,F,52,Multi-ply,Total,Full Power,National
Standard,60,,,T18-19DT,F,52,Multi-ply,B,Single Lift,National
Standard,102.5,,,T18-19DT,F,52,Multi-ply,D,Single Lift,National
Standard,125,,,T18-19DT,F,56,Multi-ply,S,Full Power,National
Standard,62.5,,,T18-19DT,F,56,Multi-ply,B,Full Power,National
Standard,110,,,T18-19DT,F,56,Multi-ply,D,Full Power,National
Standard,310,,,T18-19DT,F,56,Multi-ply,Total,Full Power,National
Standard,62.5,,,T18-19DT,F,56,Multi-ply,B,Single Lift,National
Standard,110,,,T18-19DT,F,56,Multi-ply,D,Single Lift,National
Standard,132.5,,,T18-19DT,F,60,Multi-ply,S,Full Power,National
Standard,67.5,,,T18-19DT,F,60,Multi-ply,B,Full Power,National
Standard,115,,,T18-19DT,F,60,Multi-ply,D,Full Power,National
Standard,327.5,,,T18-19DT,F,60,Multi-ply,Total,Full Power,National
Standard,67.5,,,T18-19DT,F,60,Multi-ply,B,Single Lift,National
Standard,115,,,T18-19DT,F,60,Multi-ply,D,Single Lift,National
Standard,137.5,,,T18-19DT,F,67.5,Multi-ply,S,Full Power,National
Standard,70,,,T18-19DT,F,67.5,Multi-ply,B,Full Power,National
Standard,120,,,T18-19DT,F,67.5,Multi-ply,D,Full Power,National
Standard,340,,,T18-19DT,F,67.5,Multi-ply,Total,Full Power,National
Standard,70,,,T18-19DT,F,67.5,Multi-ply,B,Single Lift,National
Standard,120,,,T18-19DT,F,67.5,Multi-ply,D,Single Lift,National
Standard,142.5,,,T18-19DT,F,75,Multi-ply,S,Full Power,National
Standard,72.5,,,T18-19DT,F,75,Multi-ply,B,Full Power,National
Standard,125,,,T18-19DT,F,75,Multi-ply,D,Full Power,National
Standard,352.5,,,T18-19DT,F,75,Multi-ply,Total,Full Power,National
Standard,72.5,,,T18-19DT,F,75,Multi-ply,B,Single Lift,National
Standard,125,,,T18-19DT,F,75,Multi-ply,D,Single Lift,National
Standard,147.5,,,T18-19DT,F,82.5,Multi-ply,S,Full Power,National
Standard,75,,,T18-19DT,F,82.5,Multi-ply,B,Full Power,National
Standard,130,,,T18-19DT,F,82.5,Multi-ply,D,Full Power,National
Standard,365,,,T18-19DT,F,82.5,Multi-ply,Total,Full Power,National
Standard,75,,,T18-19DT,F,82.5,Multi-ply,B,Single Lift,National
Standard,130,,,T18-19DT,F,82.5,Multi-ply,D,Single Lift,National
Standard,140,,,T18-19DT,F,90,Multi-ply,S,Full Power,National
Standard,70,,,T18-19DT,F,90,Multi-ply,B,Full Power,National
Standard,122.5,,,T18-19DT,F,90,Multi-ply,D,Full Power,National
Standard,350,,,T18-19DT,F,90,Multi-ply,Total,Full Power,National
Standard,70,,,T18-19DT,F,90,Multi-ply,B,Single Lift,National
Standard,122.5,,,T18-19DT,F,90,Multi-ply,D,Single Lift,National
Standard,160,,,T18-19DT,F,100,Multi-ply,S,Full Power,National
Standard,100,,,T18-19DT,F,100,Multi-ply,B,Full Power,National
Standard,140,,,T18-19DT,F,100,Multi-ply,D,Full Power,National
Standard,397.5,,,T18-19DT,F,100,Multi-ply,Total,Full Power,National
Standard,82.5,,,T18-19DT,F,100,Multi-ply,B,Single Lift,National
Standard,145,,,T18-19DT,F,100,Multi-ply,D,Single Lift,National
Standard,167.5,,,T18-19DT,F,110,Multi-ply,S,Full Power,National
Standard,105,,,T18-19DT,F,110,Multi-ply,B,Full Power,National
Standard,147.5,,,T18-19DT,F,110,Multi-ply,D,Full Power,National
Standard,417.5,,,T18-19DT,F,110,Multi-ply,Total,Full Power,National
Standard,90,,,T18-19DT,F,110,Multi-ply,B,Single Lift,National
Standard,155,,,T18-19DT,F,110,Multi-ply,D,Single Lift,National
Standard,177.5,,,T18-19DT,F,110+,Multi-ply,S,Full Power,National
Standard,110,,,T18-19DT,F,110+,Multi-ply,B,Full Power,National
Standard,155,,,T18-19DT,F,110+,Multi-ply,D,Full Power,National
Standard,440,,,T18-19DT,F,110+,Multi-ply,Total,Full Power,National
Standard,97.5,,,T18-19DT,F,110+,Multi-ply,B,Single Lift,National
Standard,167.5,,,T18-19DT,F,110+,Multi-ply,D,Single Lift,National
Standard,105,,,Junior,F,44,Multi-ply,S,Full Power,National
Standard,65,,,Junior,F,44,Multi-ply,B,Full Power,National
Standard,92.5,,,Junior,F,44,Multi-ply,D,Full Power,National
Standard,257.5,,,Junior,F,44,Multi-ply,Total,Full Power,National
Standard,65,,,Junior,F,44,Multi-ply,B,Single Lift,National
Standard,92.5,,,Junior,F,44,Multi-ply,D,Single Lift,National
Standard,115,,,Junior,F,48,Multi-ply,S,Full Power,National
Standard,72.5,,,Junior,F,48,Multi-ply,B,Full Power,National
Standard,100,,,Junior,F,48,Multi-ply,D,Full Power,National
Standard,282.5,,,Junior,F,48,Multi-ply,Total,Full Power,National
Standard,72.5,,,Junior,F,48,Multi-ply,B,Single Lift,National
Standard,100,,,Junior,F,48,Multi-ply,D,Single Lift,National
Standard,130,,,Junior,F,52,Multi-ply,S,Full Power,National
Standard,82.5,,,Junior,F,52,Multi-ply,B,Full Power,National
Standard,115,,,Junior,F,52,Multi-ply,D,Full Power,National
Standard,325,,,Junior,F,52,Multi-ply,Total,Full Power,National
Standard,82.5,,,Junior,F,52,Multi-ply,B,Single Lift,National
Standard,115,,,Junior,F,52,Multi-ply,D,Single Lift,National
Standard,145,,,Junior,F,56,Multi-ply,S,Full Power,National
Standard,90,,,Junior,F,56,Multi-ply,B,Full Power,National
Standard,127.5,,,Junior,F,56,Multi-ply,D,Full Power,National
Standard,357.5,,,Junior,F,56,Multi-ply,Total,Full Power,National
Standard,90,,,Junior,F,56,Multi-ply,B,Single Lift,National
Standard,127.5,,,Junior,F,56,Multi-ply,D,Single Lift,National
Standard,157.5,,,Junior,F,60,Multi-ply,S,Full Power,National
Standard,97.5,,,Junior,F,60,Multi-ply,B,Full Power,National
Standard,137.5,,,Junior,F,60,Multi-ply,D,Full Power,National
Standard,390,,,Junior,F,60,Multi-ply,Total,Full Power,National
Standard,97.5,,,Junior,F,60,Multi-ply,B,Single Lift,National
Standard,137.5,,,Junior,F,60,Multi-ply,D,Single Lift,National
Standard,155,,,Junior,F,67.5,Multi-ply,S,Full Power,National
Standard,97.5,,,Junior,F,67.5,Multi-ply,B,Full Power,National
Standard,137.5,,,Junior,F,67.5,Multi-ply,D,Full Power,National
Standard,387.5,,,Junior,F,67.5,Multi-ply,Total,Full Power,National
Standard,97.5,,,Junior,F,67.5,Multi-ply,B,Single Lift,National
Standard,137.5,,,Junior,F,67.5,Multi-ply,D,Single Lift,National
Standard,175,,,Junior,F,75,Multi-ply,S,Full Power,National
Standard,110,,,Junior,F,75,Multi-ply,B,Full Power,National
Standard,152.5,,,Junior,F,75,Multi-ply,D,Full Power,National
Standard,435,,,Junior,F,75,Multi-ply,Total,Full Power,National
Standard,110,,,Junior,F,75,Multi-ply,B,Single Lift,National
Standard,152.5,,,Junior,F,75,Multi-ply,D,Single Lift,National
Standard,180,,,Junior,F,82.5,Multi-ply,S,Full Power,National
Standard,112.5,,,Junior,F,82.5,Multi-ply,B,Full Power,National
Standard,157.5,,,Junior,F,82.5,Multi-ply,D,Full Power,National
Standard,447.5,,,Junior,F,82.5,Multi-ply,Total,Full Power,National
Standard,112.5,,,Junior,F,82.5,Multi-ply,B,Single Lift,National
Standard,157.5,,,Junior,F,82.5,Multi-ply,D,Single Lift,National
Standard,185,,,Junior,F,90,Multi-ply,S,Full Power,National
Standard,117.5,,,Junior,F,90,Multi-ply,B,Full Power,National
Standard,162.5,,,Junior,F,90,Multi-ply,D,Full Power,National
Standard,462.5,,,Junior,F,90,Multi-ply,Total,Full Power,National
Standard,117.5,,,Junior,F,90,Multi-ply,B,Single Lift,National
Standard,162.5,,,Junior,F,90,Multi-ply,D,Single Lift,National
Standard,195,,,Junior,F,100,Multi-ply,S,Full Power,National
Standard,122.5,,,Junior,F,100,Multi-ply,B,Full Power,National
Standard,170,,,Junior,F,100,Multi-ply,D,Full Power,National
Standard,485,,,Junior,F,100,Multi-ply,Total,Full Power,National
Standard,100,,,Junior,F,100,Multi-ply,B,Single Lift,National
Standard,175,,,Junior,F,100,Multi-ply,D,Single Lift,National
Standard,205,,,Junior,F,110,Multi-ply,S,Full Power,National
Standard,127.5,,,Junior,F,110,Multi-ply,B,Full Power,National
Standard,180,,,Junior,F,110,Multi-ply,D,Full Power,National
Standard,510,,,Junior,F,110,Multi-ply,Total,Full Power,National
Standard,110,,,Junior,F,110,Multi-ply,B,Single Lift,National
Standard,190,,,Junior,F,110,Multi-ply,D,Single Lift,National
Standard,215,,,Junior,F,110+,Multi-ply,S,Full Power,National
Standard,135,,,Junior,F,110+,Multi-ply,B,Full Power,National
Standard,190,,,Junior,F,110+,Multi-ply,D,Full Power,National
Standard,537.5,,,Junior,F,110+,Multi-ply,Total,Full Power,National
Standard,117.5,,,Junior,F,110+,Multi-ply,B,Single Lift,National
Standard,205,,,Junior,F,110+,Multi-ply,D,Single Lift,National
Standard,87.5,,,JuniorDT,F,44,Multi-ply,S,Full Power,National
Standard,45,,,JuniorDT,F,44,Multi-ply,B,Full Power,National
Standard,77.5,,,JuniorDT,F,44,Multi-ply,D,Full Power,National
Standard,217.5,,,JuniorDT,F,44,Multi-ply,Total,Full Power,National
Standard,45,,,JuniorDT,F,44,Multi-ply,B,Single Lift,National
Standard,77.5,,,JuniorDT,F,44,Multi-ply,D,Single Lift,National
Standard,122.5,,,JuniorDT,F,48,Multi-ply,S,Full Power,National
Standard,62.5,,,JuniorDT,F,48,Multi-ply,B,Full Power,National
Standard,107.5,,,JuniorDT,F,48,Multi-ply,D,Full Power,National
Standard,305,,,JuniorDT,F,48,Multi-ply,Total,Full Power,National
Standard,62.5,,,JuniorDT,F,48,Multi-ply,B,Single Lift,National
Standard,107.5,,,JuniorDT,F,48,Multi-ply,D,Single Lift,National
Standard,137.5,,,JuniorDT,F,52,Multi-ply,S,Full Power,National
Standard,70,,,JuniorDT,F,52,Multi-ply,B,Full Power,National
Standard,120,,,JuniorDT,F,52,Multi-ply,D,Full Power,National
Standard,342.5,,,JuniorDT,F,52,Multi-ply,Total,Full Power,National
Standard,70,,,JuniorDT,F,52,Multi-ply,B,Single Lift,National
Standard,120,,,JuniorDT,F,52,Multi-ply,D,Single Lift,National
Standard,145,,,JuniorDT,F,56,Multi-ply,S,Full Power,National
Standard,72.5,,,JuniorDT,F,56,Multi-ply,B,Full Power,National
Standard,127.5,,,JuniorDT,F,56,Multi-ply,D,Full Power,National
Standard,362.5,,,JuniorDT,F,56,Multi-ply,Total,Full Power,National
Standard,72.5,,,JuniorDT,F,56,Multi-ply,B,Single Lift,National
Standard,127.5,,,JuniorDT,F,56,Multi-ply,D,Single Lift,National
Standard,155,,,JuniorDT,F,60,Multi-ply,S,Full Power,National
Standard,77.5,,,JuniorDT,F,60,Multi-ply,B,Full Power,National
Standard,135,,,JuniorDT,F,60,Multi-ply,D,Full Power,National
Standard,382.5,,,JuniorDT,F,60,Multi-ply,Total,Full Power,National
Standard,77.5,,,JuniorDT,F,60,Multi-ply,B,Single Lift,National
Standard,135,,,JuniorDT,F,60,Multi-ply,D,Single Lift,National
Standard,160,,,JuniorDT,F,67.5,Multi-ply,S,Full Power,National
Standard,80,,,JuniorDT,F,67.5,Multi-ply,B,Full Power,National
Standard,140,,,JuniorDT,F,67.5,Multi-ply,D,Full Power,National
Standard,397.5,,,JuniorDT,F,67.5,Multi-ply,Total,Full Power,National
Standard,80,,,JuniorDT,F,67.5,Multi-ply,B,Single Lift,National
Standard,140,,,JuniorDT,F,67.5,Multi-ply,D,Single Lift,National
Standard,165,,,JuniorDT,F,75,Multi-ply,S,Full Power,National
Standard,82.5,,,JuniorDT,F,75,Multi-ply,B,Full Power,National
Standard,145,,,JuniorDT,F,75,Multi-ply,D,Full Power,National
Standard,412.5,,,JuniorDT,F,75,Multi-ply,Total,Full Power,National
Standard,82.5,,,JuniorDT,F,75,Multi-ply,B,Single Lift,National
Standard,145,,,JuniorDT,F,75,Multi-ply,D,Single Lift,National
Standard,172.5,,,JuniorDT,F,82.5,Multi-ply,S,Full Power,National
Standard,87.5,,,JuniorDT,F,82.5,Multi-ply,B,Full Power,National
Standard,150,,,JuniorDT,F,82.5,Multi-ply,D,Full Power,National
Standard,427.5,,,JuniorDT,F,82.5,Multi-ply,Total,Full Power,National
Standard,87.5,,,JuniorDT,F,82.5,Multi-ply,B,Single Lift,National
Standard,150,,,JuniorDT,F,82.5,Multi-ply,D,Single Lift,National
Standard,165,,,JuniorDT,F,90,Multi-ply,S,Full Power,National
Standard,82.5,,,JuniorDT,F,90,Multi-ply,B,Full Power,National
Standard,145,,,JuniorDT,F,90,Multi-ply,D,Full Power,National
Standard,410,,,JuniorDT,F,90,Multi-ply,Total,Full Power,National
Standard,82.5,,,JuniorDT,F,90,Multi-ply,B,Single Lift,National
Standard,145,,,JuniorDT,F,90,Multi-ply,D,Single Lift,National
Standard,187.5,,,JuniorDT,F,100,Multi-ply,S,Full Power,National
Standard,117.5,,,JuniorDT,F,100,Multi-ply,B,Full Power,National
Standard,165,,,JuniorDT,F,100,Multi-ply,D,Full Power,National
Standard,467.5,,,JuniorDT,F,100,Multi-ply,Total,Full Power,National
Standard,97.5,,,JuniorDT,F,100,Multi-ply,B,Single Lift,National
Standard,170,,,JuniorDT,F,100,Multi-ply,D,Single Lift,National
Standard,197.5,,,JuniorDT,F,110,Multi-ply,S,Full Power,National
Standard,122.5,,,JuniorDT,F,110,Multi-ply,B,Full Power,National
Standard,172.5,,,JuniorDT,F,110,Multi-ply,D,Full Power,National
Standard,490,,,JuniorDT,F,110,Multi-ply,Total,Full Power,National
Standard,105,,,JuniorDT,F,110,Multi-ply,B,Single Lift,National
Standard,182.5,,,JuniorDT,F,110,Multi-ply,D,Single Lift,National
Standard,207.5,,,JuniorDT,F,110+,Multi-ply,S,Full Power,National
Standard,130,,,JuniorDT,F,110+,Multi-ply,B,Full Power,National
Standard,182.5,,,JuniorDT,F,110+,Multi-ply,D,Full Power,National
Standard,515,,,JuniorDT,F,110+,Multi-ply,Total,Full Power,National
Standard,112.5,,,JuniorDT,F,110+,Multi-ply,B,Single Lift,National
Standard,197.5,,,JuniorDT,F,110+,Multi-ply,D,Single Lift,National
Standard,107.5,,,M40-49,F,44,Multi-ply,S,Full Power,National
Standard,67.5,,,M40-49,F,44,Multi-ply,B,Full Power,National
Standard,95,,,M40-49,F,44,Multi-ply,D,Full Power,National
Standard,265,,,M40-49,F,44,Multi-ply,Total,Full Power,National
Standard,67.5,,,M40-49,F,44,Multi-ply,B,Single Lift,National
Standard,95,,,M40-49,F,44,Multi-ply,D,Single Lift,National
Standard,117.5,,,M40-49,F,48,Multi-ply,S,Full Power,National
Standard,72.5,,,M40-49,F,48,Multi-ply,B,Full Power,National
Standard,102.5,,,M40-49,F,48,Multi-ply,D,Full Power,National
Standard,290,,,M40-49,F,48,Multi-ply,Total,Full Power,National
Standard,72.5,,,M40-49,F,48,Multi-ply,B,Single Lift,National
Standard,102.5,,,M40-49,F,48,Multi-ply,D,Single Lift,National
Standard,135,,,M40-49,F,52,Multi-ply,S,Full Power,National
Standard,85,,,M40-49,F,52,Multi-ply,B,Full Power,National
Standard,117.5,,,M40-49,F,52,Multi-ply,D,Full Power,National
Standard,332.5,,,M40-49,F,52,Multi-ply,Total,Full Power,National
Standard,85,,,M40-49,F,52,Multi-ply,B,Single Lift,National
Standard,117.5,,,M40-49,F,52,Multi-ply,D,Single Lift,National
Standard,147.5,,,M40-49,F,56,Multi-ply,S,Full Power,National
Standard,92.5,,,M40-49,F,56,Multi-ply,B,Full Power,National
Standard,130,,,M40-49,F,56,Multi-ply,D,Full Power,National
Standard,367.5,,,M40-49,F,56,Multi-ply,Total,Full Power,National
Standard,92.5,,,M40-49,F,56,Multi-ply,B,Single Lift,National
Standard,130,,,M40-49,F,56,Multi-ply,D,Single Lift,National
Standard,162.5,,,M40-49,F,60,Multi-ply,S,Full Power,National
Standard,102.5,,,M40-49,F,60,Multi-ply,B,Full Power,National
Standard,142.5,,,M40-49,F,60,Multi-ply,D,Full Power,National
Standard,402.5,,,M40-49,F,60,Multi-ply,Total,Full Power,National
Standard,102.5,,,M40-49,F,60,Multi-ply,B,Single Lift,National
Standard,142.5,,,M40-49,F,60,Multi-ply,D,Single Lift,National
Standard,160,,,M40-49,F,67.5,Multi-ply,S,Full Power,National
Standard,100,,,M40-49,F,67.5,Multi-ply,B,Full Power,National
Standard,140,,,M40-49,F,67.5,Multi-ply,D,Full Power,National
Standard,400,,,M40-49,F,67.5,Multi-ply,Total,Full Power,National
Standard,100,,,M40-49,F,67.5,Multi-ply,B,Single Lift,National
Standard,140,,,M40-49,F,67.5,Multi-ply,D,Single Lift,National
Standard,180,,,M40-49,F,75,Multi-ply,S,Full Power,National
Standard,112.5,,,M40-49,F,75,Multi-ply,B,Full Power,National
Standard,157.5,,,M40-49,F,75,Multi-ply,D,Full Power,National
Standard,447.5,,,M40-49,F,75,Multi-ply,Total,Full Power,National
Standard,112.5,,,M40-49,F,75,Multi-ply,B,Single Lift,National
Standard,157.5,,,M40-49,F,75,Multi-ply,D,Single Lift,National
Standard,185,,,M40-49,F,82.5,Multi-ply,S,Full Power,National
Standard,115,,,M40-49,F,82.5,Multi-ply,B,Full Power,National
Standard,162.5,,,M40-49,F,82.5,Multi-ply,D,Full Power,National
Standard,460,,,M40-49,F,82.5,Multi-ply,Total,Full Power,National
Standard,115,,,M40-49,F,82.5,Multi-ply,B,Single Lift,National
Standard,162.5,,,M40-49,F,82.5,Multi-ply,D,Single Lift,National
Standard,190,,,M40-49,F,90,Multi-ply,S,Full Power,National
Standard,120,,,M40-49,F,90,Multi-ply,B,Full Power,National
Standard,167.5,,,M40-49,F,90,Multi-ply,D,Full Power,National
Standard,475,,,M40-49,F,90,Multi-ply,Total,Full Power,National
Standard,120,,,M40-49,F,90,Multi-ply,B,Single Lift,National
Standard,167.5,,,M40-49,F,90,Multi-ply,D,Single Lift,National
Katherine Rogers,220,05/10/2025,South West,M40-49,F,100,Multi-ply,S,Full Power,National
Standard,125,,,M40-49,F,100,Multi-ply,B,Full Power,National
Standard,175,,,M40-49,F,100,Multi-ply,D,Full Power,National
Katherine Rogers,510,05/10/2025,South West,M40-49,F,100,Multi-ply,Total,Full Power,National
Standard,105,,,M40-49,F,100,Multi-ply,B,Single Lift,National
Standard,182.5,,,M40-49,F,100,Multi-ply,D,Single Lift,National
Standard,210,,,M40-49,F,110,Multi-ply,S,Full Power,National
Standard,132.5,,,M40-49,F,110,Multi-ply,B,Full Power,National
Standard,185,,,M40-49,F,110,Multi-ply,D,Full Power,National
Standard,525,,,M40-49,F,110,Multi-ply,Total,Full Power,National
Standard,112.5,,,M40-49,F,110,Multi-ply,B,Single Lift,National
Standard,197.5,,,M40-49,F,110,Multi-ply,D,Single Lift,National
Standard,222.5,,,M40-49,F,110+,Multi-ply,S,Full Power,National
Standard,140,,,M40-49,F,110+,Multi-ply,B,Full Power,National
Standard,195,,,M40-49,F,110+,Multi-ply,D,Full Power,National
Standard,552.5,,,M40-49,F,110+,Multi-ply,Total,Full Power,National
Standard,122.5,,,M40-49,F,110+,Multi-ply,B,Single Lift,National
Standard,212.5,,,M40-49,F,110+,Multi-ply,D,Single Lift,National
Standard,95,,,M50-59,F,44,Multi-ply,S,Full Power,National
Standard,60,,,M50-59,F,44,Multi-ply,B,Full Power,National
Standard,82.5,,,M50-59,F,44,Multi-ply,D,Full Power,National
Standard,232.5,,,M50-59,F,44,Multi-ply,Total,Full Power,National
Standard,60,,,M50-59,F,44,Multi-ply,B,Single Lift,National
Standard,82.5,,,M50-59,F,44,Multi-ply,D,Single Lift,National
Standard,102.5,,,M50-59,F,48,Multi-ply,S,Full Power,National
Standard,65,,,M50-59,F,48,Multi-ply,B,Full Power,National
Standard,90,,,M50-59,F,48,Multi-ply,D,Full Power,National
Standard,255,,,M50-59,F,48,Multi-ply,Total,Full Power,National
Standard,65,,,M50-59,F,48,Multi-ply,B,Single Lift,National
Standard,90,,,M50-59,F,48,Multi-ply,D,Single Lift,National
Standard,117.5,,,M50-59,F,52,Multi-ply,S,Full Power,National
Standard,75,,,M50-59,F,52,Multi-ply,B,Full Power,National
Standard,102.5,,,M50-59,F,52,Multi-ply,D,Full Power,National
Standard,292.5,,,M50-59,F,52,Multi-ply,Total,Full Power,National
Standard,75,,,M50-59,F,52,Multi-ply,B,Single Lift,National
Standard,102.5,,,M50-59,F,52,Multi-ply,D,Single Lift,National
Standard,130,,,M50-59,F,56,Multi-ply,S,Full Power,National
Standard,82.5,,,M50-59,F,56,Multi-ply,B,Full Power,National
Standard,115,,,M50-59,F,56,Multi-ply,D,Full Power,National
Standard,322.5,,,M50-59,F,56,Multi-ply,Total,Full Power,National
Standard,82.5,,,M50-59,F,56,Multi-ply,B,Single Lift,National
Standard,115,,,M50-59,F,56,Multi-ply,D,Single Lift,National
Standard,142.5,,,M50-59,F,60,Multi-ply,S,Full Power,National
Standard,90,,,M50-59,F,60,Multi-ply,B,Full Power,National
Standard,125,,,M50-59,F,60,Multi-ply,D,Full Power,National
Standard,352.5,,,M50-59,F,60,Multi-ply,Total,Full Power,National
Standard,90,,,M50-59,F,60,Multi-ply,B,Single Lift,National
Standard,125,,,M50-59,F,60,Multi-ply,D,Single Lift,National
Standard,160,,,M50-59,F,67.5,Multi-ply,S,Full Power,National
Standard,100,,,M50-59,F,67.5,Multi-ply,B,Full Power,National
Standard,140,,,M50-59,F,67.5,Multi-ply,D,Full Power,National
Standard,400,,,M50-59,F,67.5,Multi-ply,Total,Full Power,National
Standard,100,,,M50-59,F,67.5,Multi-ply,B,Single Lift,National
Standard,140,,,M50-59,F,67.5,Multi-ply,D,Single Lift,National
Standard,157.5,,,M50-59,F,75,Multi-ply,S,Full Power,National
Standard,100,,,M50-59,F,75,Multi-ply,B,Full Power,National
Standard,137.5,,,M50-59,F,75,Multi-ply,D,Full Power,National
Standard,392.5,,,M50-59,F,75,Multi-ply,Total,Full Power,National
Standard,100,,,M50-59,F,75,Multi-ply,B,Single Lift,National
Standard,137.5,,,M50-59,F,75,Multi-ply,D,Single Lift,National
Standard,162.5,,,M50-59,F,82.5,Multi-ply,S,Full Power,National
Standard,102.5,,,M50-59,F,82.5,Multi-ply,B,Full Power,National
Standard,142.5,,,M50-59,F,82.5,Multi-ply,D,Full Power,National
Standard,402.5,,,M50-59,F,82.5,Multi-ply,Total,Full Power,National
Standard,102.5,,,M50-59,F,82.5,Multi-ply,B,Single Lift,National
Standard,142.5,,,M50-59,F,82.5,Multi-ply,D,Single Lift,National
Standard,167.5,,,M50-59,F,90,Multi-ply,S,Full Power,National
Standard,105,,,M50-59,F,90,Multi-ply,B,Full Power,National
Standard,147.5,,,M50-59,F,90,Multi-ply,D,Full Power,National
Standard,417.5,,,M50-59,F,90,Multi-ply,Total,Full Power,National
Standard,105,,,M50-59,F,90,Multi-ply,B,Single Lift,National
Standard,147.5,,,M50-59,F,90,Multi-ply,D,Single Lift,National
Standard,175,,,M50-59,F,100,Multi-ply,S,Full Power,National
Standard,110,,,M50-59,F,100,Multi-ply,B,Full Power,National
Standard,155,,,M50-59,F,100,Multi-ply,D,Full Power,National
Standard,437.5,,,M50-59,F,100,Multi-ply,Total,Full Power,National
Standard,92.5,,,M50-59,F,100,Multi-ply,B,Single Lift,National
Standard,160,,,M50-59,F,100,Multi-ply,D,Single Lift,National
Standard,185,,,M50-59,F,110,Multi-ply,S,Full Power,National
Standard,115,,,M50-59,F,110,Multi-ply,B,Full Power,National
Standard,162.5,,,M50-59,F,110,Multi-ply,D,Full Power,National
Standard,460,,,M50-59,F,110,Multi-ply,Total,Full Power,National
Standard,100,,,M50-59,F,110,Multi-ply,B,Single Lift,National
Standard,172.5,,,M50-59,F,110,Multi-ply,D,Single Lift,National
Standard,195,,,M50-59,F,110+,Multi-ply,S,Full Power,National
Standard,122.5,,,M50-59,F,110+,Multi-ply,B,Full Power,National
Standard,170,,,M50-59,F,110+,Multi-ply,D,Full Power,National
Standard,485,,,M50-59,F,110+,Multi-ply,Total,Full Power,National
Standard,107.5,,,M50-59,F,110+,Multi-ply,B,Single Lift,National
Standard,185,,,M50-59,F,110+,Multi-ply,D,Single Lift,National
Standard,82.5,,,M60-69,F,44,Multi-ply,S,Full Power,National
Standard,52.5,,,M60-69,F,44,Multi-ply,B,Full Power,National
Standard,72.5,,,M60-69,F,44,Multi-ply,D,Full Power,National
Standard,205,,,M60-69,F,44,Multi-ply,Total,Full Power,National
Standard,52.5,,,M60-69,F,44,Multi-ply,B,Single Lift,National
Standard,72.5,,,M60-69,F,44,Multi-ply,D,Single Lift,National
Standard,90,,,M60-69,F,48,Multi-ply,S,Full Power,National
Standard,57.5,,,M60-69,F,48,Multi-ply,B,Full Power,National
Standard,80,,,M60-69,F,48,Multi-ply,D,Full Power,National
Standard,225,,,M60-69,F,48,Multi-ply,Total,Full Power,National
Standard,57.5,,,M60-69,F,48,Multi-ply,B,Single Lift,National
Standard,80,,,M60-69,F,48,Multi-ply,D,Single Lift,National
Standard,105,,,M60-69,F,52,Multi-ply,S,Full Power,National
Standard,65,,,M60-69,F,52,Multi-ply,B,Full Power,National
Standard,92.5,,,M60-69,F,52,Multi-ply,D,Full Power,National
Standard,257.5,,,M60-69,F,52,Multi-ply,Total,Full Power,National
Standard,65,,,M60-69,F,52,Multi-ply,B,Single Lift,National
Standard,92.5,,,M60-69,F,52,Multi-ply,D,Single Lift,National
Standard,115,,,M60-69,F,56,Multi-ply,S,Full Power,National
Standard,72.5,,,M60-69,F,56,Multi-ply,B,Full Power,National
Standard,100,,,M60-69,F,56,Multi-ply,D,Full Power,National
Standard,282.5,,,M60-69,F,56,Multi-ply,Total,Full Power,National
Standard,72.5,,,M60-69,F,56,Multi-ply,B,Single Lift,National
Standard,100,,,M60-69,F,56,Multi-ply,D,Single Lift,National
Standard,125,,,M60-69,F,60,Multi-ply,S,Full Power,National
Standard,77.5,,,M60-69,F,60,Multi-ply,B,Full Power,National
Standard,110,,,M60-69,F,60,Multi-ply,D,Full Power,National
Standard,310,,,M60-69,F,60,Multi-ply,Total,Full Power,National
Standard,77.5,,,M60-69,F,60,Multi-ply,B,Single Lift,National
Standard,110,,,M60-69,F,60,Multi-ply,D,Single Lift,National
Standard,160,,,M60-69,F,67.5,Multi-ply,S,Full Power,National
Standard,100,,,M60-69,F,67.5,Multi-ply,B,Full Power,National
Standard,140,,,M60-69,F,67.5,Multi-ply,D,Full Power,National
Standard,400,,,M60-69,F,67.5,Multi-ply,Total,Full Power,National
Standard,100,,,M60-69,F,67.5,Multi-ply,B,Single Lift,National
Standard,140,,,M60-69,F,67.5,Multi-ply,D,Single Lift,National
Standard,140,,,M60-69,F,75,Multi-ply,S,Full Power,National
Standard,87.5,,,M60-69,F,75,Multi-ply,B,Full Power,National
Standard,122.5,,,M60-69,F,75,Multi-ply,D,Full Power,National
Standard,345,,,M60-69,F,75,Multi-ply,Total,Full Power,National
Standard,87.5,,,M60-69,F,75,Multi-ply,B,Single Lift,National
Standard,122.5,,,M60-69,F,75,Multi-ply,D,Single Lift,National
Standard,142.5,,,M60-69,F,82.5,Multi-ply,S,Full Power,National
Standard,90,,,M60-69,F,82.5,Multi-ply,B,Full Power,National
Standard,125,,,M60-69,F,82.5,Multi-ply,D,Full Power,National
Standard,352.5,,,M60-69,F,82.5,Multi-ply,Total,Full Power,National
Standard,90,,,M60-69,F,82.5,Multi-ply,B,Single Lift,National
Standard,125,,,M60-69,F,82.5,Multi-ply,D,Single Lift,National
Standard,147.5,,,M60-69,F,90,Multi-ply,S,Full Power,National
Standard,92.5,,,M60-69,F,90,Multi-ply,B,Full Power,National
Standard,130,,,M60-69,F,90,Multi-ply,D,Full Power,National
Standard,367.5,,,M60-69,F,90,Multi-ply,Total,Full Power,National
Standard,92.5,,,M60-69,F,90,Multi-ply,B,Single Lift,National
Standard,130,,,M60-69,F,90,Multi-ply,D,Single Lift,National
Standard,155,,,M60-69,F,100,Multi-ply,S,Full Power,National
Standard,97.5,,,M60-69,F,100,Multi-ply,B,Full Power,National
Standard,135,,,M60-69,F,100,Multi-ply,D,Full Power,National
Standard,385,,,M60-69,F,100,Multi-ply,Total,Full Power,National
Standard,80,,,M60-69,F,100,Multi-ply,B,Single Lift,National
Standard,140,,,M60-69,F,100,Multi-ply,D,Single Lift,National
Standard,162.5,,,M60-69,F,110,Multi-ply,S,Full Power,National
Standard,102.5,,,M60-69,F,110,Multi-ply,B,Full Power,National
Standard,142.5,,,M60-69,F,110,Multi-ply,D,Full Power,National
Standard,402.5,,,M60-69,F,110,Multi-ply,Total,Full Power,National
Standard,87.5,,,M60-69,F,110,Multi-ply,B,Single Lift,National
Standard,152.5,,,M60-69,F,110,Multi-ply,D,Single Lift,National
Standard,170,,,M60-69,F,110+,Multi-ply,S,Full Power,National
Standard,107.5,,,M60-69,F,110+,Multi-ply,B,Full Power,National
Standard,150,,,M60-69,F,110+,Multi-ply,D,Full Power,National
Standard,425,,,M60-69,F,110+,Multi-ply,Total,Full Power,National
Standard,92.5,,,M60-69,F,110+,Multi-ply,B,Single Lift,National
Standard,162.5,,,M60-69,F,110+,Multi-ply,D,Single Lift,National
Standard,90,,,M40-49DT,F,44,Multi-ply,S,Full Power,National
Standard,45,,,M40-49DT,F,44,Multi-ply,B,Full Power,National
Standard,80,,,M40-49DT,F,44,Multi-ply,D,Full Power,National
Standard,225,,,M40-49DT,F,44,Multi-ply,Total,Full Power,National
Standard,45,,,M40-49DT,F,44,Multi-ply,B,Single Lift,National
Standard,80,,,M40-49DT,F,44,Multi-ply,D,Single Lift,National
Standard,127.5,,,M40-49DT,F,48,Multi-ply,S,Full Power,National
Standard,65,,,M40-49DT,F,48,Multi-ply,B,Full Power,National
Standard,112.5,,,M40-49DT,F,48,Multi-ply,D,Full Power,National
Standard,315,,,M40-49DT,F,48,Multi-ply,Total,Full Power,National
Standard,65,,,M40-49DT,F,48,Multi-ply,B,Single Lift,National
Standard,112.5,,,M40-49DT,F,48,Multi-ply,D,Single Lift,National
Standard,142.5,,,M40-49DT,F,52,Multi-ply,S,Full Power,National
Standard,72.5,,,M40-49DT,F,52,Multi-ply,B,Full Power,National
Standard,125,,,M40-49DT,F,52,Multi-ply,D,Full Power,National
Standard,352.5,,,M40-49DT,F,52,Multi-ply,Total,Full Power,National
Standard,72.5,,,M40-49DT,F,52,Multi-ply,B,Single Lift,National
Standard,125,,,M40-49DT,F,52,Multi-ply,D,Single Lift,National
Standard,150,,,M40-49DT,F,56,Multi-ply,S,Full Power,National
Standard,75,,,M40-49DT,F,56,Multi-ply,B,Full Power,National
Standard,132.5,,,M40-49DT,F,56,Multi-ply,D,Full Power,National
Standard,372.5,,,M40-49DT,F,56,Multi-ply,Total,Full Power,National
Standard,75,,,M40-49DT,F,56,Multi-ply,B,Single Lift,National
Standard,132.5,,,M40-49DT,F,56,Multi-ply,D,Single Lift,National
Standard,157.5,,,M40-49DT,F,60,Multi-ply,S,Full Power,National
Standard,80,,,M40-49DT,F,60,Multi-ply,B,Full Power,National
Standard,137.5,,,M40-49DT,F,60,Multi-ply,D,Full Power,National
Standard,392.5,,,M40-49DT,F,60,Multi-ply,Total,Full Power,National
Standard,80,,,M40-49DT,F,60,Multi-ply,B,Single Lift,National
Standard,137.5,,,M40-49DT,F,60,Multi-ply,D,Single Lift,National
Standard,165,,,M40-49DT,F,67.5,Multi-ply,S,Full Power,National
Standard,82.5,,,M40-49DT,F,67.5,Multi-ply,B,Full Power,National
Standard,145,,,M40-49DT,F,67.5,Multi-ply,D,Full Power,National
Standard,410,,,M40-49DT,F,67.5,Multi-ply,Total,Full Power,National
Standard,82.5,,,M40-49DT,F,67.5,Multi-ply,B,Single Lift,National
Standard,145,,,M40-49DT,F,67.5,Multi-ply,D,Single Lift,National
Standard,170,,,M40-49DT,F,75,Multi-ply,S,Full Power,National
Standard,85,,,M40-49DT,F,75,Multi-ply,B,Full Power,National
Standard,150,,,M40-49DT,F,75,Multi-ply,D,Full Power,National
Standard,422.5,,,M40-49DT,F,75,Multi-ply,Total,Full Power,National
Standard,85,,,M40-49DT,F,75,Multi-ply,B,Single Lift,National
Standard,150,,,M40-49DT,F,75,Multi-ply,D,Single Lift,National
Standard,177.5,,,M40-49DT,F,82.5,Multi-ply,S,Full Power,National
Standard,90,,,M40-49DT,F,82.5,Multi-ply,B,Full Power,National
Standard,155,,,M40-49DT,F,82.5,Multi-ply,D,Full Power,National
Standard,440,,,M40-49DT,F,82.5,Multi-ply,Total,Full Power,National
Standard,90,,,M40-49DT,F,82.5,Multi-ply,B,Single Lift,National
Standard,155,,,M40-49DT,F,82.5,Multi-ply,D,Single Lift,National
Standard,170,,,M40-49DT,F,90,Multi-ply,S,Full Power,National
Standard,85,,,M40-49DT,F,90,Multi-ply,B,Full Power,National
Standard,147.5,,,M40-49DT,F,90,Multi-ply,D,Full Power,National
Standard,420,,,M40-49DT,F,90,Multi-ply,Total,Full Power,National
Standard,85,,,M40-49DT,F,90,Multi-ply,B,Single Lift,National
Standard,147.5,,,M40-49DT,F,90,Multi-ply,D,Single Lift,National
Standard,192.5,,,M40-49DT,F,100,Multi-ply,S,Full Power,National
Standard,120,,,M40-49DT,F,100,Multi-ply,B,Full Power,National
Standard,170,,,M40-49DT,F,100,Multi-ply,D,Full Power,National
Standard,480,,,M40-49DT,F,100,Multi-ply,Total,Full Power,National
Standard,100,,,M40-49DT,F,100,Multi-ply,B,Single Lift,National
Standard,172.5,,,M40-49DT,F,100,Multi-ply,D,Single Lift,National
Standard,202.5,,,M40-49DT,F,110,Multi-ply,S,Full Power,National
Standard,127.5,,,M40-49DT,F,110,Multi-ply,B,Full Power,National
Standard,177.5,,,M40-49DT,F,110,Multi-ply,D,Full Power,National
Standard,505,,,M40-49DT,F,110,Multi-ply,Total,Full Power,National
Standard,107.5,,,M40-49DT,F,110,Multi-ply,B,Single Lift,National
Standard,187.5,,,M40-49DT,F,110,Multi-ply,D,Single Lift,National
Standard,212.5,,,M40-49DT,F,110+,Multi-ply,S,Full Power,National
Standard,132.5,,,M40-49DT,F,110+,Multi-ply,B,Full Power,National
Standard,187.5,,,M40-49DT,F,110+,Multi-ply,D,Full Power,National
Standard,530,,,M40-49DT,F,110+,Multi-ply,Total,Full Power,National
Standard,117.5,,,M40-49DT,F,110+,Multi-ply,B,Single Lift,National
Standard,202.5,,,M40-49DT,F,110+,Multi-ply,D,Single Lift,National
Standard,80,,,M50-59DT,F,44,Multi-ply,S,Full Power,National
Standard,40,,,M50-59DT,F,44,Multi-ply,B,Full Power,National
Standard,70,,,M50-59DT,F,44,Multi-ply,D,Full Power,National
Standard,197.5,,,M50-59DT,F,44,Multi-ply,Total,Full Power,National
Standard,40,,,M50-59DT,F,44,Multi-ply,B,Single Lift,National
Standard,70,,,M50-59DT,F,44,Multi-ply,D,Single Lift,National
Standard,112.5,,,M50-59DT,F,48,Multi-ply,S,Full Power,National
Standard,57.5,,,M50-59DT,F,48,Multi-ply,B,Full Power,National
Standard,97.5,,,M50-59DT,F,48,Multi-ply,D,Full Power,National
Standard,277.5,,,M50-59DT,F,48,Multi-ply,Total,Full Power,National
Standard,57.5,,,M50-59DT,F,48,Multi-ply,B,Single Lift,National
Standard,97.5,,,M50-59DT,F,48,Multi-ply,D,Single Lift,National
Standard,125,,,M50-59DT,F,52,Multi-ply,S,Full Power,National
Standard,62.5,,,M50-59DT,F,52,Multi-ply,B,Full Power,National
Standard,110,,,M50-59DT,F,52,Multi-ply,D,Full Power,National
Standard,310,,,M50-59DT,F,52,Multi-ply,Total,Full Power,National
Standard,62.5,,,M50-59DT,F,52,Multi-ply,B,Single Lift,National
Standard,110,,,M50-59DT,F,52,Multi-ply,D,Single Lift,National
Standard,132.5,,,M50-59DT,F,56,Multi-ply,S,Full Power,National
Standard,67.5,,,M50-59DT,F,56,Multi-ply,B,Full Power,National
Standard,115,,,M50-59DT,F,56,Multi-ply,D,Full Power,National
Standard,327.5,,,M50-59DT,F,56,Multi-ply,Total,Full Power,National
Standard,67.5,,,M50-59DT,F,56,Multi-ply,B,Single Lift,National
Standard,115,,,M50-59DT,F,56,Multi-ply,D,Single Lift,National
Standard,140,,,M50-59DT,F,60,Multi-ply,S,Full Power,National
Standard,70,,,M50-59DT,F,60,Multi-ply,B,Full Power,National
Standard,122.5,,,M50-59DT,F,60,Multi-ply,D,Full Power,National
Standard,345,,,M50-59DT,F,60,Multi-ply,Total,Full Power,National
Standard,70,,,M50-59DT,F,60,Multi-ply,B,Single Lift,National
Standard,122.5,,,M50-59DT,F,60,Multi-ply,D,Single Lift,National
Standard,145,,,M50-59DT,F,67.5,Multi-ply,S,Full Power,National
Standard,72.5,,,M50-59DT,F,67.5,Multi-ply,B,Full Power,National
Standard,127.5,,,M50-59DT,F,67.5,Multi-ply,D,Full Power,National
Standard,360,,,M50-59DT,F,67.5,Multi-ply,Total,Full Power,National
Standard,72.5,,,M50-59DT,F,67.5,Multi-ply,B,Single Lift,National
Standard,127.5,,,M50-59DT,F,67.5,Multi-ply,D,Single Lift,National
Standard,150,,,M50-59DT,F,75,Multi-ply,S,Full Power,National
Michelle Franklin,80,27/04/2025,East Midlands,M50-59DT,F,75,Multi-ply,B,Full Power,National
Michelle Franklin,140,27/04/2025,East Midlands,M50-59DT,F,75,Multi-ply,D,Full Power,National
Standard,370,,,M50-59DT,F,75,Multi-ply,Total,Full Power,National
Standard,75,,,M50-59DT,F,75,Multi-ply,B,Single Lift,National
Standard,130,,,M50-59DT,F,75,Multi-ply,D,Single Lift,National
Standard,155,,,M50-59DT,F,82.5,Multi-ply,S,Full Power,National
Standard,77.5,,,M50-59DT,F,82.5,Multi-ply,B,Full Power,National
Standard,135,,,M50-59DT,F,82.5,Multi-ply,D,Full Power,National
Standard,385,,,M50-59DT,F,82.5,Multi-ply,Total,Full Power,National
Standard,77.5,,,M50-59DT,F,82.5,Multi-ply,B,Single Lift,National
Standard,135,,,M50-59DT,F,82.5,Multi-ply,D,Single Lift,National
Standard,170,,,M50-59DT,F,90,Multi-ply,S,Full Power,National
Standard,85,,,M50-59DT,F,90,Multi-ply,B,Full Power,National
Standard,147.5,,,M50-59DT,F,90,Multi-ply,D,Full Power,National
Standard,420,,,M50-59DT,F,90,Multi-ply,Total,Full Power,National
Standard,85,,,M50-59DT,F,90,Multi-ply,B,Single Lift,National
Standard,147.5,,,M50-59DT,F,90,Multi-ply,D,Single Lift,National
Standard,170,,,M50-59DT,F,100,Multi-ply,S,Full Power,National
Standard,105,,,M50-59DT,F,100,Multi-ply,B,Full Power,National
Standard,147.5,,,M50-59DT,F,100,Multi-ply,D,Full Power,National
Standard,420,,,M50-59DT,F,100,Multi-ply,Total,Full Power,National
Standard,87.5,,,M50-59DT,F,100,Multi-ply,B,Single Lift,National
Standard,152.5,,,M50-59DT,F,100,Multi-ply,D,Single Lift,National
Standard,177.5,,,M50-59DT,F,110,Multi-ply,S,Full Power,National
Standard,112.5,,,M50-59DT,F,110,Multi-ply,B,Full Power,National
Standard,155,,,M50-59DT,F,110,Multi-ply,D,Full Power,National
Standard,442.5,,,M50-59DT,F,110,Multi-ply,Total,Full Power,National
Standard,95,,,M50-59DT,F,110,Multi-ply,B,Single Lift,National
Standard,165,,,M50-59DT,F,110,Multi-ply,D,Single Lift,National
Standard,187.5,,,M50-59DT,F,110+,Multi-ply,S,Full Power,National
Standard,117.5,,,M50-59DT,F,110+,Multi-ply,B,Full Power,National
Standard,165,,,M50-59DT,F,110+,Multi-ply,D,Full Power,National
Standard,465,,,M50-59DT,F,110+,Multi-ply,Total,Full Power,National
Standard,102.5,,,M50-59DT,F,110+,Multi-ply,B,Single Lift,National
Standard,180,,,M50-59DT,F,110+,Multi-ply,D,Single Lift,National
Standard,70,,,M60-69DT,F,44,Multi-ply,S,Full Power,National
Standard,35,,,M60-69DT,F,44,Multi-ply,B,Full Power,National
Standard,62.5,,,M60-69DT,F,44,Multi-ply,D,Full Power,National
Standard,175,,,M60-69DT,F,44,Multi-ply,Total,Full Power,National
Standard,35,,,M60-69DT,F,44,Multi-ply,B,Single Lift,National
Standard,62.5,,,M60-69DT,F,44,Multi-ply,D,Single Lift,National
Standard,100,,,M60-69DT,F,48,Multi-ply,S,Full Power,National
Standard,50,,,M60-69DT,F,48,Multi-ply,B,Full Power,National
Standard,87.5,,,M60-69DT,F,48,Multi-ply,D,Full Power,National
Standard,245,,,M60-69DT,F,48,Multi-ply,Total,Full Power,National
Standard,50,,,M60-69DT,F,48,Multi-ply,B,Single Lift,National
Standard,87.5,,,M60-69DT,F,48,Multi-ply,D,Single Lift,National
Standard,110,,,M60-69DT,F,52,Multi-ply,S,Full Power,National
Standard,55,,,M60-69DT,F,52,Multi-ply,B,Full Power,National
Standard,97.5,,,M60-69DT,F,52,Multi-ply,D,Full Power,National
Standard,272.5,,,M60-69DT,F,52,Multi-ply,Total,Full Power,National
Standard,55,,,M60-69DT,F,52,Multi-ply,B,Single Lift,National
Standard,97.5,,,M60-69DT,F,52,Multi-ply,D,Single Lift,National
Standard,115,,,M60-69DT,F,56,Multi-ply,S,Full Power,National
Standard,57.5,,,M60-69DT,F,56,Multi-ply,B,Full Power,National
Standard,102.5,,,M60-69DT,F,56,Multi-ply,D,Full Power,National
Standard,287.5,,,M60-69DT,F,56,Multi-ply,Total,Full Power,National
Standard,57.5,,,M60-69DT,F,56,Multi-ply,B,Single Lift,National
Standard,102.5,,,M60-69DT,F,56,Multi-ply,D,Single Lift,National
Standard,122.5,,,M60-69DT,F,60,Multi-ply,S,Full Power,National
Standard,62.5,,,M60-69DT,F,60,Multi-ply,B,Full Power,National
Standard,107.5,,,M60-69DT,F,60,Multi-ply,D,Full Power,National
Standard,302.5,,,M60-69DT,F,60,Multi-ply,Total,Full Power,National
Standard,62.5,,,M60-69DT,F,60,Multi-ply,B,Single Lift,National
Standard,107.5,,,M60-69DT,F,60,Multi-ply,D,Single Lift,National
Standard,127.5,,,M60-69DT,F,67.5,Multi-ply,S,Full Power,National
Standard,65,,,M60-69DT,F,67.5,Multi-ply,B,Full Power,National
Standard,112.5,,,M60-69DT,F,67.5,Multi-ply,D,Full Power,National
Standard,315,,,M60-69DT,F,67.5,Multi-ply,Total,Full Power,National
Standard,65,,,M60-69DT,F,67.5,Multi-ply,B,Single Lift,National
Standard,112.5,,,M60-69DT,F,67.5,Multi-ply,D,Single Lift,National
Standard,130,,,M60-69DT,F,75,Multi-ply,S,Full Power,National
Standard,65,,,M60-69DT,F,75,Multi-ply,B,Full Power,National
Standard,115,,,M60-69DT,F,75,Multi-ply,D,Full Power,National
Standard,325,,,M60-69DT,F,75,Multi-ply,Total,Full Power,National
Michelle Franklin,75,17/05/2026,World Cup UK,M60-69DT,F,75,Multi-ply,B,Single Lift,National
Michelle Franklin,135,17/05/2026,World Cup UK,M60-69DT,F,75,Multi-ply,D,Single Lift,National
Standard,135,,,M60-69DT,F,82.5,Multi-ply,S,Full Power,National
Standard,67.5,,,M60-69DT,F,82.5,Multi-ply,B,Full Power,National
Standard,120,,,M60-69DT,F,82.5,Multi-ply,D,Full Power,National
Standard,337.5,,,M60-69DT,F,82.5,Multi-ply,Total,Full Power,National
Standard,67.5,,,M60-69DT,F,82.5,Multi-ply,B,Single Lift,National
Standard,120,,,M60-69DT,F,82.5,Multi-ply,D,Single Lift,National
Standard,170,,,M60-69DT,F,90,Multi-ply,S,Full Power,National
Standard,85,,,M60-69DT,F,90,Multi-ply,B,Full Power,National
Standard,147.5,,,M60-69DT,F,90,Multi-ply,D,Full Power,National
Standard,420,,,M60-69DT,F,90,Multi-ply,Total,Full Power,National
Standard,85,,,M60-69DT,F,90,Multi-ply,B,Single Lift,National
Standard,147.5,,,M60-69DT,F,90,Multi-ply,D,Single Lift,National
Standard,147.5,,,M60-69DT,F,100,Multi-ply,S,Full Power,National
Standard,92.5,,,M60-69DT,F,100,Multi-ply,B,Full Power,National
Standard,130,,,M60-69DT,F,100,Multi-ply,D,Full Power,National
Standard,367.5,,,M60-69DT,F,100,Multi-ply,Total,Full Power,National
Standard,77.5,,,M60-69DT,F,100,Multi-ply,B,Single Lift,National
Standard,135,,,M60-69DT,F,100,Multi-ply,D,Single Lift,National
Standard,155,,,M60-69DT,F,110,Multi-ply,S,Full Power,National
Standard,97.5,,,M60-69DT,F,110,Multi-ply,B,Full Power,National
Standard,137.5,,,M60-69DT,F,110,Multi-ply,D,Full Power,National
Standard,387.5,,,M60-69DT,F,110,Multi-ply,Total,Full Power,National
Standard,82.5,,,M60-69DT,F,110,Multi-ply,B,Single Lift,National
Standard,145,,,M60-69DT,F,110,Multi-ply,D,Single Lift,National
Standard,165,,,M60-69DT,F,110+,Multi-ply,S,Full Power,National
Standard,102.5,,,M60-69DT,F,110+,Multi-ply,B,Full Power,National
Standard,145,,,M60-69DT,F,110+,Multi-ply,D,Full Power,National
Standard,407.5,,,M60-69DT,F,110+,Multi-ply,Total,Full Power,National
Standard,90,,,M60-69DT,F,110+,Multi-ply,B,Single Lift,National
Standard,157.5,,,M60-69DT,F,110+,Multi-ply,D,Single Lift,National
Standard,75,,,M70-79,F,44,Multi-ply,S,Full Power,National
Standard,47.5,,,M70-79,F,44,Multi-ply,B,Full Power,National
Standard,67.5,,,M70-79,F,44,Multi-ply,D,Full Power,National
Standard,185,,,M70-79,F,44,Multi-ply,Total,Full Power,National
Standard,47.5,,,M70-79,F,44,Multi-ply,B,Single Lift,National
Standard,67.5,,,M70-79,F,44,Multi-ply,D,Single Lift,National
Standard,82.5,,,M70-79,F,48,Multi-ply,S,Full Power,National
Standard,52.5,,,M70-79,F,48,Multi-ply,B,Full Power,National
Standard,72.5,,,M70-79,F,48,Multi-ply,D,Full Power,National
Standard,202.5,,,M70-79,F,48,Multi-ply,Total,Full Power,National
Standard,52.5,,,M70-79,F,48,Multi-ply,B,Single Lift,National
Standard,72.5,,,M70-79,F,48,Multi-ply,D,Single Lift,National
Standard,95,,,M70-79,F,52,Multi-ply,S,Full Power,National
Standard,60,,,M70-79,F,52,Multi-ply,B,Full Power,National
Standard,85,,,M70-79,F,52,Multi-ply,D,Full Power,National
Standard,232.5,,,M70-79,F,52,Multi-ply,Total,Full Power,National
Standard,60,,,M70-79,F,52,Multi-ply,B,Single Lift,National
Standard,85,,,M70-79,F,52,Multi-ply,D,Single Lift,National
Standard,105,,,M70-79,F,56,Multi-ply,S,Full Power,National
Standard,67.5,,,M70-79,F,56,Multi-ply,B,Full Power,National
Standard,90,,,M70-79,F,56,Multi-ply,D,Full Power,National
Standard,255,,,M70-79,F,56,Multi-ply,Total,Full Power,National
Standard,67.5,,,M70-79,F,56,Multi-ply,B,Single Lift,National
Standard,90,,,M70-79,F,56,Multi-ply,D,Single Lift,National
Standard,112.5,,,M70-79,F,60,Multi-ply,S,Full Power,National
Standard,70,,,M70-79,F,60,Multi-ply,B,Full Power,National
Standard,100,,,M70-79,F,60,Multi-ply,D,Full Power,National
Standard,280,,,M70-79,F,60,Multi-ply,Total,Full Power,National
Standard,70,,,M70-79,F,60,Multi-ply,B,Single Lift,National
Standard,100,,,M70-79,F,60,Multi-ply,D,Single Lift,National
Standard,145,,,M70-79,F,67.5,Multi-ply,S,Full Power,National
Standard,90,,,M70-79,F,67.5,Multi-ply,B,Full Power,National
Standard,127.5,,,M70-79,F,67.5,Multi-ply,D,Full Power,National
Standard,360,,,M70-79,F,67.5,Multi-ply,Total,Full Power,National
Standard,90,,,M70-79,F,67.5,Multi-ply,B,Single Lift,National
Standard,127.5,,,M70-79,F,67.5,Multi-ply,D,Single Lift,National
Standard,127.5,,,M70-79,F,75,Multi-ply,S,Full Power,National
Standard,80,,,M70-79,F,75,Multi-ply,B,Full Power,National
Standard,112.5,,,M70-79,F,75,Multi-ply,D,Full Power,National
Standard,312.5,,,M70-79,F,75,Multi-ply,Total,Full Power,National
Standard,80,,,M70-79,F,75,Multi-ply,B,Single Lift,National
Standard,112.5,,,M70-79,F,75,Multi-ply,D,Single Lift,National
Standard,130,,,M70-79,F,82.5,Multi-ply,S,Full Power,National
Standard,82.5,,,M70-79,F,82.5,Multi-ply,B,Full Power,National
Standard,112.5,,,M70-79,F,82.5,Multi-ply,D,Full Power,National
Standard,317.5,,,M70-79,F,82.5,Multi-ply,Total,Full Power,National
Standard,82.5,,,M70-79,F,82.5,Multi-ply,B,Single Lift,National
Standard,112.5,,,M70-79,F,82.5,Multi-ply,D,Single Lift,National
Standard,135,,,M70-79,F,90,Multi-ply,S,Full Power,National
Standard,85,,,M70-79,F,90,Multi-ply,B,Full Power,National
Standard,117.5,,,M70-79,F,90,Multi-ply,D,Full Power,National
Standard,332.5,,,M70-79,F,90,Multi-ply,Total,Full Power,National
Standard,85,,,M70-79,F,90,Multi-ply,B,Single Lift,National
Standard,117.5,,,M70-79,F,90,Multi-ply,D,Single Lift,National
Standard,140,,,M70-79,F,100,Multi-ply,S,Full Power,National
Standard,90,,,M70-79,F,100,Multi-ply,B,Full Power,National
Standard,122.5,,,M70-79,F,100,Multi-ply,D,Full Power,National
Standard,347.5,,,M70-79,F,100,Multi-ply,Total,Full Power,National
Standard,72.5,,,M70-79,F,100,Multi-ply,B,Single Lift,National
Standard,127.5,,,M70-79,F,100,Multi-ply,D,Single Lift,National
Standard,147.5,,,M70-79,F,110,Multi-ply,S,Full Power,National
Standard,92.5,,,M70-79,F,110,Multi-ply,B,Full Power,National
Standard,130,,,M70-79,F,110,Multi-ply,D,Full Power,National
Standard,362.5,,,M70-79,F,110,Multi-ply,Total,Full Power,National
Standard,80,,,M70-79,F,110,Multi-ply,B,Single Lift,National
Standard,137.5,,,M70-79,F,110,Multi-ply,D,Single Lift,National
Standard,155,,,M70-79,F,110+,Multi-ply,S,Full Power,National
Standard,97.5,,,M70-79,F,110+,Multi-ply,B,Full Power,National
Standard,135,,,M70-79,F,110+,Multi-ply,D,Full Power,National
Standard,382.5,,,M70-79,F,110+,Multi-ply,Total,Full Power,National
Standard,85,,,M70-79,F,110+,Multi-ply,B,Single Lift,National
Standard,147.5,,,M70-79,F,110+,Multi-ply,D,Single Lift,National
Standard,65,,,M70-79DT,F,44,Multi-ply,S,Full Power,National
Standard,32.5,,,M70-79DT,F,44,Multi-ply,B,Full Power,National
Standard,57.5,,,M70-79DT,F,44,Multi-ply,D,Full Power,National
Standard,157.5,,,M70-79DT,F,44,Multi-ply,Total,Full Power,National
Standard,32.5,,,M70-79DT,F,44,Multi-ply,B,Single Lift,National
Standard,57.5,,,M70-79DT,F,44,Multi-ply,D,Single Lift,National
Standard,90,,,M70-79DT,F,48,Multi-ply,S,Full Power,National
Standard,45,,,M70-79DT,F,48,Multi-ply,B,Full Power,National
Standard,80,,,M70-79DT,F,48,Multi-ply,D,Full Power,National
Standard,222.5,,,M70-79DT,F,48,Multi-ply,Total,Full Power,National
Standard,45,,,M70-79DT,F,48,Multi-ply,B,Single Lift,National
Standard,80,,,M70-79DT,F,48,Multi-ply,D,Single Lift,National
Standard,100,,,M70-79DT,F,52,Multi-ply,S,Full Power,National
Standard,50,,,M70-79DT,F,52,Multi-ply,B,Full Power,National
Standard,90,,,M70-79DT,F,52,Multi-ply,D,Full Power,National
Standard,247.5,,,M70-79DT,F,52,Multi-ply,Total,Full Power,National
Standard,50,,,M70-79DT,F,52,Multi-ply,B,Single Lift,National
Standard,90,,,M70-79DT,F,52,Multi-ply,D,Single Lift,National
Standard,105,,,M70-79DT,F,56,Multi-ply,S,Full Power,National
Standard,52.5,,,M70-79DT,F,56,Multi-ply,B,Full Power,National
Standard,92.5,,,M70-79DT,F,56,Multi-ply,D,Full Power,National
Standard,260,,,M70-79DT,F,56,Multi-ply,Total,Full Power,National
Standard,52.5,,,M70-79DT,F,56,Multi-ply,B,Single Lift,National
Standard,92.5,,,M70-79DT,F,56,Multi-ply,D,Single Lift,National
Standard,112.5,,,M70-79DT,F,60,Multi-ply,S,Full Power,National
Standard,57.5,,,M70-79DT,F,60,Multi-ply,B,Full Power,National
Standard,97.5,,,M70-79DT,F,60,Multi-ply,D,Full Power,National
Standard,272.5,,,M70-79DT,F,60,Multi-ply,Total,Full Power,National
Standard,57.5,,,M70-79DT,F,60,Multi-ply,B,Single Lift,National
Standard,97.5,,,M70-79DT,F,60,Multi-ply,D,Single Lift,National
Standard,115,,,M70-79DT,F,67.5,Multi-ply,S,Full Power,National
Standard,60,,,M70-79DT,F,67.5,Multi-ply,B,Full Power,National
Standard,102.5,,,M70-79DT,F,67.5,Multi-ply,D,Full Power,National
Standard,285,,,M70-79DT,F,67.5,Multi-ply,Total,Full Power,National
Standard,60,,,M70-79DT,F,67.5,Multi-ply,B,Single Lift,National
Standard,102.5,,,M70-79DT,F,67.5,Multi-ply,D,Single Lift,National
Standard,117.5,,,M70-79DT,F,75,Multi-ply,S,Full Power,National
Standard,60,,,M70-79DT,F,75,Multi-ply,B,Full Power,National
Standard,105,,,M70-79DT,F,75,Multi-ply,D,Full Power,National
Standard,292.5,,,M70-79DT,F,75,Multi-ply,Total,Full Power,National
Standard,67.5,,,M70-79DT,F,75,Multi-ply,B,Single Lift,National
Standard,115,,,M70-79DT,F,75,Multi-ply,D,Single Lift,National
Standard,122.5,,,M70-79DT,F,82.5,Multi-ply,S,Full Power,National
Standard,62.5,,,M70-79DT,F,82.5,Multi-ply,B,Full Power,National
Standard,110,,,M70-79DT,F,82.5,Multi-ply,D,Full Power,National
Standard,305,,,M70-79DT,F,82.5,Multi-ply,Total,Full Power,National
Standard,62.5,,,M70-79DT,F,82.5,Multi-ply,B,Single Lift,National
Standard,110,,,M70-79DT,F,82.5,Multi-ply,D,Single Lift,National
Standard,155,,,M70-79DT,F,90,Multi-ply,S,Full Power,National
Standard,77.5,,,M70-79DT,F,90,Multi-ply,B,Full Power,National
Standard,135,,,M70-79DT,F,90,Multi-ply,D,Full Power,National
Standard,380,,,M70-79DT,F,90,Multi-ply,Total,Full Power,National
Standard,77.5,,,M70-79DT,F,90,Multi-ply,B,Single Lift,National
Standard,135,,,M70-79DT,F,90,Multi-ply,D,Single Lift,National
Standard,135,,,M70-79DT,F,100,Multi-ply,S,Full Power,National
Standard,85,,,M70-79DT,F,100,Multi-ply,B,Full Power,National
Standard,117.5,,,M70-79DT,F,100,Multi-ply,D,Full Power,National
Standard,332.5,,,M70-79DT,F,100,Multi-ply,Total,Full Power,National
Standard,70,,,M70-79DT,F,100,Multi-ply,B,Single Lift,National
Standard,122.5,,,M70-79DT,F,100,Multi-ply,D,Single Lift,National
Standard,140,,,M70-79DT,F,110,Multi-ply,S,Full Power,National
Standard,90,,,M70-79DT,F,110,Multi-ply,B,Full Power,National
Standard,125,,,M70-79DT,F,110,Multi-ply,D,Full Power,National
Standard,350,,,M70-79DT,F,110,Multi-ply,Total,Full Power,National
Standard,75,,,M70-79DT,F,110,Multi-ply,B,Single Lift,National
Standard,132.5,,,M70-79DT,F,110,Multi-ply,D,Single Lift,National
Standard,150,,,M70-79DT,F,110+,Multi-ply,S,Full Power,National
Standard,92.5,,,M70-79DT,F,110+,Multi-ply,B,Full Power,National
Standard,132.5,,,M70-79DT,F,110+,Multi-ply,D,Full Power,National
Standard,367.5,,,M70-79DT,F,110+,Multi-ply,Total,Full Power,National
Standard,82.5,,,M70-79DT,F,110+,Multi-ply,B,Single Lift,National
Standard,142.5,,,M70-79DT,F,110+,Multi-ply,D,Single Lift,National
